{"_timestamp":1.741401829034118e+09,"val_loss":0.3404100300679073,"_wandb":{"runtime":21},"val_accuracy":0.8801666666666667,"epoch":20,"best_epoch":17,"best_val_loss":0.31581528292277294,"train_accuracy":0.9281296296296296,"_runtime":20.9966428,"best_val_accuracy":0.891,"best_train_loss":0.2027860513146519,"train_loss":0.19252148947586076,"_step":20,"best_train_accuracy":0.9257037037037037}