{"epoch":15,"_timestamp":1.741261676446457e+09,"best_val_accuracy":0.8858333333333334,"best_epoch":11,"_wandb":{"runtime":77},"_step":15,"_runtime":77.7990628,"train_loss":0.26601628646656256,"val_accuracy":0.883,"best_train_accuracy":0.9019074074074074,"best_train_loss":0.2802700309783552,"val_loss":0.3738348234808191,"best_val_loss":0.35560451162511086,"train_accuracy":0.9085185185185185}