{"_wandb":{"runtime":40},"best_train_accuracy":0.9334444444444444,"best_train_loss":0.17657702120518978,"epoch":20,"_timestamp":1.741379222676766e+09,"best_val_accuracy":0.894,"val_accuracy":0.8928333333333334,"best_val_loss":0.31744047714348683,"train_loss":0.16304410816144124,"val_loss":0.3310054430913017,"train_accuracy":0.9386111111111111,"best_epoch":17,"_runtime":40.683919,"_step":20}