{"best_epoch":19,"_timestamp":1.7413911346328964e+09,"best_val_loss":0.3166253710484625,"epoch":20,"best_val_accuracy":0.8943333333333333,"_wandb":{"runtime":24},"val_accuracy":0.8943333333333333,"train_loss":0.16110374189548488,"train_accuracy":0.9406851851851852,"best_train_accuracy":0.9406851851851852,"val_loss":0.3166253710484625,"_runtime":24.7008526,"best_train_loss":0.16110374189548488,"_step":20}