{"_step":32,"best_train_loss":0.11175126384978669,"test_loss":0.4261496168914553,"confusion_matrix":{"sha256":"a1bfc948e0ca873152da9de77c7d3f4af165e1b03ec25aecd216a01fcfd71c56","size":28755,"path":"media/plotly/confusion_matrix_32_a1bfc948e0ca873152da.plotly.json","_type":"plotly-file"},"_wandb":{"runtime":118},"val_accuracy":0.8925,"_timestamp":1.7414357424652379e+09,"val_loss":0.4002776754756589,"best_val_accuracy":0.8981666666666667,"train_loss":0.07042192684748835,"_runtime":118.6490297,"best_val_loss":0.3426897409144201,"best_epoch":22,"epoch":30,"train_accuracy":0.974037037037037,"test_accuracy":0.888,"best_train_accuracy":0.9589814814814814}