{"best_val_loss":0.35688556639792735,"best_epoch":12,"best_train_accuracy":0.8937407407407407,"train_loss":0.2568974537188953,"train_accuracy":0.9042037037037037,"best_val_accuracy":0.8778333333333334,"_wandb":{"runtime":23},"val_loss":0.3567554343320205,"_runtime":23.0661571,"epoch":20,"_step":20,"val_accuracy":0.8745,"_timestamp":1.741373182523639e+09,"best_train_loss":0.28853806902286805}