{"best_train_accuracy":0.9414444444444444,"best_val_loss":0.3224403093159456,"_runtime":24.9057511,"val_accuracy":0.8941666666666667,"val_loss":0.3224403093159456,"_wandb":{"runtime":24},"epoch":20,"train_loss":0.15892293378130687,"best_val_accuracy":0.8941666666666667,"_timestamp":1.741384542232608e+09,"best_epoch":19,"best_train_loss":0.15892293378130687,"train_accuracy":0.9414444444444444,"_step":20}