{"epoch":15,"val_accuracy":0.839,"val_loss":0.45624945518862786,"_runtime":81.948261,"_step":15,"best_epoch":13,"_wandb":{"runtime":81},"best_val_loss":0.4602115660434902,"train_loss":0.4513244493400888,"best_train_loss":0.460710844688335,"best_train_accuracy":0.8422037037037037,"best_val_accuracy":0.8401666666666666,"_timestamp":1.741276042794466e+09,"train_accuracy":0.8453148148148149}