{"_runtime":15.2658432,"best_val_loss":0.4120907217336545,"val_loss":0.40601345412171547,"best_val_accuracy":0.864,"_timestamp":1.74136159948299e+09,"best_epoch":3,"val_accuracy":0.8623333333333333,"epoch":5,"_step":5,"train_accuracy":0.8721111111111111,"_wandb":{"runtime":15},"best_train_accuracy":0.8721111111111111,"train_loss":0.37659210453672287,"best_train_loss":0.37151355666570385}