{"test_loss":0.3994440036060379,"test_accuracy":0.8905,"best_val_accuracy":0.8995,"best_train_loss":0.08674361455649429,"_wandb":{"runtime":193},"_runtime":193.35795,"best_val_loss":0.3600347872570272,"best_epoch":26,"best_train_accuracy":0.9677222222222223,"_step":32,"confusion_matrix":{"path":"media/plotly/confusion_matrix_32_e7ebdc432891197973ab.plotly.json","_type":"plotly-file","sha256":"e7ebdc432891197973ab4b5dcd23be4800fd6f8d4f6d1d17c920ace171a5b6b8","size":28784},"train_loss":0.07212862965922741,"val_accuracy":0.8961666666666667,"train_accuracy":0.9737962962962963,"_timestamp":1.7414349942085433e+09,"epoch":30,"val_loss":0.37664945689455903}