{"val_accuracy":0.873,"epoch":15,"train_accuracy":0.8869074074074074,"best_val_loss":0.34238705778259776,"best_train_accuracy":0.8854814814814815,"best_epoch":13,"train_loss":0.31473931913007636,"best_train_loss":0.31812937518204987,"best_val_accuracy":0.8733333333333333,"_timestamp":1.7412731635960176e+09,"_step":15,"_wandb":{"runtime":56},"val_loss":0.34088362880090195,"_runtime":56.4815592}