{"_timestamp":1.741399923356334e+09,"best_epoch":15,"_step":20,"best_train_accuracy":0.9333703703703704,"best_train_loss":0.17672013212475407,"train_accuracy":0.9419444444444445,"best_val_accuracy":0.8936666666666667,"epoch":20,"_wandb":{"runtime":65},"_runtime":65.284475,"val_loss":0.38235463797377284,"best_val_loss":0.3318958602919652,"train_loss":0.1511242846746724,"val_accuracy":0.8845}