{"best_train_accuracy":0.8661111111111112,"best_val_accuracy":0.8596666666666667,"val_loss":0.3936244244137724,"best_epoch":13,"best_val_loss":0.39202325241317704,"best_train_loss":0.3763064889521281,"val_accuracy":0.8553333333333333,"_step":15,"_timestamp":1.7412780405475404e+09,"epoch":15,"_runtime":39.1892334,"train_accuracy":0.8673333333333333,"train_loss":0.3697417158935696,"_wandb":{"runtime":39}}