{"_step":15,"train_loss":0.303361531578896,"val_loss":0.35994374310363986,"_runtime":46.5546682,"train_accuracy":0.8921851851851852,"best_val_loss":0.3444417180899932,"val_accuracy":0.8761666666666666,"best_train_accuracy":0.8886111111111111,"best_epoch":12,"_wandb":{"runtime":46},"best_train_loss":0.3126855523774341,"_timestamp":1.7412595806137552e+09,"epoch":15,"best_val_accuracy":0.8803333333333333}