{"best_val_loss":0.3041644524282815,"train_accuracy":0.939,"best_train_loss":0.22619335648771838,"_timestamp":1.741402886268481e+09,"val_loss":0.33848032564308017,"_step":20,"val_accuracy":0.8881666666666667,"_wandb":{"runtime":24},"best_val_accuracy":0.8911666666666667,"epoch":20,"best_train_accuracy":0.9164629629629629,"_runtime":24.2602081,"train_loss":0.16265830048972968,"best_epoch":10}