{"val_accuracy":0.8738333333333334,"best_val_accuracy":0.8738333333333334,"best_train_loss":0.3472802758663307,"_timestamp":1.7413660782991197e+09,"val_loss":0.35878283864456867,"train_loss":0.3472802758663307,"best_epoch":9,"train_accuracy":0.8778703703703704,"epoch":10,"_runtime":18.3655546,"best_val_loss":0.35878283864456867,"_wandb":{"runtime":18},"best_train_accuracy":0.8778703703703704,"_step":10}