{"train_loss":0.3550177488052153,"train_accuracy":0.8756296296296296,"_wandb":{"runtime":27},"best_train_accuracy":0.8737037037037036,"_step":15,"val_loss":0.37974551069205437,"best_val_loss":0.37871792429283424,"val_accuracy":0.8625,"epoch":15,"best_train_loss":0.3612846042739714,"best_epoch":12,"_timestamp":1.7412592585808966e+09,"best_val_accuracy":0.8651666666666666,"_runtime":27.4086556}