{"train_accuracy":0.8778518518518519,"train_loss":0.3443771835418315,"_wandb":{"runtime":29},"epoch":15,"best_train_loss":0.36016711176829175,"best_train_accuracy":0.8712222222222222,"best_epoch":11,"val_loss":0.3777267664972809,"_step":15,"_timestamp":1.74127743032655e+09,"best_val_loss":0.374255079689697,"best_val_accuracy":0.8676666666666667,"_runtime":29.9263789,"val_accuracy":0.8628333333333333}