{"best_epoch":11,"_wandb":{"runtime":28},"best_val_loss":0.32210556549982167,"train_accuracy":0.9310185185185185,"val_loss":0.3592172585327449,"train_loss":0.18644386337109353,"_runtime":27.9958411,"best_train_loss":0.2289746565172507,"best_train_accuracy":0.9145185185185185,"_step":20,"_timestamp":1.74140892054552e+09,"epoch":20,"best_val_accuracy":0.8921666666666667,"val_accuracy":0.8865}