{"_runtime":22.9182929,"val_loss":0.32340481827993967,"train_loss":0.19118469792108117,"val_accuracy":0.8886666666666667,"best_train_accuracy":0.9126111111111112,"best_val_loss":0.30500338926010967,"_timestamp":1.7413796052305956e+09,"best_train_loss":0.23338973625628165,"epoch":20,"_wandb":{"runtime":22},"best_val_accuracy":0.8913333333333333,"_step":20,"train_accuracy":0.9284444444444444,"best_epoch":13}