{"best_val_accuracy":0.8745,"_wandb":{"runtime":17},"train_loss":0.302622978035286,"epoch":10,"best_epoch":8,"_runtime":17.0717385,"_timestamp":1.7413661612127855e+09,"best_train_accuracy":0.8892222222222222,"best_train_loss":0.3082721869522143,"val_loss":0.3555253961910495,"val_accuracy":0.8728333333333333,"_step":10,"best_val_loss":0.35383331269891316,"train_accuracy":0.8907037037037037}