{"best_val_accuracy":0.8741666666666666,"val_accuracy":0.8703333333333333,"train_accuracy":0.889462962962963,"_wandb":{"runtime":74},"_step":15,"best_train_accuracy":0.8851851851851852,"_runtime":74.4117981,"val_loss":0.36490308276581396,"epoch":15,"best_epoch":11,"best_train_loss":0.32849477341134703,"train_loss":0.31884891993617487,"_timestamp":1.7412660367706912e+09,"best_val_loss":0.35527236972041987}