{"_runtime":9.4983116,"epoch":10,"best_epoch":9,"val_accuracy":0.8786666666666667,"_timestamp":1.7413642857341795e+09,"best_train_loss":0.2971023289464643,"_step":10,"best_val_loss":0.3389907312373754,"val_loss":0.3389907312373754,"_wandb":{"runtime":9},"train_accuracy":0.8926481481481482,"best_val_accuracy":0.8786666666666667,"best_train_accuracy":0.8926481481481482,"train_loss":0.2971023289464643}