{"_step":5,"val_accuracy":0.8525,"best_train_loss":0.4148359820178454,"train_loss":0.3955082259148091,"best_val_accuracy":0.8548333333333333,"_runtime":35.7861777,"_timestamp":1.741362008288789e+09,"best_val_loss":0.3971700700689793,"epoch":5,"best_train_accuracy":0.8557962962962963,"val_loss":0.4090397779873521,"train_accuracy":0.8613518518518518,"best_epoch":3,"_wandb":{"runtime":35}}