{"_wandb":{"runtime":18},"best_val_accuracy":0.8801666666666667,"val_accuracy":0.8801666666666667,"_timestamp":1.7412585220849948e+09,"_step":15,"best_train_loss":0.2864052199150819,"_runtime":18.602794199999998,"epoch":15,"best_epoch":14,"train_accuracy":0.8987037037037037,"train_loss":0.2864052199150819,"best_train_accuracy":0.8987037037037037,"val_loss":0.3505399857348679,"best_val_loss":0.3505399857348679}