{"best_train_accuracy":0.915425925925926,"train_loss":0.16051228556277694,"val_accuracy":0.8903333333333333,"_wandb":{"runtime":32},"best_train_loss":0.23017016632752005,"_runtime":32.6476246,"best_val_loss":0.31150854055560356,"best_val_accuracy":0.8915,"best_epoch":9,"train_accuracy":0.9396111111111111,"epoch":20,"_timestamp":1.7414023315616188e+09,"_step":20,"val_loss":0.34847670049697727}