{"best_train_accuracy":0.9191111111111111,"best_epoch":16,"epoch":20,"_timestamp":1.7414102398889241e+09,"_step":20,"train_accuracy":0.9283333333333333,"best_train_loss":0.21555980646432998,"train_loss":0.18782618267610227,"_runtime":27.6024116,"best_val_accuracy":0.8918333333333334,"val_loss":0.3261910592661918,"val_accuracy":0.8855,"_wandb":{"runtime":27},"best_val_loss":0.3036321267335097}