{"best_train_accuracy":0.924037037037037,"best_val_accuracy":0.892,"_step":20,"best_val_loss":0.3217948753321676,"val_accuracy":0.888,"_wandb":{"runtime":23},"train_loss":0.19044032611043116,"best_epoch":16,"best_train_loss":0.2073183231273251,"_timestamp":1.741393549232539e+09,"train_accuracy":0.9299814814814815,"_runtime":23.5743199,"epoch":20,"val_loss":0.3333442216633051}