{"best_val_accuracy":0.8626666666666667,"val_loss":0.45969422601228516,"best_train_loss":0.4553910323755666,"best_val_loss":0.45969422601228516,"_runtime":17.6253592,"epoch":10,"_timestamp":1.7413644894479651e+09,"best_train_accuracy":0.8562407407407407,"_wandb":{"runtime":17},"_step":10,"best_epoch":9,"train_accuracy":0.8562407407407407,"train_loss":0.4553910323755666,"val_accuracy":0.8626666666666667}