{"_runtime":60.6243536,"epoch":20,"_timestamp":1.7414048013100972e+09,"best_val_accuracy":0.8898333333333334,"val_accuracy":0.8873333333333333,"best_train_loss":0.20692233966604162,"_wandb":{"runtime":60},"train_accuracy":0.9283703703703704,"train_loss":0.19641569298771505,"val_loss":0.34644824280506753,"best_epoch":17,"best_train_accuracy":0.9241666666666667,"best_val_loss":0.34551014118167844,"_step":20}