{"best_val_loss":0.36320090064192256,"train_loss":0.16393232674011185,"_step":20,"_runtime":41.8873945,"best_train_accuracy":0.9348333333333333,"best_train_loss":0.16880642537639448,"best_val_accuracy":0.8926666666666667,"_timestamp":1.7414117999115126e+09,"val_accuracy":0.8845,"best_epoch":18,"epoch":20,"train_accuracy":0.9370185185185185,"_wandb":{"runtime":41},"val_loss":0.37098703550406814}