{"best_val_loss":0.34711055911678046,"epoch":20,"best_train_accuracy":0.9413703703703704,"best_train_loss":0.15652476892331005,"train_accuracy":0.9432407407407407,"best_val_accuracy":0.8918333333333334,"train_loss":0.15125436603810768,"val_accuracy":0.888,"_timestamp":1.7414078718700032e+09,"_runtime":63.9518942,"best_epoch":18,"_step":20,"val_loss":0.35111181242141304,"_wandb":{"runtime":63}}