{"best_train_loss":0.3461367500956921,"best_val_accuracy":0.8683333333333333,"val_loss":0.36257418765315635,"_timestamp":1.7414018557076035e+09,"train_loss":0.34245894695337087,"best_val_loss":0.3634009197302839,"_wandb":{"runtime":20},"best_epoch":18,"epoch":20,"_runtime":20.9093035,"train_accuracy":0.8787407407407407,"best_train_accuracy":0.8771111111111111,"val_accuracy":0.8673333333333333,"_step":20}