{"best_epoch":9,"_step":10,"val_accuracy":0.8741666666666666,"_runtime":82.7977232,"best_train_accuracy":0.8797777777777778,"_timestamp":1.741363076339514e+09,"val_loss":0.3539302008839302,"train_loss":0.33478706466120567,"best_train_loss":0.33478706466120567,"best_val_loss":0.3539302008839302,"train_accuracy":0.8797777777777778,"_wandb":{"runtime":82},"epoch":10,"best_val_accuracy":0.8741666666666666}