{"best_train_accuracy":0.8959444444444444,"_runtime":19.7070877,"best_val_accuracy":0.8836666666666667,"train_accuracy":0.8982222222222223,"_step":15,"best_train_loss":0.29201588420889746,"_wandb":{"runtime":19},"val_loss":0.34488980875913655,"val_accuracy":0.879,"train_loss":0.2833694858459531,"best_val_loss":0.33714579381138954,"best_epoch":12,"epoch":15,"_timestamp":1.7412547494825828e+09}