{"_timestamp":1.741364019313419e+09,"best_val_loss":0.36868796596692005,"epoch":10,"_runtime":16.5101,"val_loss":0.36868796596692005,"val_accuracy":0.8678333333333333,"train_accuracy":0.873462962962963,"best_train_loss":0.35690148913736963,"_wandb":{"runtime":16},"best_epoch":9,"_step":10,"train_loss":0.35690148913736963,"best_val_accuracy":0.8678333333333333,"best_train_accuracy":0.873462962962963}