{"_wandb":{"runtime":8},"val_loss":0.3812730109796824,"best_val_accuracy":0.8686666666666667,"epoch":5,"best_val_loss":0.3812730109796824,"_runtime":8.6869134,"val_accuracy":0.8686666666666667,"train_loss":0.3834261611639477,"best_train_accuracy":0.8670555555555556,"_step":5,"best_train_loss":0.3834261611639477,"best_epoch":4,"train_accuracy":0.8670555555555556,"_timestamp":1.7413644585117562e+09}