{"train_accuracy":0.8843518518518518,"best_train_accuracy":0.8808703703703704,"_step":10,"best_train_loss":0.33027757634902144,"train_loss":0.32122419902519445,"epoch":10,"_timestamp":1.7413640574025788e+09,"_wandb":{"runtime":33},"best_val_accuracy":0.8736666666666667,"val_accuracy":0.8675,"best_val_loss":0.34830084816114526,"val_loss":0.36717094246874293,"best_epoch":8,"_runtime":33.0223189}