{"train_accuracy":0.8891111111111111,"best_train_accuracy":0.8891111111111111,"best_val_loss":0.18843616075409605,"best_val_accuracy":0.8786666666666667,"confusion_matrix":{"size":28802,"path":"media/plotly/confusion_matrix_12_827e35d8a2e8a766999f.plotly.json","_type":"plotly-file","sha256":"827e35d8a2e8a766999f485dc198a3c3f8d371edb66f896eb420c43812885b1b"},"val_loss":0.18843616075409605,"_step":12,"test_accuracy":0.8695,"_wandb":{"runtime":346},"_runtime":346.3116742,"test_loss":0.20327021187625066,"val_accuracy":0.8786666666666667,"best_epoch":9,"best_train_loss":0.171760006844743,"epoch":10,"train_loss":0.171760006844743,"_timestamp":1.741460378320533e+09}