{"best_train_accuracy":0.8788703703703704,"train_loss":0.34371035396977295,"_runtime":28.8862283,"_step":15,"val_accuracy":0.8688333333333333,"epoch":15,"best_val_loss":0.3652184282127554,"_timestamp":1.7412676177372983e+09,"train_accuracy":0.8788703703703704,"val_loss":0.3652184282127554,"_wandb":{"runtime":28},"best_epoch":14,"best_train_loss":0.34371035396977295,"best_val_accuracy":0.8688333333333333}