{"_timestamp":1.7413895569973273e+09,"best_epoch":18,"train_loss":0.16592498116956317,"_step":20,"best_train_loss":0.1698699079539142,"_runtime":25.2572033,"val_accuracy":0.8876666666666667,"train_accuracy":0.9365185185185185,"best_val_accuracy":0.8945,"epoch":20,"val_loss":0.33462246917772176,"_wandb":{"runtime":25},"best_train_accuracy":0.9366666666666666,"best_val_loss":0.33833737333277886}