{"train_accuracy":0.8818703703703704,"best_val_accuracy":0.8733333333333333,"_timestamp":1.7413657240329406e+09,"best_train_accuracy":0.8800555555555556,"val_accuracy":0.8721666666666666,"best_epoch":8,"_step":10,"best_train_loss":0.3357707641093719,"epoch":10,"val_loss":0.3517339488275511,"_runtime":25.3415451,"best_val_loss":0.3463466286347861,"_wandb":{"runtime":25},"train_loss":0.32910533454625346}