{"val_accuracy":0.8891666666666667,"_runtime":24.985525,"best_train_loss":0.21685340516067075,"_step":20,"val_loss":0.35695481175071486,"epoch":20,"best_val_accuracy":0.893,"best_epoch":11,"train_accuracy":0.9366666666666666,"_timestamp":1.741379052355891e+09,"best_val_loss":0.3230828997247494,"train_loss":0.16525438547057944,"best_train_accuracy":0.917962962962963,"_wandb":{"runtime":25}}