{"train_accuracy":0.8848518518518519,"val_accuracy":0.8748333333333334,"_runtime":46.5547726,"confusion_matrix":{"path":"media/plotly/confusion_matrix_7_642c64a716ae5d935cdb.plotly.json","_type":"plotly-file","sha256":"642c64a716ae5d935cdba146d012ec5a1ce51367d0f07327d4d200e0ee8ade4f","size":28803},"best_val_loss":0.18557517295741532,"test_accuracy":0.8713,"best_epoch":4,"best_train_accuracy":0.8848518518518519,"epoch":5,"best_train_loss":0.1753966813694556,"val_loss":0.18557517295741532,"_timestamp":1.7414500580221846e+09,"_wandb":{"runtime":46},"best_val_accuracy":0.8748333333333334,"train_loss":0.1753966813694556,"test_loss":0.19483800911253465,"_step":7}