{"_step":10,"_timestamp":1.741362185469607e+09,"train_accuracy":0.901425925925926,"train_loss":0.2663294517319067,"val_accuracy":0.8841666666666667,"_runtime":21.4491131,"best_epoch":9,"_wandb":{"runtime":21},"best_train_loss":0.2663294517319067,"val_loss":0.32635797065483374,"epoch":10,"best_train_accuracy":0.901425925925926,"best_val_loss":0.32635797065483374,"best_val_accuracy":0.8841666666666667}