{"_timestamp":1.7413919123638506e+09,"best_val_accuracy":0.8968333333333334,"val_loss":0.3420681882054662,"_runtime":63.1847146,"train_accuracy":0.9394814814814815,"best_train_accuracy":0.9291296296296296,"best_val_loss":0.31149047303915095,"_step":20,"train_loss":0.16075491068724468,"_wandb":{"runtime":63},"val_accuracy":0.8903333333333333,"epoch":20,"best_train_loss":0.18585745661492925,"best_epoch":15}