{"_wandb":{"runtime":56},"val_loss":0.42030725699003185,"best_epoch":14,"best_train_accuracy":0.8552592592592593,"_runtime":56.4992513,"epoch":15,"best_val_accuracy":0.8491666666666666,"_timestamp":1.7412698932161162e+09,"val_accuracy":0.8491666666666666,"best_train_loss":0.41630271681050407,"_step":15,"train_loss":0.41630271681050407,"train_accuracy":0.8552592592592593,"best_val_loss":0.42030725699003185}