{"val_loss":0.3394302270658068,"best_train_loss":0.2044861328679141,"best_val_accuracy":0.8948333333333334,"epoch":20,"train_accuracy":0.9445740740740741,"best_train_accuracy":0.9233703703703704,"_step":20,"best_epoch":11,"train_loss":0.14831212134361613,"_timestamp":1.7413961663697212e+09,"best_val_loss":0.3104376655371323,"_runtime":40.063489,"val_accuracy":0.8901666666666667,"_wandb":{"runtime":40}}