{"val_loss":0.32297204055571377,"best_train_loss":0.25169253428601335,"_runtime":35.7749375,"_step":20,"train_loss":0.18735801847644618,"train_accuracy":0.9306851851851852,"epoch":20,"val_accuracy":0.8891666666666667,"best_train_accuracy":0.9056111111111111,"best_val_accuracy":0.8941666666666667,"best_val_loss":0.29756880066200325,"best_epoch":10,"_timestamp":1.7414101257297463e+09,"_wandb":{"runtime":35}}