{"best_val_loss":0.19236943305288476,"best_train_accuracy":0.8856481481481482,"_timestamp":1.7414572097058399e+09,"_step":12,"_wandb":{"runtime":49},"epoch":10,"train_accuracy":0.8918333333333334,"best_epoch":5,"confusion_matrix":{"_type":"plotly-file","sha256":"3ce22115c1dc2da5cf1d6cb0ed404445ee536240be58c3b7b5ca0c6cfcdd36b6","size":28785,"path":"media/plotly/confusion_matrix_12_3ce22115c1dc2da5cf1d.plotly.json"},"val_loss":0.19123559189094494,"_runtime":49.5519099,"test_loss":0.20053430446066586,"best_val_accuracy":0.878,"train_loss":0.16757610204606865,"best_train_loss":0.1787931362834325,"val_accuracy":0.8751666666666666,"test_accuracy":0.8699}