{"val_loss":0.3379193463868055,"best_train_accuracy":0.8928703703703704,"train_accuracy":0.8928703703703704,"_runtime":49.3310604,"best_val_accuracy":0.8808333333333334,"best_train_loss":0.2985939861794452,"best_epoch":14,"train_loss":0.2985939861794452,"val_accuracy":0.8808333333333334,"_step":15,"_wandb":{"runtime":49},"epoch":15,"_timestamp":1.7412599851135113e+09,"best_val_loss":0.3379193463868055}