{"best_train_accuracy":0.9266666666666666,"_step":20,"epoch":20,"best_train_loss":0.19264295419055247,"val_accuracy":0.8845,"train_loss":0.17414328549052868,"_wandb":{"runtime":51},"train_accuracy":0.9342592592592592,"_runtime":51.5807942,"val_loss":0.3698219518504514,"_timestamp":1.7413760568397472e+09,"best_epoch":16,"best_val_accuracy":0.8928333333333334,"best_val_loss":0.3338594219529163}