{"_step":20,"_timestamp":1.7413934414623163e+09,"best_val_loss":0.31563842210727283,"best_val_accuracy":0.8855,"best_train_loss":0.2578236094778773,"val_accuracy":0.8855,"train_accuracy":0.9057777777777778,"train_loss":0.2578236094778773,"best_epoch":19,"best_train_accuracy":0.9057777777777778,"_runtime":65.0332364,"epoch":20,"_wandb":{"runtime":65},"val_loss":0.31563842210727283}