{"train_loss":0.38447115863469394,"best_val_loss":0.3960991671670036,"val_loss":0.4014352654023667,"best_train_loss":0.3976030209078721,"best_val_accuracy":0.8558333333333333,"epoch":15,"val_accuracy":0.8545,"_timestamp":1.7412650017446997e+09,"best_train_accuracy":0.8597962962962963,"_step":15,"best_epoch":12,"_runtime":45.2595517,"train_accuracy":0.8640925925925926,"_wandb":{"runtime":45}}