{"train_accuracy":0.8946296296296297,"epoch":20,"_runtime":30.6744642,"_step":20,"train_loss":0.28273253892667394,"best_train_loss":0.2895232208216133,"best_val_loss":0.34242123722541007,"_timestamp":1.741372425083482e+09,"val_loss":0.3377324581892904,"val_accuracy":0.8773333333333333,"best_epoch":17,"best_val_accuracy":0.8776666666666667,"best_train_accuracy":0.8927777777777778,"_wandb":{"runtime":30}}