{"_wandb":{"runtime":24},"train_accuracy":0.8802962962962962,"val_accuracy":0.8716666666666667,"test_loss":0.2273851888108585,"best_val_loss":0.21984781689621744,"_runtime":24.442297,"test_accuracy":0.8679,"epoch":5,"train_loss":0.20546673829936932,"_step":7,"val_loss":0.21984781689621744,"best_epoch":4,"_timestamp":1.7414496448149161e+09,"best_train_loss":0.20546673829936932,"best_val_accuracy":0.8716666666666667,"best_train_accuracy":0.8802962962962962,"confusion_matrix":{"sha256":"985efb48c7b588cc815e4f984cc0c9a391b89b9d69eb42053d50f2b7f86be950","size":28797,"path":"media/plotly/confusion_matrix_7_985efb48c7b588cc815e.plotly.json","_type":"plotly-file"}}