{"train_accuracy":0.8753148148148148,"best_train_accuracy":0.8753148148148148,"_wandb":{"runtime":66},"_runtime":66.3144997,"train_loss":0.3467512716111007,"best_epoch":14,"val_loss":0.3629338350204432,"val_accuracy":0.8661666666666666,"_timestamp":1.7412744171828437e+09,"_step":15,"best_val_accuracy":0.8661666666666666,"best_train_loss":0.3467512716111007,"best_val_loss":0.3629338350204432,"epoch":15}