{"best_val_loss":0.2317138937452175,"best_train_accuracy":0.8618333333333333,"_runtime":99.652564,"test_loss":0.243327978118664,"val_accuracy":0.855,"val_loss":0.2317138937452175,"train_loss":0.23059623479745472,"test_accuracy":0.8487,"train_accuracy":0.8618333333333333,"_timestamp":1.7414497844688776e+09,"best_val_accuracy":0.855,"_step":7,"confusion_matrix":{"sha256":"2fd87b52aa6bfb29443ca398b1448bea5632aea6e3a6b5e841aadda6ac9f5df7","size":28787,"path":"media/plotly/confusion_matrix_7_2fd87b52aa6bfb29443c.plotly.json","_type":"plotly-file"},"_wandb":{"runtime":99},"best_train_loss":0.23059623479745472,"epoch":5,"best_epoch":4}