{"best_val_loss":0.34620603281055656,"train_accuracy":0.9008703703703703,"_timestamp":1.7412537513022738e+09,"best_val_accuracy":0.8831666666666667,"best_train_loss":0.30226354658807325,"best_train_accuracy":0.8947592592592593,"_wandb":{"runtime":45},"best_epoch":10,"val_loss":0.36693708662383046,"val_accuracy":0.8803333333333333,"epoch":15,"_step":15,"train_loss":0.2878164559510575,"_runtime":45.2452209}