{"val_loss":0.42498210417630966,"best_train_loss":0.4225235040842351,"train_loss":0.4225235040842351,"val_accuracy":0.8488333333333333,"_step":5,"best_train_accuracy":0.8526666666666667,"_runtime":7.8006091,"best_val_accuracy":0.8488333333333333,"epoch":5,"best_epoch":4,"train_accuracy":0.8526666666666667,"_timestamp":1.7413639930939572e+09,"_wandb":{"runtime":7},"best_val_loss":0.42498210417630966}