{"val_loss":0.36048128991510914,"_runtime":19.639522499999998,"best_val_loss":0.328534802261787,"train_accuracy":0.9375,"epoch":20,"val_accuracy":0.8881666666666667,"_timestamp":1.7413786990903406e+09,"train_loss":0.1667740953116459,"best_epoch":14,"_step":20,"best_train_accuracy":0.9283333333333333,"best_train_loss":0.19598536941908395,"_wandb":{"runtime":19},"best_val_accuracy":0.891}