{"train_loss":0.38596947008765814,"val_loss":0.4026887672104847,"_runtime":18.5413285,"_wandb":{"runtime":18},"best_val_accuracy":0.8585,"best_train_loss":0.39078330035660136,"val_accuracy":0.8575,"best_val_loss":0.40157494326483206,"_timestamp":1.7412577301797624e+09,"epoch":15,"_step":15,"train_accuracy":0.8653888888888889,"best_train_accuracy":0.8634074074074074,"best_epoch":13}