{"best_train_accuracy":0.915,"val_loss":0.3290350325960164,"train_loss":0.18715409299788527,"_runtime":22.8477984,"train_accuracy":0.929962962962963,"best_val_loss":0.3180613204606355,"_timestamp":1.7414040373362386e+09,"best_train_loss":0.2230148234415448,"best_val_accuracy":0.8891666666666667,"_step":20,"val_accuracy":0.8876666666666667,"epoch":20,"_wandb":{"runtime":22},"best_epoch":14}