{"best_train_accuracy":0.8212592592592592,"_runtime":45.7345719,"val_loss":0.521587471053669,"val_accuracy":0.8198333333333333,"_timestamp":1.741277189718123e+09,"epoch":15,"best_val_accuracy":0.8198333333333333,"best_epoch":14,"train_loss":0.525599993869203,"train_accuracy":0.8212592592592592,"best_train_loss":0.525599993869203,"best_val_loss":0.521587471053669,"_wandb":{"runtime":45},"_step":15}