{"train_loss":0.378375756556289,"_timestamp":1.7412538504722247e+09,"_step":15,"train_accuracy":0.8710925925925926,"best_epoch":14,"best_train_accuracy":0.8710925925925926,"best_val_accuracy":0.8643333333333333,"_runtime":26.2333018,"best_val_loss":0.40964937066386564,"val_loss":0.40964937066386564,"epoch":15,"val_accuracy":0.8643333333333333,"best_train_loss":0.378375756556289,"_wandb":{"runtime":26}}