{"best_train_loss":0.3802310424205157,"best_val_accuracy":0.8585,"train_accuracy":0.8683888888888889,"_wandb":{"runtime":26},"_runtime":25.9717967,"best_train_accuracy":0.8683888888888889,"epoch":15,"_step":15,"_timestamp":1.7412743438354595e+09,"train_loss":0.3802310424205157,"val_accuracy":0.8585,"val_loss":0.41579944031653054,"best_epoch":14,"best_val_loss":0.41579944031653054}