{"val_accuracy":0.8851666666666667,"_step":20,"val_loss":0.3678249905619095,"epoch":20,"best_val_accuracy":0.8953333333333333,"_wandb":{"runtime":32},"best_train_accuracy":0.9330555555555555,"train_accuracy":0.9398888888888889,"best_epoch":16,"_timestamp":1.741397477688344e+09,"_runtime":32.914409,"best_val_loss":0.3335031042826067,"best_train_loss":0.17577133675295642,"train_loss":0.1603702406405656}