{"val_loss":0.26660696905344544,"_timestamp":1.741448208317312e+09,"best_val_accuracy":0.838,"test_accuracy":0.8274,"val_accuracy":0.838,"train_accuracy":0.8375370370370371,"_step":12,"train_loss":0.269537034056556,"best_train_loss":0.269537034056556,"test_loss":0.27854839295944056,"_wandb":{"runtime":64},"_runtime":64.502879,"epoch":10,"confusion_matrix":{"sha256":"a0488213f404931b7b0c9e1337ad863597a1df6ade74b543b9d9c8148f7fbe5a","size":28813,"path":"media/plotly/confusion_matrix_12_a0488213f404931b7b0c.plotly.json","_type":"plotly-file"},"best_epoch":9,"best_val_loss":0.26660696905344544,"best_train_accuracy":0.8375370370370371}