{"_step":15,"best_val_accuracy":0.844,"_wandb":{"runtime":75},"_timestamp":1.7412739409194677e+09,"val_accuracy":0.7336666666666667,"best_train_accuracy":0.8317777777777777,"val_loss":1.6967654288646175,"best_val_loss":0.7447631766318206,"best_train_loss":0.5980697663815717,"best_epoch":4,"epoch":15,"train_loss":1.1471002439811424,"train_accuracy":0.7598148148148148,"_runtime":75.3460612}