{"best_train_loss":0.17167301798244755,"epoch":20,"_timestamp":1.7413893008441777e+09,"best_train_accuracy":0.9356481481481481,"best_val_loss":0.3118426425734356,"_step":20,"best_val_accuracy":0.8975,"val_accuracy":0.8953333333333333,"train_accuracy":0.9420555555555555,"val_loss":0.32868332321356625,"_wandb":{"runtime":25},"train_loss":0.15780896571270392,"best_epoch":17,"_runtime":25.2762007}