{"best_val_loss":0.3488216519583604,"_wandb":{"runtime":1014},"best_train_accuracy":0.9312777777777778,"train_accuracy":0.9358888888888889,"_timestamp":1.7414235821698747e+09,"_step":30,"train_loss":0.1681303387074092,"_runtime":1014.312198,"best_val_accuracy":0.8921666666666667,"best_epoch":24,"epoch":30,"best_train_loss":0.1799319494274794,"val_accuracy":0.8885,"val_loss":0.3628555088462615}