{"train_loss":0.21353803651842002,"val_accuracy":0.8831666666666667,"train_accuracy":0.9191296296296296,"val_loss":0.37035206791214326,"_step":20,"_runtime":48.6290616,"best_train_accuracy":0.9098518518518518,"_wandb":{"runtime":48},"best_epoch":12,"best_train_loss":0.24185513377765996,"epoch":20,"_timestamp":1.7413829004883387e+09,"best_val_loss":0.33171749071416595,"best_val_accuracy":0.894}