{"_runtime":18.4779955,"train_accuracy":0.9321481481481482,"best_train_loss":0.19684472147424228,"epoch":20,"best_val_loss":0.32114570470800147,"best_train_accuracy":0.9257777777777778,"val_loss":0.3238441404872271,"best_epoch":16,"_wandb":{"runtime":18},"train_loss":0.1801515814155917,"best_val_accuracy":0.8926666666666667,"_step":20,"val_accuracy":0.8895,"_timestamp":1.7413820253681428e+09}