{"_step":12,"_timestamp":1.7414599901023982e+09,"best_train_accuracy":0.8824444444444445,"confusion_matrix":{"_type":"plotly-file","sha256":"78361499374876f89b69079ebf5b2c82dc871330c45edbe987aac8ed1f0a315a","size":28796,"path":"media/plotly/confusion_matrix_12_78361499374876f89b69.plotly.json"},"val_loss":0.19793644768236746,"_wandb":{"runtime":44},"val_accuracy":0.8701666666666666,"train_loss":0.18753749343298068,"test_loss":0.206977335710671,"epoch":10,"best_val_loss":0.19793644768236746,"train_accuracy":0.8824444444444445,"_runtime":44.8024972,"best_train_loss":0.18753749343298068,"best_val_accuracy":0.8701666666666666,"test_accuracy":0.8669,"best_epoch":9}