{"_wandb":{"runtime":56},"test_loss":0.18631518945970504,"train_loss":0.15786237093693783,"best_val_accuracy":0.8873333333333333,"train_accuracy":0.9001851851851852,"val_loss":0.17906604046672142,"best_val_loss":0.1770418892430256,"_runtime":56.2451124,"test_accuracy":0.8814,"best_epoch":8,"best_train_loss":0.1633281130624015,"val_accuracy":0.8843333333333333,"best_train_accuracy":0.8984074074074074,"confusion_matrix":{"_type":"plotly-file","sha256":"6c532675a548ccf27a3f10f485fbcba3df8b7d2d0ea13a89dc6bb98182e6c3c4","size":28797,"path":"media/plotly/confusion_matrix_12_6c532675a548ccf27a3f.plotly.json"},"_timestamp":1.741461428143795e+09,"epoch":10,"_step":12}