{"_runtime":28.0790537,"best_val_accuracy":0.8953333333333333,"train_accuracy":0.9416851851851852,"_timestamp":1.7413803189682367e+09,"val_loss":0.32363970341998255,"_step":20,"train_loss":0.1581761672154278,"best_val_loss":0.32363970341998255,"_wandb":{"runtime":28},"best_train_accuracy":0.9416851851851852,"epoch":20,"best_epoch":19,"best_train_loss":0.1581761672154278,"val_accuracy":0.8953333333333333}