{"best_val_loss":0.3537402761685061,"_step":20,"train_loss":0.16142293806650468,"val_loss":0.3537402761685061,"best_val_accuracy":0.8923333333333333,"train_accuracy":0.9383518518518519,"val_accuracy":0.8923333333333333,"_wandb":{"runtime":43},"epoch":20,"best_train_accuracy":0.9383518518518519,"best_train_loss":0.16142293806650468,"_timestamp":1.7414020429624615e+09,"_runtime":43.4613244,"best_epoch":19}