{"_step":32,"val_accuracy":0.8961666666666667,"train_loss":0.07091585017468627,"_timestamp":1.7414346899091852e+09,"test_accuracy":0.893,"best_train_loss":0.12397512664794541,"test_loss":0.4079818479767046,"best_train_accuracy":0.9540925925925926,"_wandb":{"runtime":124},"best_val_loss":0.33173105633026334,"confusion_matrix":{"_type":"plotly-file","sha256":"419a959cc28159fbe94e94cf828db934449df27bca73fcc52c2ec334fe9b90bb","size":28773,"path":"media/plotly/confusion_matrix_32_419a959cc28159fbe94e.plotly.json"},"epoch":30,"_runtime":124.1010999,"val_loss":0.3943686806331772,"train_accuracy":0.9753703703703703,"best_epoch":20,"best_val_accuracy":0.8983333333333333}