{"val_loss":0.18792332366723788,"_timestamp":1.7414597131229804e+09,"best_epoch":8,"train_loss":0.15834891668060722,"epoch":10,"val_accuracy":0.879,"best_train_accuracy":0.8939814814814815,"test_accuracy":0.868,"confusion_matrix":{"_type":"plotly-file","sha256":"212eb0e6f40a2fa09c5128172108d50824634ec20e182013d1c6b0ef7779d540","size":28788,"path":"media/plotly/confusion_matrix_12_212eb0e6f40a2fa09c51.plotly.json"},"_step":12,"_runtime":53.8700654,"best_train_loss":0.16120871961413952,"best_val_loss":0.17745741453264194,"test_loss":0.20064487017128493,"_wandb":{"runtime":53},"train_accuracy":0.8954444444444445,"best_val_accuracy":0.88}