{"best_train_accuracy":0.9226111111111112,"best_epoch":13,"val_loss":0.3307668773191263,"best_val_loss":0.3062152321727973,"_wandb":{"runtime":45},"best_train_loss":0.20614962195624276,"best_val_accuracy":0.8945,"train_accuracy":0.9381666666666667,"epoch":20,"val_accuracy":0.8943333333333333,"_timestamp":1.741379836433951e+09,"_step":20,"_runtime":45.768338,"train_loss":0.16602512043018927}