{"_runtime":164.2639811,"_step":10,"train_accuracy":0.8608148148148148,"best_val_loss":0.4984808972561907,"epoch":10,"best_train_accuracy":0.8575185185185186,"val_loss":0.6849671317849358,"_wandb":{"runtime":164},"_timestamp":1.741369484884351e+09,"best_train_loss":0.49609883976448027,"train_loss":0.4838998935473973,"val_accuracy":0.7881666666666667,"best_val_accuracy":0.8661666666666666,"best_epoch":6}