{"best_epoch":16,"train_loss":0.16550485032084755,"best_val_accuracy":0.8933333333333333,"_wandb":{"runtime":48},"_timestamp":1.7413971695554998e+09,"val_accuracy":0.8891666666666667,"best_val_loss":0.3314009724086195,"best_train_accuracy":0.9312962962962963,"train_accuracy":0.9381666666666667,"_step":20,"val_loss":0.340496462509736,"_runtime":48.4842188,"epoch":20,"best_train_loss":0.18273311300986061}