{"best_val_loss":0.3447944064175361,"epoch":15,"val_accuracy":0.8746666666666667,"best_train_loss":0.29970079030276325,"_wandb":{"runtime":116},"val_loss":0.34430349151172435,"_step":15,"best_train_accuracy":0.8916666666666667,"_runtime":116.1426952,"train_loss":0.2943238121302461,"_timestamp":1.7412782624082983e+09,"best_val_accuracy":0.8775,"best_epoch":13,"train_accuracy":0.8922592592592593}