{"train_loss":0.2916686684756287,"best_val_accuracy":0.8795,"train_accuracy":0.8940185185185185,"best_val_loss":0.33269119672501213,"best_epoch":19,"_timestamp":1.7413830715475817e+09,"_step":20,"_wandb":{"runtime":32},"best_train_loss":0.2916686684756287,"val_loss":0.33269119672501213,"epoch":20,"val_accuracy":0.8795,"_runtime":32.7191898,"best_train_accuracy":0.8940185185185185}