{"val_accuracy":0.8671666666666666,"train_accuracy":0.8933518518518518,"val_loss":0.36504998259298693,"best_val_loss":0.3429974747061207,"epoch":15,"_step":15,"best_train_accuracy":0.8831666666666667,"_timestamp":1.741266836055443e+09,"train_loss":0.2942722763397049,"best_train_loss":0.3219606098928254,"best_epoch":9,"_wandb":{"runtime":62},"best_val_accuracy":0.8756666666666667,"_runtime":62.6334329}