{"best_val_loss":0.36323613315879416,"_runtime":128.2984246,"train_loss":0.33880376390983585,"best_epoch":14,"best_val_accuracy":0.8678333333333333,"val_accuracy":0.8678333333333333,"epoch":15,"best_train_loss":0.33880376390983585,"_step":15,"val_loss":0.36323613315879416,"best_train_accuracy":0.8801111111111111,"_timestamp":1.7412869235650318e+09,"_wandb":{"runtime":128},"train_accuracy":0.8801111111111111}