{"best_val_accuracy":0.8946666666666667,"best_train_loss":0.2020089475694382,"_runtime":55.3237926,"val_loss":0.35175577167147004,"best_epoch":13,"_step":20,"train_accuracy":0.9354074074074074,"best_val_loss":0.3343168022075458,"epoch":20,"val_accuracy":0.8915,"best_train_accuracy":0.9237037037037037,"_timestamp":1.7413894751127796e+09,"_wandb":{"runtime":55},"train_loss":0.17250092333056016}