{"val_accuracy":0.8928333333333334,"_step":20,"best_train_loss":0.15950907789960445,"best_val_loss":0.3195950635999873,"_wandb":{"runtime":24},"_timestamp":1.7413882599988453e+09,"best_epoch":19,"train_loss":0.15950907789960445,"epoch":20,"train_accuracy":0.9405555555555556,"best_val_accuracy":0.8928333333333334,"val_loss":0.3195950635999873,"best_train_accuracy":0.9405555555555556,"_runtime":24.0003524}