{"_wandb":{"runtime":44},"_step":20,"val_accuracy":0.8893333333333333,"best_train_loss":0.19905625587162398,"best_train_accuracy":0.9253518518518519,"train_accuracy":0.9375740740740741,"epoch":20,"train_loss":0.16451385883729916,"_timestamp":1.7413761085061896e+09,"best_epoch":14,"best_val_accuracy":0.8916666666666667,"val_loss":0.3216084647257342,"_runtime":44.5783326,"best_val_loss":0.3178092748296063}