{"_runtime":26.5179501,"epoch":15,"train_loss":0.3108202164209391,"_step":15,"best_val_accuracy":0.8723333333333333,"train_accuracy":0.8913888888888889,"best_train_loss":0.3194620954494278,"best_val_loss":0.3737381584169976,"best_train_accuracy":0.8882962962962963,"val_accuracy":0.8706666666666667,"_wandb":{"runtime":26},"_timestamp":1.7412522450997312e+09,"val_loss":0.37571380158002504,"best_epoch":11}