{"best_train_accuracy":0.8771666666666667,"best_val_accuracy":0.8723333333333333,"val_loss":0.3529192632656537,"best_val_loss":0.3529192632656537,"best_epoch":9,"best_train_loss":0.33957649947984875,"epoch":10,"_timestamp":1.7413636913917263e+09,"train_loss":0.33957649947984875,"_wandb":{"runtime":322},"_runtime":322.61996,"val_accuracy":0.8723333333333333,"_step":10,"train_accuracy":0.8771666666666667}