{"train_accuracy":0.9290555555555555,"train_loss":0.18893775499182153,"epoch":20,"best_val_loss":0.3185855574822288,"_timestamp":1.741406665260414e+09,"_step":20,"val_loss":0.32539861910726575,"best_train_loss":0.2019416884927509,"best_train_accuracy":0.9237592592592593,"_wandb":{"runtime":28},"best_epoch":17,"_runtime":28.4024641,"val_accuracy":0.8878333333333334,"best_val_accuracy":0.8921666666666667}