{"_runtime":26.0499467,"best_val_accuracy":0.8591666666666666,"_timestamp":1.7413712125044029e+09,"_step":20,"val_loss":0.397246148203176,"best_epoch":19,"best_train_loss":0.3887023842306383,"epoch":20,"best_train_accuracy":0.8631111111111112,"train_loss":0.3887023842306383,"val_accuracy":0.8591666666666666,"_wandb":{"runtime":26},"train_accuracy":0.8631111111111112,"best_val_loss":0.397246148203176}