{"_runtime":13.784983,"best_epoch":9,"best_val_loss":0.4582349305927394,"_wandb":{"runtime":13},"_step":10,"epoch":10,"best_val_accuracy":0.8406666666666667,"best_train_loss":0.4634975601405934,"best_train_accuracy":0.8380555555555556,"train_loss":0.4634975601405934,"_timestamp":1.741362824221073e+09,"val_accuracy":0.8406666666666667,"train_accuracy":0.8380555555555556,"val_loss":0.4582349305927394}