{"_wandb":{"runtime":24},"train_accuracy":0.9418333333333333,"best_val_loss":0.3368435418895139,"best_val_accuracy":0.8953333333333333,"_step":20,"best_train_loss":0.15668812530886694,"_runtime":23.9973453,"val_accuracy":0.8953333333333333,"best_epoch":19,"_timestamp":1.7414006954340005e+09,"val_loss":0.3368435418895139,"train_loss":0.15668812530886694,"best_train_accuracy":0.9418333333333333,"epoch":20}