{"best_val_accuracy":0.8938333333333334,"best_train_loss":0.18205786097633098,"val_accuracy":0.8911666666666667,"epoch":20,"best_epoch":16,"train_loss":0.16535586841341968,"_step":20,"_wandb":{"runtime":46},"best_val_loss":0.3353449773374997,"best_train_accuracy":0.9307592592592593,"_timestamp":1.7414092213961978e+09,"_runtime":46.2395548,"val_loss":0.33325960233574375,"train_accuracy":0.9379259259259259}