{"val_accuracy":0.8668333333333333,"_timestamp":1.7412830120622087e+09,"val_loss":0.3720280455740794,"best_val_accuracy":0.8668333333333333,"_step":15,"_runtime":726.3982851,"best_val_loss":0.3720280455740794,"best_train_accuracy":0.8739074074074074,"best_epoch":14,"best_train_loss":0.35565079409218514,"train_loss":0.35565079409218514,"train_accuracy":0.8739074074074074,"epoch":15,"_wandb":{"runtime":726}}