{"val_accuracy":0.8853333333333333,"_timestamp":1.7414098954381337e+09,"_wandb":{"runtime":25},"train_accuracy":0.9302407407407407,"best_train_accuracy":0.929074074074074,"best_epoch":18,"best_val_loss":0.3374989926910898,"best_train_loss":0.1920862792026643,"epoch":20,"val_loss":0.3357703472847547,"_runtime":25.2957477,"train_loss":0.18873186661204225,"best_val_accuracy":0.889,"_step":20}