{"val_accuracy":0.881,"best_train_accuracy":0.9142962962962963,"train_accuracy":0.9148148148148149,"_wandb":{"runtime":19},"best_val_accuracy":0.8885,"_timestamp":1.7414072246671188e+09,"best_train_loss":0.23372190059525827,"best_epoch":18,"train_loss":0.22906645054070054,"best_val_loss":0.3166610512405176,"_step":20,"val_loss":0.33714328888899553,"_runtime":19.9006064,"epoch":20}