{"val_loss":0.33087592502326824,"epoch":20,"_wandb":{"runtime":23},"val_accuracy":0.8903333333333333,"_timestamp":1.7413788529768527e+09,"_step":20,"train_loss":0.18767337104645818,"best_train_accuracy":0.9274259259259259,"train_accuracy":0.9295555555555556,"best_val_loss":0.31563088301286235,"_runtime":23.3754307,"best_epoch":18,"best_train_loss":0.19463522924145749,"best_val_accuracy":0.892}