{"best_train_accuracy":0.8887592592592592,"best_val_accuracy":0.8783333333333333,"_timestamp":1.741368121657755e+09,"_step":10,"best_epoch":8,"best_train_loss":0.3048526699289934,"train_loss":0.2983224364929947,"_wandb":{"runtime":15},"val_loss":0.3437589004732691,"_runtime":15.1063719,"train_accuracy":0.8905925925925926,"best_val_loss":0.3321093036503349,"epoch":10,"val_accuracy":0.8726666666666667}