{"_timestamp":1.741383708244984e+09,"epoch":20,"_step":20,"best_train_loss":0.1904524147282079,"best_train_accuracy":0.927537037037037,"best_val_loss":0.3059964660482026,"_wandb":{"runtime":24},"val_loss":0.3059964660482026,"val_accuracy":0.8948333333333334,"best_epoch":19,"train_accuracy":0.927537037037037,"train_loss":0.1904524147282079,"best_val_accuracy":0.8948333333333334,"_runtime":24.0279878}