{"_step":20,"epoch":20,"best_epoch":12,"_runtime":24.3552155,"best_val_accuracy":0.8791666666666667,"_timestamp":1.7414019554751976e+09,"best_train_accuracy":0.8946111111111111,"best_train_loss":0.2954007960167886,"val_accuracy":0.8735,"val_loss":0.35739540266681913,"_wandb":{"runtime":24},"train_loss":0.27349997488220473,"train_accuracy":0.9023333333333333,"best_val_loss":0.34066478200537376}