{"best_train_accuracy":0.8458703703703704,"val_accuracy":0.8421666666666666,"best_val_accuracy":0.8426666666666667,"_runtime":21.8983043,"_timestamp":1.7412785628880672e+09,"best_val_loss":0.44009168522837216,"train_loss":0.4364983883038393,"val_loss":0.4437280246203223,"epoch":15,"best_train_loss":0.44107912513872477,"best_epoch":13,"_step":15,"_wandb":{"runtime":21},"train_accuracy":0.8483703703703703}