{"epoch":10,"best_epoch":9,"_timestamp":1.741370039702397e+09,"train_accuracy":0.8721481481481481,"_wandb":{"runtime":31},"best_val_loss":0.43589736061621964,"_runtime":31.1331575,"val_loss":0.43589736061621964,"best_val_accuracy":0.87,"best_train_loss":0.41949109207135327,"train_loss":0.41949109207135327,"_step":10,"val_accuracy":0.87,"best_train_accuracy":0.8721481481481481}