{"_wandb":{"runtime":35},"best_train_loss":0.19579125636092157,"val_loss":0.34269401757859,"best_epoch":15,"train_accuracy":0.9344814814814815,"val_accuracy":0.892,"epoch":20,"_runtime":35.7553409,"_timestamp":1.741391742016084e+09,"best_val_accuracy":0.8921666666666667,"best_val_loss":0.3286108704027005,"_step":20,"train_loss":0.17215656315906464,"best_train_accuracy":0.9256111111111112}