{"epoch":30,"_runtime":170.413198,"_timestamp":1.7414667100959659e+09,"best_epoch":23,"best_train_loss":0.1314339433628343,"train_accuracy":0.9367962962962963,"test_accuracy":0.89,"val_loss":0.16795352240568953,"val_accuracy":0.8911666666666667,"_wandb":{"runtime":170},"best_val_accuracy":0.8958333333333334,"test_loss":0.17180185537186052,"best_val_loss":0.16454983816197832,"train_loss":0.11185299480587985,"_step":32,"confusion_matrix":{"path":"media/plotly/confusion_matrix_32_ec819b007ed504fc5ca3.plotly.json","_type":"plotly-file","sha256":"ec819b007ed504fc5ca363d80449c48ac02da974f7dec93635c8e2e283647e73","size":28761},"best_train_accuracy":0.9243148148148148}