{"best_epoch":18,"val_loss":0.34345492663541305,"_timestamp":1.7413776013835711e+09,"train_accuracy":0.9447222222222222,"best_val_accuracy":0.8971666666666667,"best_train_loss":0.15377693158899458,"best_val_loss":0.319297954491359,"_wandb":{"runtime":42},"val_accuracy":0.8963333333333333,"best_train_accuracy":0.9423518518518519,"epoch":20,"_runtime":42.5161933,"_step":20,"train_loss":0.14799853493737777}