{"best_epoch":24,"_step":30,"train_accuracy":0.961925925925926,"train_loss":0.1004766840822544,"val_accuracy":0.8915,"best_train_loss":0.1254228714539579,"_runtime":98.0234495,"_timestamp":1.7414278292215524e+09,"best_val_loss":0.3585644245986932,"val_loss":0.3938156562636558,"_wandb":{"runtime":98},"best_val_accuracy":0.8971666666666667,"best_train_accuracy":0.9531481481481482,"epoch":30}