{"val_loss":0.39572534755829974,"_runtime":34.1357826,"train_loss":0.3489412770342527,"best_epoch":9,"epoch":10,"_timestamp":1.7413652244640975e+09,"best_val_accuracy":0.8638333333333333,"val_accuracy":0.8638333333333333,"train_accuracy":0.8781851851851852,"_wandb":{"runtime":34},"best_train_loss":0.3489412770342527,"_step":10,"best_train_accuracy":0.8781851851851852,"best_val_loss":0.39572534755829974}