{"val_accuracy":0.8825,"train_loss":0.21258996820684503,"_step":20,"best_val_loss":0.33998617000412495,"best_train_accuracy":0.9117962962962963,"best_train_loss":0.23889409295678918,"best_val_accuracy":0.8841666666666667,"_timestamp":1.7413734519098504e+09,"train_accuracy":0.9211111111111111,"best_epoch":14,"epoch":20,"val_loss":0.34080609972278514,"_runtime":18.9047514,"_wandb":{"runtime":18}}