{"best_val_accuracy":0.8938333333333334,"train_accuracy":0.9426851851851852,"best_val_loss":0.3061346280109725,"best_train_accuracy":0.9222592592592592,"_timestamp":1.741409049390907e+09,"_wandb":{"runtime":55},"best_train_loss":0.20846578187844259,"_runtime":55.2540148,"best_epoch":11,"train_loss":0.15377747153098292,"epoch":20,"_step":20,"val_accuracy":0.8925,"val_loss":0.3533288417394452}