{"_step":15,"best_val_loss":0.5411774598299728,"best_train_accuracy":0.8155,"train_accuracy":0.8155,"best_train_loss":0.5496088586778075,"train_loss":0.5496088586778075,"val_loss":0.5411774598299728,"val_accuracy":0.814,"_timestamp":1.7412694204438293e+09,"best_epoch":14,"_wandb":{"runtime":37},"best_val_accuracy":0.814,"_runtime":37.2510823,"epoch":15}