{"val_accuracy":0.8775,"_wandb":{"runtime":28},"best_val_loss":0.33535602284980814,"epoch":20,"best_val_accuracy":0.8793333333333333,"train_loss":0.29491956091043425,"best_train_loss":0.3035802827058545,"_runtime":28.211661,"best_train_accuracy":0.8907407407407407,"best_epoch":17,"train_accuracy":0.8934814814814814,"_timestamp":1.741396202391729e+09,"val_loss":0.33761108496328196,"_step":20}