{"val_loss":0.34264864196049005,"best_train_loss":0.2016038846275745,"_runtime":31.4272945,"_step":20,"best_val_accuracy":0.8935,"train_loss":0.1787398035158282,"best_train_accuracy":0.9242592592592592,"epoch":20,"val_accuracy":0.8888333333333334,"_wandb":{"runtime":31},"_timestamp":1.7413819997410743e+09,"train_accuracy":0.9325740740740741,"best_val_loss":0.31251061714788414,"best_epoch":15}