{"_wandb":{"runtime":23},"best_val_accuracy":0.8918333333333334,"best_epoch":14,"val_accuracy":0.8876666666666667,"best_val_loss":0.31128274439207726,"_step":20,"train_accuracy":0.917537037037037,"_runtime":23.6667405,"best_train_accuracy":0.9072777777777777,"_timestamp":1.7414033925912907e+09,"val_loss":0.3174814032028705,"epoch":20,"best_train_loss":0.24616995235456982,"train_loss":0.21873330996117715}