{"_step":20,"best_val_accuracy":0.8893333333333333,"train_loss":0.17179070835652652,"val_accuracy":0.8856666666666667,"_timestamp":1.7413990750143244e+09,"best_val_loss":0.32649984081674477,"best_train_accuracy":0.9134814814814814,"_wandb":{"runtime":46},"train_accuracy":0.9351296296296296,"val_loss":0.3648066080407771,"_runtime":46.3630636,"best_epoch":10,"epoch":20,"best_train_loss":0.2279858932043023}