{"best_val_accuracy":0.8763333333333333,"_wandb":{"runtime":27},"train_loss":0.31842579990832154,"best_epoch":8,"best_train_accuracy":0.8842222222222222,"best_val_loss":0.34991861899359455,"best_train_loss":0.3263553814069611,"_runtime":27.2209418,"val_loss":0.3657497428823211,"_step":10,"train_accuracy":0.8863888888888889,"epoch":10,"_timestamp":1.7413632084073997e+09,"val_accuracy":0.8686666666666667}