{"_timestamp":1.7412512568566315e+09,"_runtime":23.9516775,"_step":15,"best_train_accuracy":0.7143518518518519,"best_epoch":14,"epoch":15,"train_accuracy":0.7143518518518519,"val_accuracy":0.7341666666666666,"best_val_loss":0.9001572615784521,"best_val_accuracy":0.7341666666666666,"_wandb":{"runtime":23},"val_loss":0.9001572615784521,"train_loss":0.9266591664664277,"best_train_loss":0.9266591664664277}