{"_runtime":30.1800885,"epoch":15,"best_epoch":7,"best_val_accuracy":0.867,"best_train_accuracy":0.8585185185185186,"train_accuracy":0.8574074074074074,"_step":15,"val_loss":0.4814904576795372,"best_val_loss":0.4385792529351831,"_timestamp":1.7412703509864786e+09,"val_accuracy":0.8568333333333333,"train_loss":0.461057168358774,"best_train_loss":0.43238681125220985,"_wandb":{"runtime":30}}