{"best_val_accuracy":0.8931666666666667,"train_accuracy":0.9396666666666667,"best_epoch":19,"val_accuracy":0.8931666666666667,"_step":20,"best_train_accuracy":0.9396666666666667,"train_loss":0.16027239267454646,"_timestamp":1.7414079193543863e+09,"_runtime":33.1639354,"val_loss":0.3419369928240516,"best_train_loss":0.16027239267454646,"best_val_loss":0.3419369928240516,"_wandb":{"runtime":33},"epoch":20}