{"val_accuracy":0.8923333333333333,"best_train_loss":0.18719513505568602,"best_epoch":13,"best_train_accuracy":0.9291296296296296,"_runtime":42.1050841,"best_val_accuracy":0.8933333333333333,"train_loss":0.14705060134307504,"train_accuracy":0.9450185185185185,"_timestamp":1.741394705503256e+09,"val_loss":0.34141929299689483,"best_val_loss":0.31266473114583043,"_wandb":{"runtime":42},"_step":20,"epoch":20}