{"val_loss":0.3530938880548086,"_wandb":{"runtime":12},"best_train_accuracy":0.8928518518518519,"best_val_loss":0.3530938880548086,"train_loss":0.30149303962630897,"best_val_accuracy":0.8791666666666667,"epoch":10,"best_train_loss":0.30149303962630897,"best_epoch":9,"train_accuracy":0.8928518518518519,"val_accuracy":0.8791666666666667,"_timestamp":1.741364786918548e+09,"_step":10,"_runtime":12.708499100000001}