{"val_accuracy":0.8958333333333334,"best_val_accuracy":0.8958333333333334,"best_train_loss":0.18627559114717787,"_step":20,"epoch":20,"_runtime":27.1562103,"best_val_loss":0.3166547341425523,"val_loss":0.3166547341425523,"train_loss":0.18627559114717787,"best_train_accuracy":0.9298703703703703,"_timestamp":1.7413811568513591e+09,"train_accuracy":0.9298703703703703,"best_epoch":19,"_wandb":{"runtime":27}}