{"val_loss":0.5411795834594132,"_timestamp":1.741364268905622e+09,"epoch":10,"_wandb":{"runtime":24},"val_accuracy":0.8031666666666667,"_step":10,"best_epoch":9,"best_train_accuracy":0.8008148148148149,"best_train_loss":0.551835046246422,"train_loss":0.551835046246422,"best_val_accuracy":0.8031666666666667,"best_val_loss":0.5411795834594132,"_runtime":24.2265722,"train_accuracy":0.8008148148148149}