{"train_accuracy":0.8785925925925926,"best_train_loss":0.3486561025310875,"_runtime":195.5124715,"best_val_loss":0.36715196391303995,"train_loss":0.34318832454036435,"best_val_accuracy":0.8675,"val_accuracy":0.8596666666666667,"epoch":15,"best_train_accuracy":0.8769259259259259,"val_loss":0.38419589210844485,"best_epoch":13,"_timestamp":1.741256858654986e+09,"_step":15,"_wandb":{"runtime":195}}