{"best_val_loss":0.46877871020074635,"_step":15,"val_loss":0.46877871020074635,"best_val_accuracy":0.8341666666666666,"epoch":15,"best_train_loss":0.4716823793674794,"_runtime":102.9077068,"_wandb":{"runtime":102},"best_epoch":14,"train_loss":0.4716823793674794,"best_train_accuracy":0.8351111111111111,"val_accuracy":0.8341666666666666,"train_accuracy":0.8351111111111111,"_timestamp":1.7412808885354788e+09}