{"best_train_loss":0.20583714820180402,"_step":20,"val_accuracy":0.8871666666666667,"val_loss":0.33489645874978413,"train_loss":0.17811622712835634,"best_val_accuracy":0.8925,"_timestamp":1.741383506227367e+09,"train_accuracy":0.9321666666666667,"best_epoch":14,"epoch":20,"best_val_loss":0.31462900607887023,"_wandb":{"runtime":19},"best_train_accuracy":0.9221111111111111,"_runtime":19.4024455}