{"val_loss":0.3400036135656638,"best_val_loss":0.34229966549286445,"best_val_accuracy":0.8793333333333333,"best_train_accuracy":0.8840740740740741,"best_epoch":6,"_runtime":10.7263157,"_wandb":{"runtime":10},"_timestamp":1.7413653021357777e+09,"train_loss":0.3004029158863633,"_step":10,"val_accuracy":0.8733333333333333,"train_accuracy":0.8908888888888888,"best_train_loss":0.3234978112643496,"epoch":10}