{"_step":20,"val_accuracy":0.892,"_runtime":49.2091088,"best_val_accuracy":0.8931666666666667,"best_train_loss":0.18121447576817,"train_loss":0.17259883506150941,"epoch":20,"_wandb":{"runtime":49},"train_accuracy":0.9341666666666667,"best_train_accuracy":0.9312777777777778,"val_loss":0.3539760871111894,"best_val_loss":0.3427048176876289,"_timestamp":1.7413986902791398e+09,"best_epoch":17}