{"train_accuracy":0.8812222222222222,"best_train_loss":0.3412015789162512,"best_epoch":12,"_timestamp":1.741272045056775e+09,"_step":15,"best_train_accuracy":0.8793703703703704,"epoch":15,"val_loss":0.4152010392689649,"val_accuracy":0.8671666666666666,"best_val_accuracy":0.8715,"best_val_loss":0.3890106958265876,"_runtime":60.8572868,"train_loss":0.33715244446041753,"_wandb":{"runtime":60}}