{"epoch":20,"best_val_loss":0.3102004961742075,"_runtime":57.5375128,"best_val_accuracy":0.8953333333333333,"best_train_accuracy":0.9274074074074075,"val_loss":0.34620853083679776,"_wandb":{"runtime":57},"train_accuracy":0.9416481481481481,"train_loss":0.15364083906805173,"val_accuracy":0.8911666666666667,"_step":20,"best_epoch":13,"_timestamp":1.7414032933254187e+09,"best_train_loss":0.19184822707070673}