{"best_train_loss":0.18988129778885404,"val_loss":0.3651486573627009,"best_val_loss":0.34021815024584945,"best_val_accuracy":0.8926666666666667,"best_epoch":18,"_timestamp":1.7413960065970144e+09,"train_loss":0.18161610262884578,"_wandb":{"runtime":19},"_step":20,"best_train_accuracy":0.9292962962962963,"_runtime":19.8181155,"train_accuracy":0.9311851851851852,"val_accuracy":0.8818333333333334,"epoch":20}