{"best_train_accuracy":0.8690925925925926,"best_epoch":12,"_timestamp":1.7412625839961293e+09,"_runtime":82.4913952,"best_val_loss":0.4507192934150669,"best_val_accuracy":0.8643333333333333,"train_accuracy":0.870462962962963,"val_loss":0.4928483794827327,"best_train_loss":0.4271769250432282,"val_accuracy":0.8616666666666667,"epoch":15,"train_loss":0.429856891369437,"_step":15,"_wandb":{"runtime":82}}