{"train_accuracy":0.8480925925925926,"best_val_loss":0.4540925452861206,"best_val_accuracy":0.8398333333333333,"_step":15,"_wandb":{"runtime":20},"epoch":15,"val_loss":0.4477514726274229,"val_accuracy":0.839,"train_loss":0.44138972024656226,"best_epoch":12,"_runtime":20.4104718,"best_train_accuracy":0.8412037037037037,"best_train_loss":0.45716371036939013,"_timestamp":1.7412533210384579e+09}