{"best_epoch":14,"_runtime":22.3873297,"best_val_accuracy":0.8813333333333333,"_step":20,"val_loss":0.3391864679922473,"_timestamp":1.7413850628750887e+09,"_wandb":{"runtime":22},"best_val_loss":0.3263732935250065,"train_accuracy":0.9124814814814814,"best_train_accuracy":0.9053333333333333,"train_loss":0.23591383994727683,"best_train_loss":0.257549170189864,"val_accuracy":0.8803333333333333,"epoch":20}