{"best_val_accuracy":0.8838333333333334,"_runtime":123.770375,"_step":12,"val_accuracy":0.8811666666666667,"_timestamp":1.7414551657280505e+09,"train_accuracy":0.9069444444444444,"best_train_accuracy":0.9001111111111111,"train_loss":0.1424457601904074,"confusion_matrix":{"_type":"plotly-file","sha256":"62893611a4475550d6208cab805839304a7eea8524610ed29f462640afe1b8b5","size":28801,"path":"media/plotly/confusion_matrix_12_62893611a4475550d620.plotly.json"},"best_epoch":6,"test_accuracy":0.8789,"_wandb":{"runtime":123},"test_loss":0.18513934562122775,"best_val_loss":0.17407516246307192,"epoch":10,"best_train_loss":0.15408503702369447,"val_loss":0.1798338782522475}