{"best_train_accuracy":0.931,"train_loss":0.18324582099854486,"best_val_accuracy":0.8918333333333334,"_wandb":{"runtime":26},"best_epoch":19,"val_loss":0.33016151797035276,"best_val_loss":0.33016151797035276,"_timestamp":1.7414093555669425e+09,"train_accuracy":0.931,"epoch":20,"val_accuracy":0.8918333333333334,"best_train_loss":0.18324582099854486,"_step":20,"_runtime":26.9399885}