{"_timestamp":1.7414351899886615e+09,"val_loss":0.34439255254315443,"val_accuracy":0.8898333333333334,"test_loss":0.3693521827556281,"best_train_loss":0.19520807187610242,"test_accuracy":0.8839,"_step":22,"best_train_accuracy":0.9275185185185185,"best_epoch":13,"_runtime":46.5666945,"train_loss":0.15433133123671164,"_wandb":{"runtime":46},"train_accuracy":0.9435370370370371,"best_val_accuracy":0.8921666666666667,"epoch":20,"confusion_matrix":{"size":28768,"path":"media/plotly/confusion_matrix_22_f22795296b4e822cc7a0.plotly.json","_type":"plotly-file","sha256":"f22795296b4e822cc7a005de6a04757446ee9f26754f7f0b47e41ef6e1df090d"},"best_val_loss":0.31692986311400134}