{"val_accuracy":0.8926666666666667,"best_val_loss":0.31544057201295606,"best_train_accuracy":0.9378333333333333,"_timestamp":1.741380497701088e+09,"train_accuracy":0.940462962962963,"_wandb":{"runtime":23},"epoch":20,"best_epoch":18,"best_val_accuracy":0.8958333333333334,"train_loss":0.1606580017926575,"_step":20,"best_train_loss":0.1682476748931543,"val_loss":0.32728265343325913,"_runtime":23.8275641}