{"epoch":20,"train_loss":0.2982719342361872,"best_val_loss":0.37597191628696053,"_timestamp":1.741372257568556e+09,"best_val_accuracy":0.8731666666666666,"_runtime":58.8671081,"best_train_accuracy":0.8906111111111111,"val_accuracy":0.8663333333333333,"val_loss":0.37495413408607525,"_step":20,"best_epoch":15,"train_accuracy":0.8916851851851851,"best_train_loss":0.3050439647442621,"_wandb":{"runtime":58}}