{"epoch":20,"_wandb":{"runtime":18},"train_loss":0.17838743747848462,"train_accuracy":0.9337592592592593,"_runtime":18.2746655,"val_loss":0.3500853975655488,"_step":20,"best_epoch":17,"val_accuracy":0.8881666666666667,"best_val_loss":0.3363657958366927,"_timestamp":1.7414066968953054e+09,"best_val_accuracy":0.8921666666666667,"best_train_loss":0.1891206533991312,"best_train_accuracy":0.9292777777777778}