{"best_train_accuracy":0.9402222222222222,"val_accuracy":0.8953333333333333,"train_accuracy":0.9402222222222222,"best_train_loss":0.15797376425362558,"_wandb":{"runtime":33},"best_val_loss":0.33573772049802825,"epoch":20,"val_loss":0.33573772049802825,"_timestamp":1.7413840219572847e+09,"train_loss":0.15797376425362558,"_step":20,"best_epoch":19,"_runtime":32.9821296,"best_val_accuracy":0.8953333333333333}