{"epoch":10,"best_train_loss":0.17937341048950545,"test_loss":0.1938088960337304,"_runtime":331.1113145,"train_accuracy":0.8802222222222222,"confusion_matrix":{"_type":"plotly-file","sha256":"120022868d4faf71d0a6ae029cdb3cff5d2992329a3d0a918406f1ce2fb290f3","size":28781,"path":"media/plotly/confusion_matrix_12_120022868d4faf71d0a6.plotly.json"},"test_accuracy":0.8675,"val_accuracy":0.8735,"_timestamp":1.7414493635906806e+09,"best_val_accuracy":0.8735,"val_loss":0.1875242104514995,"_wandb":{"runtime":331},"best_train_accuracy":0.8802222222222222,"best_epoch":9,"best_val_loss":0.1875242104514995,"_step":12,"train_loss":0.17937341048950545}