{"val_loss":0.3769107241684663,"train_loss":0.3330944733709884,"best_epoch":12,"_timestamp":1.7412601076796792e+09,"best_val_accuracy":0.8648333333333333,"train_accuracy":0.8792962962962962,"val_accuracy":0.862,"epoch":15,"best_train_accuracy":0.8744814814814815,"best_val_loss":0.37745170792314425,"_wandb":{"runtime":43},"best_train_loss":0.34535282843293547,"_runtime":43.5892393,"_step":15}