{"_runtime":39.3142763,"train_accuracy":0.9381481481481482,"best_train_loss":0.17844408725823618,"_step":20,"val_loss":0.3276816406187733,"best_train_accuracy":0.9332222222222222,"train_loss":0.16176641528294297,"epoch":20,"_timestamp":1.7413854363930428e+09,"best_val_accuracy":0.8943333333333333,"best_epoch":16,"best_val_loss":0.32043830781721205,"val_accuracy":0.8936666666666667,"_wandb":{"runtime":39}}