{"epoch":20,"best_train_accuracy":0.9387037037037037,"_runtime":32.7938683,"val_loss":0.35221425913469573,"best_epoch":17,"_step":20,"best_train_loss":0.16470067839503136,"best_val_loss":0.3387938623426738,"_wandb":{"runtime":32},"train_accuracy":0.9423333333333334,"_timestamp":1.7413842362161953e+09,"val_accuracy":0.8875,"best_val_accuracy":0.894,"train_loss":0.15380219644484516}