{"_timestamp":1.7413787771232474e+09,"best_epoch":13,"best_val_accuracy":0.8926666666666667,"val_accuracy":0.889,"val_loss":0.3688013481624433,"epoch":20,"_wandb":{"runtime":22},"train_accuracy":0.9416851851851852,"_step":20,"best_train_loss":0.19226478726719579,"_runtime":22.2107384,"train_loss":0.15460960831511164,"best_val_loss":0.33811223238818017,"best_train_accuracy":0.9285740740740741}