{"best_epoch":6,"best_train_loss":0.34532443214463354,"val_loss":0.5192634847171823,"train_loss":0.3548519029165609,"val_accuracy":0.8578333333333333,"best_val_loss":0.3623954984402628,"train_accuracy":0.8789444444444444,"_runtime":69.0260649,"_step":10,"_wandb":{"runtime":69},"epoch":10,"_timestamp":1.7413693929195938e+09,"best_val_accuracy":0.8733333333333333,"best_train_accuracy":0.8811666666666667}