{"best_train_accuracy":0.9280555555555555,"_runtime":23.8026763,"_timestamp":1.7413812942473152e+09,"best_val_loss":0.32657261819253414,"val_accuracy":0.8891666666666667,"best_val_accuracy":0.8891666666666667,"_step":20,"train_accuracy":0.9280555555555555,"_wandb":{"runtime":23},"train_loss":0.1926301241143814,"best_train_loss":0.1926301241143814,"best_epoch":19,"val_loss":0.32657261819253414,"epoch":20}