{"best_val_accuracy":0.8911666666666667,"_step":20,"best_train_accuracy":0.9120555555555555,"_timestamp":1.7414060781237087e+09,"_wandb":{"runtime":28},"val_accuracy":0.8873333333333333,"val_loss":0.3278915526679129,"train_accuracy":0.929,"best_val_loss":0.3071662366857206,"_runtime":28.1649711,"best_epoch":13,"best_train_loss":0.2330904958031308,"epoch":20,"train_loss":0.19117328592256191}