{"best_val_loss":0.3572296144650154,"_timestamp":1.7412744809917405e+09,"train_loss":0.338001524645357,"val_accuracy":0.8698333333333333,"train_accuracy":0.8794074074074074,"_runtime":56.0071283,"best_val_accuracy":0.8715,"best_train_loss":0.3442884843668745,"_step":15,"best_epoch":13,"best_train_accuracy":0.8769074074074074,"_wandb":{"runtime":56},"val_loss":0.3604951057050845,"epoch":15}