{"epoch":10,"_step":12,"val_accuracy":0.8596666666666667,"val_loss":0.20310942923612185,"_runtime":33.9183959,"test_loss":0.20552669299645618,"train_accuracy":0.8863148148148148,"confusion_matrix":{"path":"media/plotly/confusion_matrix_12_8424352063fb6bfb2a2c.plotly.json","_type":"plotly-file","sha256":"8424352063fb6bfb2a2cc29dad01dccf53459023d665a0236d4b4fc41f7052c2","size":28796},"best_train_accuracy":0.8819074074074074,"train_loss":0.1711823324241675,"test_accuracy":0.8609,"best_val_accuracy":0.8691666666666666,"best_val_loss":0.19058549996494586,"best_train_loss":0.17652526568186974,"best_epoch":7,"_wandb":{"runtime":33},"_timestamp":1.7414511259452786e+09}