{"_step":20,"best_train_accuracy":0.9336666666666666,"best_val_loss":0.3025765622264595,"train_loss":0.16668042941505198,"_runtime":47.3791931,"best_epoch":18,"best_train_loss":0.1742124661984844,"epoch":20,"val_accuracy":0.8905,"_wandb":{"runtime":47},"val_loss":0.328746481032569,"best_val_accuracy":0.8986666666666666,"train_accuracy":0.9364814814814815,"_timestamp":1.74138171327038e+09}