{"best_train_loss":0.20265696212752032,"train_accuracy":0.9323703703703704,"_runtime":22.6553223,"val_accuracy":0.8888333333333334,"train_loss":0.18193957800799665,"epoch":20,"best_val_accuracy":0.893,"_wandb":{"runtime":22},"best_val_loss":0.3074269619928381,"best_epoch":16,"_timestamp":1.7413821266192935e+09,"best_train_accuracy":0.9241666666666667,"_step":20,"val_loss":0.32668763024751246}