{"best_train_loss":0.1631634533945176,"train_accuracy":0.9418518518518518,"best_val_loss":0.3161266393990406,"best_epoch":18,"_timestamp":1.7413786654441862e+09,"epoch":20,"val_loss":0.3228113914377867,"train_loss":0.15576545403637032,"best_val_accuracy":0.8973333333333333,"_wandb":{"runtime":28},"_step":20,"val_accuracy":0.8945,"_runtime":28.1084282,"best_train_accuracy":0.9383888888888889}