{"best_val_accuracy":0.894,"_runtime":37.0771932,"val_accuracy":0.8883333333333333,"train_accuracy":0.9391851851851852,"train_loss":0.15776120599678353,"val_loss":0.35654581370510413,"_wandb":{"runtime":37},"epoch":20,"best_val_loss":0.30101437049837454,"_timestamp":1.741393010218532e+09,"_step":20,"best_epoch":10,"best_train_accuracy":0.9174444444444444,"best_train_loss":0.22083893657864323}