{"best_val_loss":0.31087153505399384,"_timestamp":1.7413879622358656e+09,"train_accuracy":0.9429814814814815,"_step":20,"best_epoch":12,"best_train_accuracy":0.9232222222222223,"best_val_accuracy":0.8946666666666667,"epoch":20,"val_accuracy":0.8921666666666667,"train_loss":0.15582709962511843,"_wandb":{"runtime":56},"_runtime":56.8090505,"best_train_loss":0.20289126974405278,"val_loss":0.3445019610454268}