{"best_train_loss":0.17575238678225874,"best_epoch":17,"train_accuracy":0.9386481481481481,"val_loss":0.3432295228493195,"val_accuracy":0.8881666666666667,"_step":20,"epoch":20,"_runtime":63.9555549,"best_val_accuracy":0.895,"train_loss":0.16237941455802044,"_timestamp":1.7413898878894548e+09,"best_val_loss":0.32851001387020434,"_wandb":{"runtime":63},"best_train_accuracy":0.9327222222222222}