{"best_val_loss":0.39176742941352793,"epoch":10,"val_loss":0.3908227201649496,"_step":10,"best_train_accuracy":0.8662037037037037,"_runtime":17.1383692,"train_accuracy":0.8696666666666667,"_timestamp":1.741366204657607e+09,"train_loss":0.36983135755499325,"val_accuracy":0.8588333333333333,"_wandb":{"runtime":17},"best_train_loss":0.37664967835283714,"best_epoch":8,"best_val_accuracy":0.8605}