{"best_train_loss":0.33781205905177925,"train_accuracy":0.8807407407407407,"best_train_accuracy":0.8807407407407407,"val_accuracy":0.8738333333333334,"train_loss":0.33781205905177925,"_step":15,"_wandb":{"runtime":29},"epoch":15,"_runtime":29.1997973,"best_epoch":14,"_timestamp":1.7412748014060142e+09,"best_val_loss":0.3642437439805096,"val_loss":0.3642437439805096,"best_val_accuracy":0.8738333333333334}