{"_timestamp":1.7413783492692704e+09,"best_train_loss":0.2031045835698813,"train_loss":0.19489591305784454,"_step":20,"best_val_loss":0.2998715438298175,"best_train_accuracy":0.9237592592592593,"_wandb":{"runtime":22},"best_epoch":17,"val_accuracy":0.8908333333333334,"val_loss":0.3242655400657045,"_runtime":22.5547564,"best_val_accuracy":0.898,"epoch":20,"train_accuracy":0.9270925925925926}