{"_wandb":{"runtime":11},"best_train_accuracy":0.878962962962963,"epoch":5,"train_loss":0.3075899043035,"train_accuracy":0.8873518518518518,"best_val_loss":0.3365645070023938,"best_val_accuracy":0.8773333333333333,"val_accuracy":0.8645,"val_loss":0.358365677862836,"_runtime":11.1704316,"best_train_loss":0.3277166890535986,"best_epoch":3,"_step":5,"_timestamp":1.7413680819034555e+09}