{"best_val_loss":0.5817864162767692,"_wandb":{"runtime":35},"best_epoch":14,"val_loss":0.5817864162767692,"epoch":15,"_timestamp":1.7412595207441843e+09,"best_train_loss":0.5987303313745183,"best_val_accuracy":0.8023333333333333,"train_accuracy":0.7995925925925926,"_step":15,"best_train_accuracy":0.7995925925925926,"val_accuracy":0.8023333333333333,"train_loss":0.5987303313745183,"_runtime":35.2149273}