{"best_train_loss":2.303469441421309,"train_loss":2.3026544452793294,"val_loss":2.3028075764841356,"train_accuracy":0.09796296296296296,"_timestamp":1.7413616876951346e+09,"best_epoch":0,"val_accuracy":0.0925,"_step":5,"best_train_accuracy":0.1002962962962963,"_wandb":{"runtime":39},"best_val_accuracy":0.09733333333333333,"epoch":5,"_runtime":39.4646948,"best_val_loss":2.3034618658553208}