{"val_loss":0.42585616354153855,"best_train_accuracy":0.852925925925926,"best_train_loss":0.4184335042401223,"_timestamp":1.741260778807383e+09,"_step":15,"epoch":15,"train_accuracy":0.852925925925926,"train_loss":0.4184335042401223,"val_accuracy":0.8498333333333333,"_wandb":{"runtime":46},"_runtime":46.405439,"best_val_loss":0.42585616354153855,"best_val_accuracy":0.8498333333333333,"best_epoch":14}