{"best_train_loss":0.32588458578411267,"best_train_accuracy":0.8840925925925925,"_timestamp":1.7412544411314116e+09,"best_epoch":14,"best_val_loss":0.3583519466748958,"val_accuracy":0.8731666666666666,"train_loss":0.32588458578411267,"_step":15,"val_loss":0.3583519466748958,"_wandb":{"runtime":28},"train_accuracy":0.8840925925925925,"best_val_accuracy":0.8731666666666666,"epoch":15,"_runtime":28.9318505}