{"best_val_loss":0.3170492616755539,"val_accuracy":0.8873333333333333,"best_val_accuracy":0.8933333333333333,"train_loss":0.15916556232004103,"best_train_accuracy":0.9357407407407408,"best_train_loss":0.17087294872494663,"_wandb":{"runtime":23},"_timestamp":1.7413797448250325e+09,"best_epoch":17,"epoch":20,"_step":20,"train_accuracy":0.9409259259259259,"_runtime":23.6663543,"val_loss":0.33940796598889134}