{"best_train_loss":2.5995159350029544,"_runtime":434.2574906,"best_val_accuracy":0.1055,"val_accuracy":0.10033333333333333,"best_val_loss":2.930180967580022,"best_epoch":19,"train_accuracy":0.10057407407407408,"_step":30,"train_loss":2.58364934035187,"best_train_accuracy":0.09935185185185186,"val_loss":2.6127566853271467,"_wandb":{"runtime":434},"epoch":30,"_timestamp":1.7414158821441994e+09}