{"train_accuracy":0.8652962962962963,"best_epoch":14,"best_val_loss":0.39665969032504017,"best_train_loss":0.38073926570103417,"best_val_accuracy":0.857,"_timestamp":1.7412722617422578e+09,"_runtime":27.849647,"val_accuracy":0.857,"epoch":15,"_wandb":{"runtime":27},"_step":15,"val_loss":0.39665969032504017,"best_train_accuracy":0.8652962962962963,"train_loss":0.38073926570103417}