{"train_accuracy":0.7801296296296296,"_wandb":{"runtime":78},"best_val_loss":0.5541418736936594,"val_accuracy":0.7111666666666666,"best_val_accuracy":0.8445,"epoch":15,"train_loss":0.7972674590742199,"_runtime":78.5227147,"best_epoch":5,"best_train_loss":0.5512140531967578,"_step":15,"val_loss":1.1549172445206772,"best_train_accuracy":0.8332592592592593,"_timestamp":1.7412565401523838e+09}