{"best_train_accuracy":0.8522962962962963,"best_train_loss":0.4181317405832381,"_timestamp":1.7412730996798975e+09,"_runtime":46.3019486,"train_loss":0.4181317405832381,"val_accuracy":0.8523333333333334,"epoch":15,"best_epoch":14,"_wandb":{"runtime":46},"train_accuracy":0.8522962962962963,"best_val_loss":0.4238757492906379,"val_loss":0.4238757492906379,"best_val_accuracy":0.8523333333333334,"_step":15}