{"val_loss":0.35373510241695943,"best_epoch":16,"_step":20,"_wandb":{"runtime":48},"val_accuracy":0.889,"best_train_accuracy":0.9368703703703704,"_runtime":48.7446731,"best_val_accuracy":0.8966666666666666,"best_val_loss":0.31794091797770413,"best_train_loss":0.16812973080710847,"_timestamp":1.7413931283019333e+09,"train_accuracy":0.9432592592592592,"train_loss":0.14819732907997377,"epoch":20}