{"_runtime":19.6693933,"train_accuracy":0.9292407407407407,"epoch":20,"best_train_accuracy":0.9218333333333333,"_wandb":{"runtime":19},"best_epoch":15,"val_loss":0.3365840048904447,"_step":20,"val_accuracy":0.8873333333333333,"train_loss":0.19218126236965735,"_timestamp":1.7413865726658242e+09,"best_val_loss":0.3167181082983449,"best_val_accuracy":0.8888333333333334,"best_train_loss":0.21249571774712323}