{"train_accuracy":0.8846666666666667,"train_loss":0.32544114123195694,"epoch":10,"best_val_loss":0.35219021513019233,"best_val_accuracy":0.8761666666666666,"val_loss":0.35219021513019233,"_runtime":29.4375043,"best_train_accuracy":0.8846666666666667,"best_train_loss":0.32544114123195694,"best_epoch":9,"_timestamp":1.7413654623131814e+09,"_wandb":{"runtime":29},"val_accuracy":0.8761666666666666,"_step":10}