{"best_train_loss":0.48785961706486086,"best_train_accuracy":0.8285185185185185,"val_accuracy":0.8288333333333333,"best_val_loss":0.4824455285724308,"val_loss":0.4824455285724308,"epoch":10,"_wandb":{"runtime":30},"train_accuracy":0.8285185185185185,"_step":10,"best_epoch":9,"train_loss":0.48785961706486086,"best_val_accuracy":0.8288333333333333,"_runtime":30.7230635,"_timestamp":1.7413656920826464e+09}