{"best_train_loss":0.21762909817882387,"_wandb":{"runtime":24},"best_epoch":15,"_runtime":24.0652034,"epoch":20,"train_accuracy":0.9281296296296296,"best_train_accuracy":0.918037037037037,"val_accuracy":0.8896666666666667,"best_val_accuracy":0.8918333333333334,"train_loss":0.19351477788575688,"best_val_loss":0.3104254995542623,"_step":20,"val_loss":0.31635199663767444,"_timestamp":1.7413923264060006e+09}