{"best_val_loss":0.6774517203795478,"_step":15,"_wandb":{"runtime":25},"train_loss":0.6864903462880523,"best_val_accuracy":0.7816666666666666,"train_accuracy":0.7760925925925926,"epoch":15,"best_train_accuracy":0.7760925925925926,"val_accuracy":0.7816666666666666,"best_train_loss":0.6864903462880523,"_timestamp":1.7412712355767498e+09,"val_loss":0.6774517203795478,"best_epoch":14,"_runtime":25.9371494}