{"best_train_loss":0.15890846495562228,"_step":12,"best_val_accuracy":0.8843333333333333,"best_train_accuracy":0.8940370370370371,"epoch":10,"train_accuracy":0.8998333333333334,"val_loss":0.17781827464700412,"_timestamp":1.741461111657533e+09,"_wandb":{"runtime":33},"best_epoch":7,"confusion_matrix":{"sha256":"11a5c61830b2a882ef26a43b1f087a91f314ed477d466efed2e652a16d126db0","size":28784,"path":"media/plotly/confusion_matrix_12_11a5c61830b2a882ef26.plotly.json","_type":"plotly-file"},"_runtime":33.5341399,"test_accuracy":0.8738,"val_accuracy":0.8833333333333333,"best_val_loss":0.17559729982619546,"test_loss":0.1880200053055635,"train_loss":0.15036848521961033}