{"best_train_loss":0.36802115837084937,"train_loss":0.36382352744850033,"best_val_accuracy":0.8636666666666667,"epoch":15,"train_accuracy":0.8754259259259259,"best_train_accuracy":0.8723888888888889,"_runtime":46.6597992,"best_epoch":12,"_step":15,"best_val_loss":0.39709470733540353,"_wandb":{"runtime":46},"val_loss":0.40499743798695936,"val_accuracy":0.8628333333333333,"_timestamp":1.7412520407243252e+09}