{"val_accuracy":0.8748333333333334,"_runtime":22.6168525,"_timestamp":1.7412584901608787e+09,"best_epoch":11,"epoch":15,"_step":15,"best_train_loss":0.29831252502830274,"best_train_accuracy":0.893462962962963,"train_loss":0.2840788694053459,"best_val_loss":0.3490760665461613,"_wandb":{"runtime":22},"train_accuracy":0.8980925925925926,"best_val_accuracy":0.8773333333333333,"val_loss":0.35209940048115784}