{"best_val_accuracy":0.8678333333333333,"_runtime":35.3568937,"best_train_accuracy":0.8700740740740741,"val_loss":0.39008457519509004,"best_epoch":7,"_wandb":{"runtime":35},"_timestamp":1.7413647862049203e+09,"epoch":10,"train_accuracy":0.8758703703703704,"val_accuracy":0.8641666666666666,"best_train_loss":0.36833104528726135,"train_loss":0.354806368888644,"_step":10,"best_val_loss":0.3834433067906688}