{"best_val_accuracy":0.8958333333333334,"val_accuracy":0.8958333333333334,"best_train_loss":0.15378288672527227,"_timestamp":1.7414068511034093e+09,"train_loss":0.15378288672527227,"best_train_accuracy":0.9418148148148148,"epoch":20,"train_accuracy":0.9418148148148148,"best_val_loss":0.3192557405373338,"_wandb":{"runtime":27},"val_loss":0.3192557405373338,"_step":20,"_runtime":27.7001831,"best_epoch":19}