{"val_loss":0.34348069038686885,"_wandb":{"runtime":22},"_runtime":22.5822116,"best_train_loss":0.16219100130562236,"best_val_accuracy":0.8941666666666667,"_step":20,"val_accuracy":0.8941666666666667,"train_loss":0.16219100130562236,"best_train_accuracy":0.9387037037037037,"_timestamp":1.7413996498860767e+09,"epoch":20,"best_epoch":19,"train_accuracy":0.9387037037037037,"best_val_loss":0.34348069038686885}