{"best_val_accuracy":0.8915,"val_loss":0.32641327391689123,"best_val_loss":0.32641327391689123,"best_train_accuracy":0.9303333333333333,"val_accuracy":0.8915,"best_epoch":19,"train_loss":0.18530785259301222,"train_accuracy":0.9303333333333333,"_runtime":28.2015703,"_timestamp":1.7414060034477632e+09,"epoch":20,"_wandb":{"runtime":28},"best_train_loss":0.18530785259301222,"_step":20}