{"epoch":15,"_wandb":{"runtime":24},"train_accuracy":0.7130740740740741,"_runtime":24.7815117,"_step":15,"best_train_loss":0.8527483472179059,"val_accuracy":0.7181666666666666,"best_train_accuracy":0.7130740740740741,"_timestamp":1.7412523232568219e+09,"best_val_loss":0.8355961867175411,"train_loss":0.8527483472179059,"val_loss":0.8355961867175411,"best_val_accuracy":0.7181666666666666,"best_epoch":14}