{"_runtime":24.4709539,"best_train_accuracy":0.8692962962962963,"best_val_loss":0.4300076968285271,"_timestamp":1.7412533518995829e+09,"val_loss":0.42678578212719026,"val_accuracy":0.8575,"_step":15,"best_train_loss":0.39492481563753545,"best_epoch":13,"_wandb":{"runtime":24},"train_loss":0.3892237487085649,"best_val_accuracy":0.8576666666666667,"train_accuracy":0.8717962962962963,"epoch":15}