{"best_train_accuracy":0.9417777777777778,"_runtime":48.6334344,"train_loss":0.14750706589383125,"best_train_loss":0.1533479970543409,"_step":20,"epoch":20,"train_accuracy":0.9447222222222222,"best_val_loss":0.32482816063227604,"best_epoch":18,"val_accuracy":0.8968333333333334,"val_loss":0.3245243648461002,"_timestamp":1.7413759315407085e+09,"_wandb":{"runtime":48},"best_val_accuracy":0.8988333333333334}