{"train_accuracy":0.9420185185185185,"best_epoch":19,"best_val_loss":0.3358464604770936,"val_accuracy":0.8938333333333334,"_wandb":{"runtime":32},"epoch":20,"best_train_loss":0.15290657619833142,"val_loss":0.3358464604770936,"best_train_accuracy":0.9420185185185185,"_step":20,"best_val_accuracy":0.8938333333333334,"_runtime":32.6898683,"train_loss":0.15290657619833142,"_timestamp":1.7414008595307872e+09}