{"best_val_accuracy":0.10316666666666667,"train_loss":2.3027328480282656,"best_train_loss":2.302765456511922,"epoch":15,"best_epoch":5,"best_val_loss":2.3025179071484905,"_wandb":{"runtime":300},"_timestamp":1.7412642204596596e+09,"train_accuracy":0.09988888888888889,"_runtime":300.0364645,"_step":15,"val_accuracy":0.09416666666666666,"val_loss":2.302650862726282,"best_train_accuracy":0.09901851851851852}