{"best_epoch":13,"epoch":15,"val_accuracy":0.8386666666666667,"_timestamp":1.7412799949267368e+09,"train_loss":0.45516170240179615,"_step":15,"val_loss":0.4543182585742055,"_wandb":{"runtime":42},"best_val_loss":0.46172736617367977,"train_accuracy":0.8420740740740741,"best_val_accuracy":0.8391666666666666,"best_train_loss":0.4625089234319863,"best_train_accuracy":0.8390925925925926,"_runtime":42.4722468}