{"val_accuracy":0.8586666666666667,"best_val_accuracy":0.8618333333333333,"best_train_loss":0.36957079517653363,"best_epoch":13,"_runtime":25.1798071,"_step":15,"train_accuracy":0.8704259259259259,"train_loss":0.3638720061290952,"_wandb":{"runtime":25},"_timestamp":1.741252645235234e+09,"best_val_loss":0.38147066745333735,"epoch":15,"val_loss":0.3801132640540832,"best_train_accuracy":0.8685925925925926}