{"val_accuracy":0.8733333333333333,"best_epoch":8,"_wandb":{"runtime":50},"_timestamp":1.7413653126992552e+09,"val_loss":0.37711699599749915,"best_train_loss":0.3352338973695017,"best_train_accuracy":0.8842592592592593,"epoch":10,"train_loss":0.33111830651618634,"_runtime":50.3598234,"_step":10,"train_accuracy":0.8873518518518518,"best_val_loss":0.3648743996620361,"best_val_accuracy":0.8753333333333333}