{"train_accuracy":0.9664259259259259,"_runtime":174.5193613,"best_train_loss":0.12459818805636774,"train_loss":0.09030432450775666,"val_accuracy":0.8966666666666666,"_wandb":{"runtime":174},"epoch":30,"best_val_accuracy":0.8996666666666666,"best_epoch":23,"_timestamp":1.7414280122055423e+09,"best_val_loss":0.3425021380811802,"val_loss":0.3498699883673461,"_step":30,"best_train_accuracy":0.9532037037037037}