{"_runtime":68.719068,"train_accuracy":0.8728888888888889,"best_epoch":12,"_step":15,"val_accuracy":0.8598333333333333,"best_train_accuracy":0.8710740740740741,"train_loss":0.3712591813233723,"_wandb":{"runtime":68},"best_val_loss":0.3943010841682686,"best_train_loss":0.37709232174902835,"_timestamp":1.7412560311852639e+09,"val_loss":0.3963536735017943,"best_val_accuracy":0.8615,"epoch":15}