{"best_val_loss":0.31705552035225654,"_wandb":{"runtime":32},"train_accuracy":0.9398888888888889,"train_loss":0.15781378519418943,"epoch":20,"best_train_loss":0.19014757884699443,"_runtime":32.893754,"val_accuracy":0.8908333333333334,"best_epoch":14,"_step":20,"_timestamp":1.7413827510058398e+09,"val_loss":0.3438404373482353,"best_train_accuracy":0.9292777777777778,"best_val_accuracy":0.8926666666666667}