{"_runtime":74.4048383,"epoch":20,"best_val_accuracy":0.8913333333333333,"_wandb":{"runtime":74},"val_loss":0.3396888655706216,"best_val_loss":0.3189256887922963,"val_accuracy":0.8886666666666667,"best_train_loss":0.19920367969050606,"train_accuracy":0.9359259259259259,"train_loss":0.16948102125269235,"best_train_accuracy":0.9238888888888889,"best_epoch":14,"_step":20,"_timestamp":1.7413884016701412e+09}