{"best_train_loss":0.20026224870945875,"val_loss":0.328122983318458,"_timestamp":1.7413859608734162e+09,"best_train_accuracy":0.9261481481481482,"_step":20,"_wandb":{"runtime":23},"best_val_accuracy":0.8955,"best_val_loss":0.3031491272864471,"train_accuracy":0.9410555555555555,"_runtime":23.8722741,"epoch":20,"val_accuracy":0.8948333333333334,"train_loss":0.16019707312945983,"best_epoch":13}