{"train_loss":0.14695843937147932,"best_val_accuracy":0.8981666666666667,"val_loss":0.3226728175273237,"epoch":20,"_step":20,"best_train_accuracy":0.9447222222222222,"_timestamp":1.7413840692031257e+09,"best_epoch":19,"_wandb":{"runtime":42},"train_accuracy":0.9447222222222222,"best_val_loss":0.3226728175273237,"best_train_loss":0.14695843937147932,"_runtime":42.1073098,"val_accuracy":0.8981666666666667}