{"best_val_accuracy":0.8935,"epoch":20,"_timestamp":1.741395528793812e+09,"train_loss":0.15819057523736532,"best_epoch":13,"val_loss":0.32983425784237513,"_step":20,"best_val_loss":0.3010877786839948,"best_train_loss":0.1993918105436112,"_runtime":23.9716839,"val_accuracy":0.8886666666666667,"best_train_accuracy":0.9264814814814815,"_wandb":{"runtime":23},"train_accuracy":0.9418148148148148}