{"train_accuracy":0.8886481481481482,"val_loss":0.3427959196881276,"best_train_loss":0.31220657076743374,"best_train_accuracy":0.8886481481481482,"_timestamp":1.7414058389657555e+09,"best_epoch":19,"_runtime":24.1080892,"train_loss":0.31220657076743374,"epoch":20,"best_val_loss":0.3427959196881276,"val_accuracy":0.8746666666666667,"_wandb":{"runtime":24},"best_val_accuracy":0.8746666666666667,"_step":20}