{"_wandb":{"runtime":28},"epoch":20,"best_train_loss":0.16429338750038075,"best_val_accuracy":0.8965,"best_val_loss":0.319787221258783,"train_loss":0.15818539222096767,"best_epoch":18,"_step":20,"train_accuracy":0.9409074074074074,"val_loss":0.3412004432548068,"val_accuracy":0.8908333333333334,"_runtime":28.6858906,"_timestamp":1.7413882273761146e+09,"best_train_accuracy":0.9391666666666667}