{"best_val_loss":0.3246798751470962,"best_val_accuracy":0.8938333333333334,"_wandb":{"runtime":33},"val_accuracy":0.8935,"epoch":20,"_timestamp":1.7413963736557982e+09,"best_train_accuracy":0.9327777777777778,"_runtime":33.8362339,"train_loss":0.15349459555157616,"val_loss":0.33088233342467516,"_step":20,"train_accuracy":0.9424259259259259,"best_train_loss":0.1797149553324085,"best_epoch":15}