{"best_val_loss":0.322684048128366,"best_epoch":14,"train_loss":0.16032210990936666,"_timestamp":1.7413944376659677e+09,"val_accuracy":0.8925,"best_train_loss":0.18645667180259173,"_wandb":{"runtime":42},"_runtime":42.4421896,"_step":20,"val_loss":0.3405917329878197,"best_val_accuracy":0.8938333333333334,"best_train_accuracy":0.9305185185185185,"epoch":20,"train_accuracy":0.9405925925925926}