{"_wandb":{"runtime":26},"_step":10,"best_train_accuracy":0.9059814814814815,"best_val_loss":0.3224881959878061,"train_accuracy":0.9059814814814815,"best_epoch":9,"best_train_loss":0.2521390893365922,"train_loss":0.2521390893365922,"val_accuracy":0.8866666666666667,"_runtime":26.0733902,"epoch":10,"val_loss":0.3224881959878061,"_timestamp":1.741368067972574e+09,"best_val_accuracy":0.8866666666666667}