{"_wandb":{"runtime":28},"_timestamp":1.7412547213757837e+09,"train_loss":0.3426997156142405,"val_loss":0.4089837235143484,"val_accuracy":0.853,"best_val_loss":0.36537158152837584,"_step":15,"train_accuracy":0.8776481481481482,"best_epoch":13,"epoch":15,"best_val_accuracy":0.8681666666666666,"_runtime":28.9522946,"best_train_loss":0.34898647920893594,"best_train_accuracy":0.8761481481481481}