{"best_epoch":19,"train_accuracy":0.8893333333333333,"_timestamp":1.7413723888128622e+09,"val_loss":0.3696555196676591,"_step":20,"best_train_loss":0.3031489539195164,"epoch":20,"best_val_loss":0.3696555196676591,"_wandb":{"runtime":96},"_runtime":95.9902609,"best_val_accuracy":0.8723333333333333,"val_accuracy":0.8723333333333333,"train_loss":0.3031489539195164,"best_train_accuracy":0.8893333333333333}