{"best_train_loss":0.27202352803631924,"test_loss":0.28359917662971507,"best_val_loss":0.2736973823453063,"confusion_matrix":{"sha256":"f670667fd3e50188d4fe5b9164b4a14253592b4f4dcef2d2ecca4bbbb3518308","size":28810,"path":"media/plotly/confusion_matrix_12_f670667fd3e50188d4fe.plotly.json","_type":"plotly-file"},"train_loss":0.27202352803631924,"best_val_accuracy":0.839,"epoch":10,"_step":12,"_runtime":28.4387752,"val_accuracy":0.839,"_timestamp":1.7414519817731037e+09,"test_accuracy":0.8348,"best_epoch":9,"val_loss":0.2736973823453063,"best_train_accuracy":0.8453333333333334,"train_accuracy":0.8453333333333334,"_wandb":{"runtime":28}}