{"val_loss":0.3234315211773905,"test_loss":0.3508135962429713,"best_train_accuracy":0.9373888888888889,"_wandb":{"runtime":70},"best_val_accuracy":0.8963333333333333,"best_train_loss":0.1677414639108845,"train_loss":0.15563714830353362,"confusion_matrix":{"path":"media/plotly/confusion_matrix_22_9f7f1c8e8a8320c9fb86.plotly.json","_type":"plotly-file","sha256":"9f7f1c8e8a8320c9fb8679f34679e4fbd57a60da5167e510a564aa81f5dedb07","size":28796},"_runtime":70.2571078,"test_accuracy":0.8854,"best_val_loss":0.3195006844367877,"_timestamp":1.7414416287199607e+09,"_step":22,"epoch":20,"val_accuracy":0.8961666666666667,"train_accuracy":0.9415,"best_epoch":17}