{"train_accuracy":0.8727222222222222,"val_loss":0.39053814106347423,"best_val_loss":0.3811493705169431,"_timestamp":1.7412612462188122e+09,"best_val_accuracy":0.8643333333333333,"_step":15,"val_accuracy":0.8606666666666667,"epoch":15,"_runtime":47.1868112,"train_loss":0.35737553264729877,"best_train_accuracy":0.8700185185185185,"best_epoch":13,"_wandb":{"runtime":47},"best_train_loss":0.362926510281937}