{"epoch":20,"val_accuracy":0.8913333333333333,"train_loss":0.1629399888170729,"_timestamp":1.7413989111005614e+09,"val_loss":0.3541095055959784,"best_val_accuracy":0.8941666666666667,"train_accuracy":0.9387777777777778,"_step":20,"best_epoch":12,"_wandb":{"runtime":36},"_runtime":36.1757933,"best_train_loss":0.2068318417987435,"best_train_accuracy":0.9212777777777778,"best_val_loss":0.30873012367695435}