{"epoch":15,"val_accuracy":0.8756666666666667,"best_val_loss":0.3807516010314995,"best_val_accuracy":0.8763333333333333,"train_accuracy":0.888962962962963,"train_loss":0.33533169941375834,"val_loss":0.3777160568280139,"_step":15,"_runtime":56.9478003,"best_train_loss":0.33811837212441886,"_wandb":{"runtime":56},"best_epoch":12,"_timestamp":1.7412619376876671e+09,"best_train_accuracy":0.8862777777777778}