{"best_val_loss":0.3530474926587215,"_wandb":{"runtime":27},"_runtime":27.8607314,"val_loss":0.3530474926587215,"epoch":15,"best_epoch":14,"_step":15,"train_loss":0.3303775333926701,"best_train_loss":0.3303775333926701,"_timestamp":1.7412602302910655e+09,"val_accuracy":0.8738333333333334,"best_val_accuracy":0.8738333333333334,"best_train_accuracy":0.8819259259259259,"train_accuracy":0.8819259259259259}