{"_runtime":28.1815874,"best_epoch":18,"_step":20,"train_accuracy":0.9430555555555555,"best_val_accuracy":0.8953333333333333,"val_loss":0.36568408182432693,"best_train_accuracy":0.9390925925925926,"best_train_loss":0.16153418052842267,"train_loss":0.15330665256481238,"epoch":20,"_wandb":{"runtime":28},"val_accuracy":0.8851666666666667,"best_val_loss":0.3236471833755275,"_timestamp":1.7413782706869526e+09}