{"best_train_accuracy":0.9297407407407408,"val_loss":0.32685254935979124,"epoch":20,"_runtime":39.5974602,"best_train_loss":0.18515634077730647,"best_val_loss":0.3120348949143354,"val_accuracy":0.889,"best_val_accuracy":0.8941666666666667,"best_epoch":16,"train_loss":0.1648069782973752,"_step":20,"train_accuracy":0.9380925925925926,"_timestamp":1.7413958009488592e+09,"_wandb":{"runtime":39}}