{"epoch":15,"train_accuracy":0.8623703703703703,"train_loss":0.44264827909115473,"_step":15,"best_val_accuracy":0.8586666666666667,"_runtime":46.8841414,"best_epoch":8,"_timestamp":1.7412620722724795e+09,"_wandb":{"runtime":46},"best_train_accuracy":0.8577037037037037,"val_accuracy":0.852,"val_loss":0.47479601008767985,"best_val_loss":0.44172869648377516,"best_train_loss":0.4344063841407263}