{"best_val_accuracy":0.8803333333333333,"val_accuracy":0.878,"best_train_loss":0.31066411587026227,"val_loss":0.35927950699210903,"_runtime":21.5969802,"epoch":15,"_step":15,"_wandb":{"runtime":21},"best_train_accuracy":0.8890555555555556,"best_val_loss":0.3457076069930835,"_timestamp":1.7412755686639063e+09,"best_epoch":9,"train_loss":0.2849617663121689,"train_accuracy":0.8992777777777777}