{"val_loss":0.7655051526009746,"val_accuracy":0.7336666666666667,"_wandb":{"runtime":49},"train_accuracy":0.7205370370370371,"best_train_loss":0.7963666546327196,"best_train_accuracy":0.7205370370370371,"best_epoch":14,"epoch":15,"_runtime":49.54222,"best_val_accuracy":0.7336666666666667,"_step":15,"train_loss":0.7963666546327196,"_timestamp":1.741276185200317e+09,"best_val_loss":0.7655051526009746}