{"test_loss":0.20501134314282,"best_val_accuracy":0.875,"best_train_loss":0.17561316364914165,"train_loss":0.1725788849709389,"best_train_accuracy":0.8840740740740741,"confusion_matrix":{"sha256":"d572e8ad1a65a817dbc4eabc00b5da5de1e3ad884ae210323d26c64e7076926f","size":28810,"path":"media/plotly/confusion_matrix_12_d572e8ad1a65a817dbc4.plotly.json","_type":"plotly-file"},"_runtime":29.4721978,"best_val_loss":0.1917749079093046,"val_loss":0.19585278891267077,"best_epoch":8,"_step":12,"val_accuracy":0.872,"epoch":10,"test_accuracy":0.866,"_wandb":{"runtime":29},"_timestamp":1.7414580895250142e+09,"train_accuracy":0.8868148148148148}