{"_step":12,"test_accuracy":0.8681,"epoch":10,"best_val_loss":0.18564596828918964,"train_accuracy":0.8896481481481482,"_wandb":{"runtime":272},"best_train_accuracy":0.8882962962962963,"_runtime":272.0154257,"val_accuracy":0.8681666666666666,"best_val_accuracy":0.88,"confusion_matrix":{"path":"media/plotly/confusion_matrix_12_98d3a424bbb3a7639b0a.plotly.json","_type":"plotly-file","sha256":"98d3a424bbb3a7639b0a57500a1e5cd3f8601eacffdcde91bbde3a7e42a04adc","size":28778},"train_loss":0.1715641777618051,"_timestamp":1.7414523223285654e+09,"best_epoch":8,"test_loss":0.20419925159815366,"val_loss":0.20295056747504556,"best_train_loss":0.17239593129789782}