{"_wandb":{"runtime":57},"train_loss":2.3028278386706673,"val_accuracy":0.10083333333333333,"best_epoch":2,"_timestamp":1.7412756397039294e+09,"train_accuracy":0.10094444444444445,"val_loss":2.3024733125842403,"best_train_loss":2.3030949521771715,"best_train_accuracy":0.09774074074074074,"best_val_accuracy":0.158,"epoch":15,"best_val_loss":2.3032614836502328,"_runtime":57.6702704,"_step":15}