{"_wandb":{"runtime":203},"best_val_loss":0.06962202821434872,"_runtime":203.4309247,"best_epoch":20,"best_train_loss":0.00022792358461996428,"train_accuracy":1,"confusion_matrix":{"sha256":"9a394d339e32e6434372f242ccc514c2e6bcec815e285d7e9a213a7452fb816d","size":28369,"path":"media/plotly/confusion_matrix_32_9a394d339e32e6434372.plotly.json","_type":"plotly-file"},"test_loss":0.07569351259052932,"best_train_accuracy":1,"_timestamp":1.7414621386818411e+09,"best_val_accuracy":0.9851666666666666,"test_accuracy":0.9834,"val_loss":0.07474174450573606,"_step":32,"epoch":30,"train_loss":7.031823397388339e-05,"val_accuracy":0.9845}