{"_timestamp":1.7414115824251986e+09,"epoch":20,"best_val_loss":0.3296793159659108,"train_loss":0.1545305036246534,"val_loss":0.3452395308995148,"best_train_accuracy":0.9345,"_runtime":32.7575551,"val_accuracy":0.8943333333333333,"_step":20,"_wandb":{"runtime":32},"best_val_accuracy":0.8961666666666667,"best_train_loss":0.1751362943339657,"best_epoch":16,"train_accuracy":0.9425555555555556}