{"best_epoch":9,"best_val_accuracy":0.8816666666666667,"train_accuracy":0.9015925925925926,"train_loss":0.27108044814919474,"_step":10,"val_accuracy":0.8816666666666667,"_wandb":{"runtime":154},"best_val_loss":0.3285173628062878,"best_train_loss":0.27108044814919474,"epoch":10,"_timestamp":1.741370814204899e+09,"best_train_accuracy":0.9015925925925926,"val_loss":0.3285173628062878,"_runtime":154.757639}