{"_wandb":{"runtime":44},"train_accuracy":0.8870740740740741,"best_train_loss":0.31274581609795155,"epoch":15,"best_val_loss":0.34836410970131215,"val_loss":0.34836410970131215,"train_loss":0.31274581609795155,"best_val_accuracy":0.8716666666666667,"_timestamp":1.741251756592942e+09,"best_train_accuracy":0.8870740740740741,"_step":15,"val_accuracy":0.8716666666666667,"best_epoch":14,"_runtime":44.226617}