{"val_loss":0.4103582877872416,"train_loss":0.3902856126866703,"best_train_loss":0.3902856126866703,"best_train_accuracy":0.8640740740740741,"_wandb":{"runtime":50},"best_epoch":14,"val_accuracy":0.8561666666666666,"_runtime":50.298385,"epoch":15,"_step":15,"_timestamp":1.7412572082048059e+09,"best_val_loss":0.4103582877872416,"train_accuracy":0.8640740740740741,"best_val_accuracy":0.8561666666666666}