{"train_loss":0.5791456412458605,"best_train_loss":0.5791456412458605,"val_accuracy":0.7666666666666667,"_runtime":32.8401338,"best_val_accuracy":0.7666666666666667,"best_epoch":9,"train_accuracy":0.7816111111111111,"best_val_loss":0.6053370115516641,"best_train_accuracy":0.7816111111111111,"epoch":10,"_step":10,"_timestamp":1.7413676838578763e+09,"_wandb":{"runtime":32},"val_loss":0.6053370115516641}