{"val_accuracy":0.8731666666666666,"best_val_loss":0.36577923615088836,"best_train_accuracy":0.8883703703703704,"_step":10,"_timestamp":1.7413627970716019e+09,"_wandb":{"runtime":30},"epoch":10,"best_train_loss":0.31689672795227375,"_runtime":30.2033138,"train_accuracy":0.8947962962962963,"best_epoch":7,"val_loss":0.3665572534126913,"train_loss":0.3053610382315647,"best_val_accuracy":0.8758333333333334}