{"_wandb":{"runtime":67},"best_epoch":13,"_step":15,"best_val_loss":0.4932700922965441,"_runtime":67.6963931,"val_loss":0.4908945663864231,"best_train_accuracy":0.8268703703703704,"train_loss":0.49350189087548696,"_timestamp":1.741274694389455e+09,"epoch":15,"best_val_accuracy":0.8295,"best_train_loss":0.5014998453020063,"val_accuracy":0.8288333333333333,"train_accuracy":0.8287407407407408}