{"val_loss":0.369160890466137,"train_loss":0.16557291729013582,"best_train_accuracy":0.9261851851851852,"best_train_loss":0.19301648924316891,"train_accuracy":0.935962962962963,"val_accuracy":0.8888333333333334,"best_val_loss":0.3327435206434868,"_wandb":{"runtime":65},"_runtime":65.3272964,"best_epoch":14,"epoch":20,"best_val_accuracy":0.893,"_timestamp":1.7414115032912872e+09,"_step":20}