{"_wandb":{"runtime":27},"best_val_accuracy":0.8906666666666667,"best_train_loss":0.2000252993763752,"_step":20,"val_accuracy":0.8885,"_runtime":27.0191429,"best_train_accuracy":0.9240925925925926,"train_accuracy":0.9263333333333333,"train_loss":0.19210525893441124,"best_epoch":18,"val_loss":0.33452295286738265,"best_val_loss":0.31825668744089014,"epoch":20,"_timestamp":1.7413851267240248e+09}