{"_wandb":{"runtime":22},"val_loss":0.3507215607847718,"best_val_loss":0.30679870046022467,"_timestamp":1.7414047095708334e+09,"val_accuracy":0.8798333333333334,"epoch":20,"best_val_accuracy":0.8946666666666667,"train_accuracy":0.9331111111111111,"_runtime":22.3065359,"best_epoch":17,"best_train_loss":0.19060666438443308,"train_loss":0.18119436053037852,"_step":20,"best_train_accuracy":0.929037037037037}