{"_step":20,"_wandb":{"runtime":202},"_runtime":202.0492786,"train_loss":17.25426952621994,"train_accuracy":0.06333333333333334,"val_accuracy":0.06983333333333333,"best_train_accuracy":0.8182222222222222,"_timestamp":1.7413729469226723e+09,"best_epoch":0,"epoch":20,"val_loss":17.13430320603136,"best_val_accuracy":0.8505,"best_val_loss":0.4176056706948143,"best_train_loss":0.5149487046051883}