{"_step":10,"epoch":10,"val_loss":0.35917436310004747,"best_epoch":8,"best_train_loss":0.3661710854575982,"train_accuracy":0.8739814814814815,"best_val_accuracy":0.8703333333333333,"val_accuracy":0.8701666666666666,"train_loss":0.35535612085165624,"best_train_accuracy":0.8713888888888889,"_runtime":72.4714477,"_timestamp":1.7413706508545377e+09,"best_val_loss":0.366659468633874,"_wandb":{"runtime":72}}