{"_step":5,"val_accuracy":0.0925,"best_val_accuracy":0.0925,"_wandb":{"runtime":25},"epoch":0,"train_loss":2.302586342252609,"_runtime":25.0637484,"train_accuracy":0.08564814814814815,"val_loss":2.302587276995002,"_timestamp":1.7412486526473274e+09}