{"best_val_accuracy":0.8915,"best_epoch":13,"_step":20,"train_loss":0.18663562194735525,"_timestamp":1.7413769293349183e+09,"train_accuracy":0.9309814814814815,"_runtime":22.4624132,"best_train_accuracy":0.9181666666666667,"epoch":20,"val_loss":0.3512755198263694,"val_accuracy":0.886,"_wandb":{"runtime":22},"best_val_loss":0.31597554873600375,"best_train_loss":0.22102351140492732}