{"best_val_loss":0.1999745344266727,"_wandb":{"runtime":55},"train_loss":0.17187381815103983,"confusion_matrix":{"_type":"plotly-file","sha256":"c9124ca9e6281bbe3993409b1ab3c197fac75641f4ce35e0b6c32f1f376e3161","size":28799,"path":"media/plotly/confusion_matrix_12_c9124ca9e6281bbe3993.plotly.json"},"best_train_loss":0.17511475984429503,"val_accuracy":0.8723333333333333,"best_train_accuracy":0.886425925925926,"_runtime":55.8921828,"train_accuracy":0.8892407407407408,"best_val_accuracy":0.874,"best_epoch":7,"_step":12,"test_accuracy":0.8683,"val_loss":0.20222113353861743,"epoch":10,"test_loss":0.20526837879104193,"_timestamp":1.741457797594513e+09}