{"best_val_accuracy":0.895,"_step":30,"best_epoch":21,"best_train_accuracy":0.9428703703703704,"_timestamp":1.7414268736115098e+09,"train_accuracy":0.9559814814814814,"best_train_loss":0.14878384467920994,"_wandb":{"runtime":355},"val_accuracy":0.8858333333333334,"_runtime":355.6931788,"epoch":30,"best_val_loss":0.3567636183775987,"train_loss":0.11650542834511786,"val_loss":0.41696429628187814}