{"_timestamp":1.7413921444581094e+09,"best_epoch":17,"_wandb":{"runtime":64},"_runtime":64.6740024,"val_accuracy":0.8916666666666667,"best_train_loss":0.173136925159422,"best_train_accuracy":0.9339814814814815,"best_val_loss":0.33339101817450284,"val_loss":0.3495831008470074,"train_loss":0.1625686959772984,"train_accuracy":0.9381296296296296,"best_val_accuracy":0.8975,"_step":20,"epoch":20}