{"_step":20,"best_val_loss":0.34703414470982785,"val_loss":0.34693218990896313,"best_train_loss":0.3197495830923552,"_wandb":{"runtime":27},"epoch":20,"val_accuracy":0.8736666666666667,"best_epoch":17,"train_loss":0.3121960793171874,"best_val_accuracy":0.8745,"_timestamp":1.7413730383776245e+09,"train_accuracy":0.8872222222222222,"_runtime":27.9123593,"best_train_accuracy":0.8858703703703704}