{"best_val_loss":0.40532099117049947,"_runtime":10.5196204,"best_epoch":9,"best_train_loss":0.38976180382823783,"val_accuracy":0.8538333333333333,"_wandb":{"runtime":10},"best_train_accuracy":0.8637592592592592,"_timestamp":1.7413644181771727e+09,"train_loss":0.38976180382823783,"epoch":10,"val_loss":0.40532099117049947,"_step":10,"best_val_accuracy":0.8538333333333333,"train_accuracy":0.8637592592592592}