{"_timestamp":1.7412678997122273e+09,"best_epoch":14,"best_train_loss":0.32777851800960345,"best_val_loss":0.37666328314471315,"val_accuracy":0.8738333333333334,"_wandb":{"runtime":149},"_step":15,"_runtime":149.865317,"val_loss":0.37666328314471315,"train_loss":0.32777851800960345,"best_val_accuracy":0.8738333333333334,"epoch":15,"train_accuracy":0.8875740740740741,"best_train_accuracy":0.8875740740740741}