{"_wandb":{"runtime":24},"epoch":20,"best_val_accuracy":0.8915,"_runtime":24.8576461,"best_epoch":19,"train_accuracy":0.9221296296296296,"_step":20,"best_train_loss":0.20454746629455153,"train_loss":0.20454746629455153,"_timestamp":1.7413817917245624e+09,"best_train_accuracy":0.9221296296296296,"val_loss":0.31273744359788924,"val_accuracy":0.8915,"best_val_loss":0.31273744359788924}