{"val_loss":0.3207863696609757,"_step":20,"best_val_loss":0.3088239333480334,"_timestamp":1.7413776309533587e+09,"train_accuracy":0.931,"best_val_accuracy":0.8938333333333334,"best_train_accuracy":0.9238333333333333,"_runtime":18.9576126,"best_epoch":15,"best_train_loss":0.20995705940306603,"train_loss":0.19061845621874968,"val_accuracy":0.889,"epoch":20,"_wandb":{"runtime":18}}