{"_wandb":{"runtime":33},"best_val_loss":0.3186177114354301,"_timestamp":1.7413884494275892e+09,"best_val_accuracy":0.8928333333333334,"best_epoch":13,"train_loss":0.15638285607254246,"epoch":20,"_runtime":33.1828092,"best_train_loss":0.1934616937980723,"train_accuracy":0.9405740740740741,"_step":20,"val_loss":0.33632807148413313,"val_accuracy":0.89,"best_train_accuracy":0.9268518518518518}