{"val_loss":0.19721469406602754,"val_accuracy":0.8738333333333334,"confusion_matrix":{"_type":"plotly-file","sha256":"63ce0ea446d890e11556777a95e288897479c72b01bc948ef201589670d81695","size":28809,"path":"media/plotly/confusion_matrix_12_63ce0ea446d890e11556.plotly.json"},"_wandb":{"runtime":165},"best_val_accuracy":0.8738333333333334,"test_accuracy":0.8677,"best_epoch":9,"test_loss":0.2026104351503895,"_runtime":165.9137215,"_step":12,"best_val_loss":0.19721469406602754,"train_accuracy":0.888962962962963,"train_loss":0.1731958374860963,"_timestamp":1.7414595158830013e+09,"best_train_loss":0.1731958374860963,"epoch":10,"best_train_accuracy":0.888962962962963}