{"train_accuracy":0.9638148148148148,"best_val_accuracy":0.8976666666666666,"best_train_loss":0.10594782406208723,"_wandb":{"runtime":102},"val_accuracy":0.8945,"train_loss":0.09585701381887754,"_step":30,"best_train_accuracy":0.9607592592592593,"_runtime":102.5443825,"epoch":30,"_timestamp":1.7414242773304677e+09,"val_loss":0.38637857683500354,"best_val_loss":0.37089448228244387,"best_epoch":27}