{"best_train_accuracy":0.8875740740740741,"epoch":15,"best_train_loss":0.33611507614256697,"best_val_loss":0.37213253074616776,"_wandb":{"runtime":61},"train_accuracy":0.8903148148148148,"train_loss":0.3356681548811962,"_runtime":61.8533427,"best_val_accuracy":0.8763333333333333,"_step":15,"val_accuracy":0.8706666666666667,"best_epoch":13,"val_loss":0.40764778301361854,"_timestamp":1.7412669372915738e+09}