{"val_accuracy":0.8871666666666667,"best_train_loss":0.1736667456191533,"best_train_accuracy":0.9345185185185185,"_timestamp":1.7414020805848105e+09,"best_epoch":17,"train_loss":0.15633783379761976,"val_loss":0.3515243114258283,"epoch":20,"best_val_loss":0.335874100958879,"best_val_accuracy":0.8945,"train_accuracy":0.9420185185185185,"_wandb":{"runtime":32},"_step":20,"_runtime":32.4313784}