{"_step":12,"_wandb":{"runtime":22},"train_accuracy":0.8912777777777777,"_runtime":22.0424889,"epoch":10,"test_loss":0.19808541836476118,"best_val_accuracy":0.873,"val_loss":0.19759408634472,"best_train_accuracy":0.8864444444444445,"train_loss":0.1671779087759106,"best_epoch":7,"best_train_loss":0.1748849832517621,"best_val_loss":0.19391384710148554,"_timestamp":1.741449588680192e+09,"test_accuracy":0.8686,"val_accuracy":0.8676666666666667,"confusion_matrix":{"_type":"plotly-file","sha256":"666171d4228300ee26dfd8f18757572d1468cb95bee8cf3930ab88e967d9740d","size":28810,"path":"media/plotly/confusion_matrix_12_666171d4228300ee26df.plotly.json"}}