{"val_accuracy":0.8935,"best_train_accuracy":0.9400740740740741,"_step":20,"_timestamp":1.7413800595171733e+09,"best_val_accuracy":0.8956666666666667,"train_loss":0.15703753371899584,"best_val_loss":0.3297161573137016,"epoch":20,"best_train_loss":0.16179300075267888,"best_epoch":18,"_wandb":{"runtime":23},"val_loss":0.3338174132241104,"train_accuracy":0.9416481481481481,"_runtime":23.6649296}