{"_runtime":50.9535927,"_wandb":{"runtime":50},"best_val_loss":0.7141177595172415,"train_loss":0.7394248001397117,"epoch":15,"best_train_accuracy":0.7194259259259259,"best_train_loss":0.7394248001397117,"val_accuracy":0.7325,"train_accuracy":0.7194259259259259,"_step":15,"best_val_accuracy":0.7325,"best_epoch":14,"val_loss":0.7141177595172415,"_timestamp":1.741280448509509e+09}