{"_wandb":{"runtime":24},"best_val_loss":0.32160138018762324,"best_val_accuracy":0.8941666666666667,"_timestamp":1.7413812248351781e+09,"_step":20,"train_loss":0.1595937666830717,"val_loss":0.3392529515855299,"best_train_accuracy":0.9373888888888889,"best_train_loss":0.17264460320441982,"train_accuracy":0.9413148148148148,"best_epoch":17,"val_accuracy":0.8876666666666667,"epoch":20,"_runtime":24.0435512}