{"best_val_accuracy":0.8746666666666667,"epoch":10,"best_train_accuracy":0.8817592592592592,"train_accuracy":0.8851666666666667,"val_loss":0.1969143711338478,"train_loss":0.1706605278592571,"_wandb":{"runtime":42},"_step":12,"best_train_loss":0.17715651238310495,"_runtime":42.4197695,"best_val_loss":0.1902440447076451,"confusion_matrix":{"size":28800,"path":"media/plotly/confusion_matrix_12_7b02cb4e25b6d0e20e17.plotly.json","_type":"plotly-file","sha256":"7b02cb4e25b6d0e20e17da610dec49a36c9d9575da3863755465fb9d446e2e33"},"test_accuracy":0.86,"_timestamp":1.741461366217281e+09,"val_accuracy":0.8656666666666667,"best_epoch":7,"test_loss":0.20722939265033818}