{"best_val_accuracy":0.8753333333333333,"best_train_loss":0.33046582905186145,"best_epoch":8,"_timestamp":1.741366829723391e+09,"_wandb":{"runtime":55},"epoch":10,"_runtime":55.8811723,"train_accuracy":0.8875740740740741,"_step":10,"train_loss":0.32898844728165094,"val_accuracy":0.875,"best_train_accuracy":0.8844074074074074,"val_loss":0.35656157469776295,"best_val_loss":0.3677448270247599}