{"_step":20,"best_train_accuracy":0.926,"epoch":20,"_runtime":26.793723,"train_loss":0.1939701249419735,"best_val_accuracy":0.8911666666666667,"best_train_loss":0.1939701249419735,"train_accuracy":0.926,"best_val_loss":0.31676967790452076,"_wandb":{"runtime":26},"best_epoch":19,"_timestamp":1.7413819268754084e+09,"val_accuracy":0.8911666666666667,"val_loss":0.31676967790452076}