{"best_val_accuracy":0.8706666666666667,"_runtime":47.9639608,"val_loss":0.3670994218478614,"epoch":15,"best_val_loss":0.36085795753479266,"best_epoch":12,"train_loss":0.32578706439589245,"best_train_accuracy":0.8815740740740741,"_step":15,"train_accuracy":0.8838518518518519,"_wandb":{"runtime":47},"_timestamp":1.7412628632514787e+09,"best_train_loss":0.33426491439035483,"val_accuracy":0.865}