{"best_val_loss":0.3336999610795704,"_timestamp":1.7413874370585456e+09,"best_train_loss":0.18408101903652055,"best_epoch":16,"val_accuracy":0.8861666666666667,"_step":20,"train_loss":0.16637266008551696,"train_accuracy":0.9373518518518519,"best_train_accuracy":0.9313888888888889,"epoch":20,"_wandb":{"runtime":19},"best_val_accuracy":0.8898333333333334,"_runtime":19.1418566,"val_loss":0.3662174808517595}