{"train_loss":0.32592609234419634,"epoch":10,"val_accuracy":0.8698333333333333,"_step":10,"best_val_loss":0.3720488761123453,"val_loss":0.37229914305708744,"_timestamp":1.7413642314243186e+09,"best_train_loss":0.33203886902241914,"best_train_accuracy":0.8802592592592593,"_wandb":{"runtime":7},"_runtime":7.2706445,"best_epoch":8,"best_val_accuracy":0.8705,"train_accuracy":0.8822407407407408}