{"val_loss":0.5123829898748801,"best_val_accuracy":0.8168333333333333,"best_train_loss":0.533849344031038,"best_train_accuracy":0.8148888888888889,"best_epoch":8,"_step":10,"_wandb":{"runtime":92},"_timestamp":1.74136179383494e+09,"epoch":10,"_runtime":92.0638498,"best_val_loss":0.5255431029211232,"train_loss":0.5153097098710986,"train_accuracy":0.8213888888888888,"val_accuracy":0.8168333333333333}