{"train_accuracy":0.933,"best_val_loss":0.3351863563392664,"val_accuracy":0.8855,"best_val_accuracy":0.8948333333333334,"best_train_loss":0.20282856006858777,"train_loss":0.17507090524850882,"_runtime":91.1152089,"epoch":20,"val_loss":0.3628926198736343,"best_train_accuracy":0.9241111111111111,"best_epoch":14,"_wandb":{"runtime":91},"_timestamp":1.741371565551774e+09,"_step":20}