{"best_train_accuracy":0.6545925925925926,"best_epoch":14,"_runtime":23.5525435,"_timestamp":1.7412511403877094e+09,"train_loss":0.984357092767161,"_wandb":{"runtime":23},"train_accuracy":0.6545925925925926,"val_loss":0.9481048635578392,"val_accuracy":0.6666666666666666,"_step":15,"best_val_accuracy":0.6666666666666666,"epoch":15,"best_train_loss":0.984357092767161,"best_val_loss":0.9481048635578392}