{"_runtime":43.449713,"_wandb":{"runtime":43},"train_loss":0.1485040271648844,"train_accuracy":0.9448888888888889,"best_epoch":18,"epoch":20,"best_val_loss":0.3306262874124369,"_step":20,"val_accuracy":0.8905,"_timestamp":1.741397430844516e+09,"best_train_accuracy":0.9426666666666667,"best_val_accuracy":0.8943333333333333,"val_loss":0.33813288136058,"best_train_loss":0.152359533313833}