{"best_val_loss":0.3501255199967221,"_timestamp":1.741393254683429e+09,"_runtime":63.577367100000004,"best_train_loss":0.1596681730152786,"best_val_accuracy":0.8938333333333334,"val_loss":0.34601754768460313,"epoch":20,"best_train_accuracy":0.9389074074074074,"_wandb":{"runtime":63},"val_accuracy":0.89,"train_accuracy":0.9422592592592592,"train_loss":0.15470680713699206,"best_epoch":18,"_step":20}