{"_step":20,"best_epoch":17,"best_val_loss":0.3269212579751431,"train_accuracy":0.9268888888888889,"best_train_accuracy":0.9263148148148148,"val_accuracy":0.8886666666666667,"_wandb":{"runtime":19},"best_val_accuracy":0.8911666666666667,"val_loss":0.331917539909779,"best_train_loss":0.19124817562508023,"epoch":20,"_timestamp":1.74138991378378e+09,"_runtime":19.488687,"train_loss":0.1947824347668252}