{"_runtime":26.619595,"epoch":15,"train_loss":0.32456158837880533,"_wandb":{"runtime":26},"best_val_loss":0.3633296888927716,"val_accuracy":0.8711666666666666,"_step":15,"_timestamp":1.741277266650657e+09,"best_val_accuracy":0.8713333333333333,"best_train_loss":0.3429672213239888,"best_epoch":8,"best_train_accuracy":0.8759074074074074,"train_accuracy":0.882962962962963,"val_loss":0.3618410317934516}