{"best_epoch":14,"best_train_loss":0.18682712848043323,"best_train_accuracy":0.9305555555555556,"_wandb":{"runtime":24},"_runtime":24.0251946,"best_val_loss":0.3215732009871717,"_timestamp":1.7413959406187384e+09,"train_accuracy":0.9409814814814815,"val_loss":0.33783833357875304,"best_val_accuracy":0.8948333333333334,"epoch":20,"_step":20,"val_accuracy":0.8916666666666667,"train_loss":0.15820925223232354}