{"best_epoch":1,"best_train_loss":0.4704227186165845,"val_accuracy":0.7933333333333333,"val_loss":0.681690968872578,"train_loss":0.5408862175214177,"train_accuracy":0.8372407407407407,"_wandb":{"runtime":22},"_timestamp":1.7413623844758227e+09,"best_train_accuracy":0.8441296296296297,"_runtime":22.2780796,"epoch":5,"best_val_accuracy":0.8476666666666667,"_step":5,"best_val_loss":0.4704323542787217}