{"best_train_accuracy":0.8876296296296297,"epoch":10,"_timestamp":1.7413683044626386e+09,"_runtime":174.6522426,"best_train_loss":0.3272029312546143,"train_accuracy":0.8876296296296297,"best_epoch":9,"val_loss":0.37083617429950055,"train_loss":0.3272029312546143,"best_val_loss":0.37083617429950055,"best_val_accuracy":0.8778333333333334,"val_accuracy":0.8778333333333334,"_wandb":{"runtime":174},"_step":10}