{"best_val_loss":0.37909848131862894,"best_epoch":13,"best_val_accuracy":0.8671666666666666,"best_train_accuracy":0.8748703703703704,"train_loss":0.3538268985728802,"_step":15,"train_accuracy":0.8772592592592593,"epoch":15,"val_loss":0.3804106579136788,"best_train_loss":0.3575310676222937,"_wandb":{"runtime":29},"_timestamp":1.7412644163822682e+09,"val_accuracy":0.867,"_runtime":29.6347402}