{"_timestamp":1.741373732228376e+09,"_runtime":81.1503829,"_wandb":{"runtime":81},"train_loss":0.17025000302188148,"train_accuracy":0.935037037037037,"best_val_accuracy":0.8925,"val_loss":0.38755260204011455,"val_accuracy":0.8868333333333334,"best_train_loss":0.17679874236339593,"best_epoch":17,"_step":20,"best_train_accuracy":0.9331111111111111,"best_val_loss":0.35153618990075364,"epoch":20}