{"test_accuracy":0.8602,"best_train_loss":0.19747561185985676,"best_val_loss":0.21159932502848575,"best_epoch":9,"best_val_accuracy":0.8663333333333333,"test_loss":0.21854734916475133,"train_accuracy":0.8764074074074074,"_wandb":{"runtime":33},"_step":12,"epoch":10,"_timestamp":1.7414490182713742e+09,"confusion_matrix":{"sha256":"92d4bb19f62a594e3f0c10e63a809ccd317bff066c97203c87194bbafcd23b9a","size":28816,"path":"media/plotly/confusion_matrix_12_92d4bb19f62a594e3f0c.plotly.json","_type":"plotly-file"},"val_accuracy":0.8663333333333333,"best_train_accuracy":0.8764074074074074,"val_loss":0.21159932502848575,"train_loss":0.19747561185985676,"_runtime":33.9051631}