{"best_epoch":3,"epoch":15,"train_loss":2.302668390920869,"train_accuracy":0.09861111111111111,"best_val_accuracy":0.09416666666666666,"val_loss":2.302737382206318,"_wandb":{"runtime":43},"_timestamp":1.7412519467162344e+09,"best_train_loss":2.302658999576332,"_runtime":42.9791724,"val_accuracy":0.0925,"best_train_accuracy":0.09851851851851852,"_step":15,"best_val_loss":2.3028107408091736}