{"_step":20,"epoch":20,"_timestamp":1.7414060419008982e+09,"val_loss":0.3549295902868367,"best_val_accuracy":0.8886666666666667,"train_loss":0.19880663023823095,"best_epoch":18,"best_train_accuracy":0.9233888888888889,"train_accuracy":0.9256111111111112,"best_val_loss":0.34138688877081375,"best_train_loss":0.20489217219800857,"_wandb":{"runtime":25},"_runtime":25.1488122,"val_accuracy":0.8815}