{"_runtime":11.3461597,"_step":10,"best_train_accuracy":0.862037037037037,"val_loss":0.3986792642752792,"best_val_accuracy":0.8588333333333333,"val_accuracy":0.8588333333333333,"best_train_loss":0.39394494837594546,"best_epoch":9,"epoch":10,"train_accuracy":0.862037037037037,"_wandb":{"runtime":11},"_timestamp":1.7413663519591417e+09,"best_val_loss":0.3986792642752792,"train_loss":0.39394494837594546}