{"val_loss":0.34027593293561575,"train_loss":0.29027501351447377,"_timestamp":1.7413742238448288e+09,"best_epoch":19,"train_accuracy":0.895,"best_val_loss":0.34027593293561575,"_runtime":44.7968219,"_step":20,"best_train_loss":0.29027501351447377,"_wandb":{"runtime":44},"best_train_accuracy":0.895,"best_val_accuracy":0.8811666666666667,"epoch":20,"val_accuracy":0.8811666666666667}