{"best_train_loss":0.3152996890444103,"train_loss":0.3051973817670189,"val_loss":0.34910380106165206,"best_val_loss":0.35039040327504584,"best_train_accuracy":0.8872407407407408,"epoch":15,"train_accuracy":0.8903333333333333,"best_epoch":12,"_step":15,"best_val_accuracy":0.8753333333333333,"val_accuracy":0.8733333333333333,"_timestamp":1.7412681667350085e+09,"_wandb":{"runtime":50},"_runtime":50.286081}