{"_step":20,"_wandb":{"runtime":23},"val_accuracy":0.8923333333333333,"train_accuracy":0.9302592592592592,"train_loss":0.18796324855721577,"_runtime":22.9862397,"best_val_loss":0.3095463153918649,"best_epoch":19,"_timestamp":1.7413965871974528e+09,"best_val_accuracy":0.8923333333333333,"epoch":20,"best_train_accuracy":0.9302592592592592,"val_loss":0.3095463153918649,"best_train_loss":0.18796324855721577}