{"best_val_loss":0.31962075263403417,"_timestamp":1.741376562677902e+09,"train_loss":0.1602853867654044,"_runtime":23.9276952,"epoch":20,"best_train_loss":0.16704165813115923,"val_loss":0.32911031780794253,"val_accuracy":0.8945,"best_epoch":18,"train_accuracy":0.9415555555555556,"_wandb":{"runtime":23},"_step":20,"best_val_accuracy":0.8961666666666667,"best_train_accuracy":0.9389259259259259}