{"_runtime":22.3341141,"train_accuracy":0.9389444444444445,"epoch":20,"val_loss":0.3375857237902752,"val_accuracy":0.8881666666666667,"best_train_loss":0.1707604816456607,"_timestamp":1.7413859230140252e+09,"_wandb":{"runtime":22},"best_val_loss":0.3407070583850737,"best_epoch":17,"_step":20,"best_train_accuracy":0.9360555555555555,"best_val_accuracy":0.8931666666666667,"train_loss":0.16356671421382776}