{"val_loss":0.3612319494049658,"train_accuracy":0.8786481481481482,"_wandb":{"runtime":20},"best_train_loss":0.3478100188150297,"train_loss":0.34147028633394494,"best_epoch":8,"_step":10,"val_accuracy":0.868,"_timestamp":1.7413663480583432e+09,"best_val_accuracy":0.8718333333333333,"best_val_loss":0.36074939724300636,"best_train_accuracy":0.8750370370370371,"epoch":10,"_runtime":20.9400731}