{"best_val_loss":0.3467837704661091,"train_loss":0.16014579423369965,"_timestamp":1.741405235564103e+09,"best_train_loss":0.16014579423369965,"best_val_accuracy":0.8946666666666667,"val_loss":0.3467837704661091,"_step":20,"train_accuracy":0.9398333333333333,"_wandb":{"runtime":28},"best_train_accuracy":0.9398333333333333,"val_accuracy":0.8946666666666667,"best_epoch":19,"_runtime":28.3377211,"epoch":20}