{"_runtime":42.9373429,"best_val_accuracy":0.8915,"best_epoch":13,"best_val_loss":0.3255695195030943,"_step":20,"best_train_accuracy":0.9194444444444444,"_wandb":{"runtime":42},"train_loss":0.17865456758348525,"train_accuracy":0.9333888888888889,"_timestamp":1.7413936544358947e+09,"val_accuracy":0.8895,"epoch":20,"val_loss":0.3333226047572286,"best_train_loss":0.21660430951706394}