{"_step":20,"best_train_loss":0.17876268484226002,"_timestamp":1.7414114333347373e+09,"_wandb":{"runtime":27},"best_val_loss":0.3296811546901961,"best_val_accuracy":0.893,"best_train_accuracy":0.9323333333333333,"train_accuracy":0.941462962962963,"train_loss":0.1562527639894775,"epoch":20,"val_accuracy":0.8908333333333334,"val_loss":0.34181505791960876,"best_epoch":15,"_runtime":27.572087}