{"_wandb":{"runtime":19},"_step":20,"val_loss":0.34490477855880053,"_runtime":19.6127371,"val_accuracy":0.8901666666666667,"epoch":20,"_timestamp":1.7413832231509016e+09,"best_val_loss":0.3369629098888253,"train_loss":0.18170012280530345,"best_epoch":17,"best_train_loss":0.19053993685119078,"best_train_accuracy":0.9295,"best_val_accuracy":0.8928333333333334,"train_accuracy":0.9321111111111111}