{"epoch":20,"_runtime":32.7800502,"train_accuracy":0.9392777777777778,"_wandb":{"runtime":32},"val_accuracy":0.8921666666666667,"best_epoch":13,"best_train_loss":0.1973902892434058,"train_loss":0.16120171278998302,"best_val_accuracy":0.8926666666666667,"val_loss":0.3322652047010135,"_step":20,"_timestamp":1.741410533210777e+09,"best_val_loss":0.31721259295080845,"best_train_accuracy":0.9260555555555555}