{"_wandb":{"runtime":34},"_step":15,"val_loss":0.37852544467523347,"train_accuracy":0.8689814814814815,"epoch":15,"best_val_accuracy":0.8618333333333333,"_runtime":34.765808,"best_val_loss":0.37852544467523347,"best_epoch":14,"best_train_accuracy":0.8689814814814815,"best_train_loss":0.37124939618633934,"val_accuracy":0.8618333333333333,"_timestamp":1.741269054480345e+09,"train_loss":0.37124939618633934}