{"best_train_accuracy":0.8716296296296296,"val_accuracy":0.8623333333333333,"_step":15,"best_train_loss":0.35996153162011735,"train_accuracy":0.8777962962962963,"best_epoch":11,"train_loss":0.3434217539927329,"val_loss":0.36686887608726776,"best_val_accuracy":0.8636666666666667,"_wandb":{"runtime":54},"_timestamp":1.7412656867449532e+09,"_runtime":54.0665086,"best_val_loss":0.37797964034232356,"epoch":15}