{"val_loss":0.3799361265171131,"test_loss":0.4000982530620096,"best_val_accuracy":0.8983333333333333,"train_loss":0.0715818944593102,"best_train_accuracy":0.9586851851851852,"best_val_loss":0.33925668739264425,"_wandb":{"runtime":252},"epoch":30,"best_epoch":22,"_runtime":252.8383519,"_timestamp":1.7414362073220644e+09,"best_train_loss":0.11221465744299729,"val_accuracy":0.8946666666666667,"test_accuracy":0.8921,"confusion_matrix":{"size":28785,"path":"media/plotly/confusion_matrix_32_7fea58a268b1bf63a91d.plotly.json","_type":"plotly-file","sha256":"7fea58a268b1bf63a91d8d3bd2cb34467debf33b6944dec640c01fb639f2b2e6"},"_step":32,"train_accuracy":0.9739444444444444}