{"best_train_loss":0.3478234534270856,"epoch":15,"best_val_accuracy":0.8693333333333333,"train_loss":0.3478234534270856,"best_train_accuracy":0.8802777777777778,"_step":15,"val_accuracy":0.8693333333333333,"_wandb":{"runtime":45},"_timestamp":1.7412728965787423e+09,"_runtime":45.7742702,"train_accuracy":0.8802777777777778,"best_epoch":14,"best_val_loss":0.3845083716167165,"val_loss":0.3845083716167165}