{"_runtime":52.9096499,"_timestamp":1.741379176526279e+09,"_step":20,"best_train_loss":0.22908852043291805,"best_epoch":11,"best_train_accuracy":0.9143888888888889,"best_val_loss":0.3174289029825899,"best_val_accuracy":0.892,"val_accuracy":0.8831666666666667,"epoch":20,"val_loss":0.36146615537887694,"_wandb":{"runtime":52},"train_loss":0.17339862568251982,"train_accuracy":0.9350740740740741}