{"_step":15,"val_accuracy":0.8431666666666666,"best_epoch":14,"_wandb":{"runtime":22},"best_val_accuracy":0.8431666666666666,"train_accuracy":0.849037037037037,"_runtime":22.3140567,"_timestamp":1.7412719797849398e+09,"best_train_accuracy":0.849037037037037,"train_loss":0.4323708144700427,"val_loss":0.4340383988517563,"best_val_loss":0.4340383988517563,"epoch":15,"best_train_loss":0.4323708144700427}