{"_timestamp":1.7412603793028243e+09,"train_accuracy":0.8744259259259259,"best_train_accuracy":0.8708148148148148,"epoch":15,"best_val_accuracy":0.862,"_step":15,"best_train_loss":0.36365118443640926,"val_loss":0.4431530956743498,"best_epoch":7,"best_val_loss":0.41531764981714675,"train_loss":0.35765066151108527,"val_accuracy":0.8426666666666667,"_runtime":69.4284552,"_wandb":{"runtime":69}}