{"train_loss":0.18136059173743252,"epoch":20,"train_accuracy":0.9318703703703703,"best_train_loss":0.18136059173743252,"val_accuracy":0.892,"best_epoch":19,"best_val_accuracy":0.892,"_runtime":24.2380615,"best_train_accuracy":0.9318703703703703,"_wandb":{"runtime":24},"_step":20,"val_loss":0.34477298947338225,"best_val_loss":0.34477298947338225,"_timestamp":1.7414000638154047e+09}