{"val_loss":0.33550047976609515,"val_accuracy":0.8788333333333334,"_wandb":{"runtime":71},"_runtime":71.334589,"_step":20,"best_train_accuracy":0.8921111111111111,"_timestamp":1.741371660770242e+09,"train_accuracy":0.8930925925925925,"best_val_accuracy":0.8796666666666667,"best_val_loss":0.33150776689433314,"best_train_loss":0.29514272995733376,"best_epoch":18,"train_loss":0.2906540443873413,"epoch":20}