{"test_loss":0.22396317927520484,"best_val_accuracy":0.861,"val_loss":0.21787008313514983,"best_train_accuracy":0.8687222222222222,"_step":7,"best_val_loss":0.20905283561450452,"test_accuracy":0.8535,"_wandb":{"runtime":22},"train_loss":0.19356774431339543,"train_accuracy":0.8714074074074074,"best_epoch":3,"epoch":5,"val_accuracy":0.8571666666666666,"_runtime":22.2444369,"confusion_matrix":{"_type":"plotly-file","sha256":"ed4b8dc8acf7e902b7dc718b4a53789938d373d7a5a229581bdfc76e1984eaeb","size":28801,"path":"media/plotly/confusion_matrix_7_ed4b8dc8acf7e902b7dc.plotly.json"},"best_train_loss":0.20047892202394646,"_timestamp":1.741449513291531e+09}