{"_step":15,"_runtime":77.5289416,"best_epoch":12,"best_train_loss":0.36258978350999893,"val_accuracy":0.8595,"epoch":15,"_wandb":{"runtime":77},"val_loss":0.4034841102554929,"best_val_accuracy":0.8651666666666666,"_timestamp":1.7412578164251258e+09,"best_val_loss":0.38943083781547777,"train_loss":0.35499278163798814,"train_accuracy":0.8759259259259259,"best_train_accuracy":0.8727037037037036}