{"_timestamp":1.7413656443181586e+09,"_step":10,"train_loss":0.3730006070592918,"best_epoch":8,"best_val_accuracy":0.8606666666666667,"_runtime":31.0532375,"val_accuracy":0.857,"best_val_loss":0.3968233913752178,"_wandb":{"runtime":31},"best_train_accuracy":0.868037037037037,"train_accuracy":0.8694444444444445,"val_loss":0.4031441622121487,"best_train_loss":0.37601547988895373,"epoch":10}