{"_timestamp":1.7413787467309034e+09,"train_accuracy":0.9380925925925926,"val_accuracy":0.8913333333333333,"val_loss":0.32789983983585896,"train_loss":0.16565645130732268,"best_epoch":16,"best_val_loss":0.30889015856731344,"_runtime":39.6459204,"best_train_loss":0.1817856503486392,"_wandb":{"runtime":39},"best_val_accuracy":0.8936666666666667,"_step":20,"epoch":20,"best_train_accuracy":0.9323703703703704}