{"train_loss":0.19111078193607664,"best_train_loss":0.21197719019010478,"val_loss":0.3209262086922298,"_timestamp":1.7413803454852605e+09,"best_epoch":15,"_wandb":{"runtime":21},"epoch":20,"best_train_accuracy":0.9213703703703704,"val_accuracy":0.8896666666666667,"_runtime":21.196382,"train_accuracy":0.929037037037037,"_step":20,"best_val_loss":0.31296930921426824,"best_val_accuracy":0.89}