{"_step":20,"best_train_loss":0.20576196406934438,"train_accuracy":0.9336296296296296,"train_loss":0.1775298892088529,"best_epoch":15,"best_val_loss":0.30489202700933826,"best_val_accuracy":0.8943333333333333,"best_train_accuracy":0.9220925925925926,"_runtime":23.0079447,"val_loss":0.3190683217756173,"_timestamp":1.7413881896936874e+09,"_wandb":{"runtime":23},"epoch":20,"val_accuracy":0.893}