{"_timestamp":1.7413607931455762e+09,"val_accuracy":0.21166666666666667,"epoch":10,"train_accuracy":0.2139814814814815,"best_val_accuracy":0.2395,"_wandb":{"runtime":45},"_runtime":45.7628152,"best_train_accuracy":0.20662962962962964,"best_val_loss":1.6858482695791532,"train_loss":1.6780257198009962,"best_epoch":8,"_step":10,"val_loss":1.6743241755790192,"best_train_loss":1.6917472281176071}