{"_timestamp":1.7414042473905122e+09,"best_train_loss":0.1991856069743741,"epoch":20,"best_val_accuracy":0.8903333333333333,"best_val_loss":0.34920305319430367,"_runtime":19.5944244,"train_loss":0.1802840435195569,"val_loss":0.36581713341342215,"val_accuracy":0.8863333333333333,"train_accuracy":0.9313888888888889,"best_epoch":16,"_wandb":{"runtime":19},"_step":20,"best_train_accuracy":0.9243703703703704}