{"best_val_accuracy":0.8688333333333333,"best_val_loss":0.3721555011340349,"epoch":10,"best_epoch":5,"_timestamp":1.7413661338170052e+09,"_runtime":14.3514079,"train_accuracy":0.8776111111111111,"val_loss":0.40689057777816695,"train_loss":0.35829943137232184,"_step":10,"_wandb":{"runtime":14},"best_train_loss":0.36219206801625914,"best_train_accuracy":0.8734444444444445,"val_accuracy":0.8671666666666666}