{"_timestamp":1.7414048305792441e+09,"epoch":20,"_step":20,"best_val_loss":0.325142247094733,"train_accuracy":0.9295740740740741,"val_loss":0.3298704847468766,"_wandb":{"runtime":20},"val_accuracy":0.8896666666666667,"best_train_accuracy":0.9276111111111112,"best_train_loss":0.19827108733070287,"best_epoch":18,"_runtime":20.6968721,"train_loss":0.19335351419613195,"best_val_accuracy":0.891}