{"epoch":10,"best_train_accuracy":0.8702407407407408,"_runtime":31.6311412,"train_loss":0.36878104337714646,"best_val_loss":0.3812321557996202,"best_epoch":9,"val_loss":0.3812321557996202,"_wandb":{"runtime":31},"_step":10,"train_accuracy":0.8702407407407408,"val_accuracy":0.8626666666666667,"_timestamp":1.7413646621498783e+09,"best_val_accuracy":0.8626666666666667,"best_train_loss":0.36878104337714646}