{"best_train_loss":0.6196552172839671,"best_val_accuracy":0.6583333333333333,"best_train_accuracy":0.6443518518518518,"val_loss":0.6049723115652799,"test_accuracy":0.6438,"train_accuracy":0.6443518518518518,"confusion_matrix":{"path":"media/plotly/confusion_matrix_12_8a37b5b4fa22bd6d37d4.plotly.json","_type":"plotly-file","sha256":"8a37b5b4fa22bd6d37d43e0a791c1fb3bfc0ff1df19061f8373956ed85b76e01","size":28912},"epoch":10,"best_epoch":9,"_timestamp":1.741448374104141e+09,"test_loss":0.6108750722144871,"train_loss":0.6196552172839671,"best_val_loss":0.6049723115652799,"val_accuracy":0.6583333333333333,"_wandb":{"runtime":45},"_runtime":45.6099177,"_step":12}