{"best_val_accuracy":0.8988333333333334,"epoch":20,"val_loss":0.3325852014321791,"best_val_loss":0.3148558743976681,"_step":20,"best_train_accuracy":0.9388148148148148,"val_accuracy":0.8908333333333334,"best_epoch":18,"best_train_loss":0.16612106821421468,"train_loss":0.16055743300331624,"train_accuracy":0.9403888888888889,"_runtime":23.6156232,"_timestamp":1.7414100173496711e+09,"_wandb":{"runtime":23}}