{"val_accuracy":0.89,"_wandb":{"runtime":84},"_timestamp":1.741392897524963e+09,"best_train_loss":0.1803204100768948,"val_loss":0.3419253787288462,"best_val_loss":0.3363597475685517,"_runtime":84.0992298,"train_loss":0.17552507232646916,"best_epoch":18,"train_accuracy":0.9332962962962963,"epoch":20,"best_val_accuracy":0.8911666666666667,"best_train_accuracy":0.9322407407407407,"_step":20}