{"train_accuracy":0.8843333333333333,"best_val_accuracy":0.8733333333333333,"epoch":10,"best_train_loss":0.3207295512929217,"_wandb":{"runtime":24},"val_loss":0.34912290529702816,"val_accuracy":0.8733333333333333,"_runtime":24.5392154,"_timestamp":1.7413652543298702e+09,"_step":10,"train_loss":0.3207295512929217,"best_epoch":9,"best_val_loss":0.34912290529702816,"best_train_accuracy":0.8843333333333333}