{"_step":10,"best_train_accuracy":0.878962962962963,"best_val_loss":0.37071891660678763,"best_train_loss":0.3300880951218649,"val_loss":0.3863749492424184,"_runtime":9.6238496,"epoch":10,"train_accuracy":0.8822777777777778,"best_epoch":8,"train_loss":0.32223984595318683,"best_val_accuracy":0.8725,"_wandb":{"runtime":9},"val_accuracy":0.8651666666666666,"_timestamp":1.7413649981037467e+09}