{"train_accuracy":0.9277962962962963,"_runtime":25.4163042,"epoch":20,"_step":20,"best_epoch":16,"best_val_loss":0.3408970954470716,"best_train_loss":0.20449026359878375,"val_loss":0.3516821771687343,"val_accuracy":0.8913333333333333,"best_train_accuracy":0.9238888888888889,"train_loss":0.19268234143019466,"_wandb":{"runtime":25},"best_val_accuracy":0.8918333333333334,"_timestamp":1.7414076837394092e+09}