{"best_train_loss":0.45413530443225464,"val_loss":0.46865138990965677,"train_loss":0.45413530443225464,"train_accuracy":0.8410740740740741,"_timestamp":1.7412783221380684e+09,"best_val_accuracy":0.835,"_runtime":53.0225336,"_wandb":{"runtime":53},"epoch":15,"best_epoch":14,"val_accuracy":0.835,"_step":15,"best_val_loss":0.46865138990965677,"best_train_accuracy":0.8410740740740741}