{"best_epoch":9,"_wandb":{"runtime":19},"best_train_loss":0.15770656171401784,"val_loss":0.1857300377891597,"confusion_matrix":{"_type":"plotly-file","sha256":"57663283a7d4d73168b39318f889c7ca3e8d54f6897017c82783fbf0e0efe7ae","size":28804,"path":"media/plotly/confusion_matrix_12_57663283a7d4d73168b3.plotly.json"},"best_train_accuracy":0.8967222222222222,"_timestamp":1.7414576696853306e+09,"_step":12,"val_accuracy":0.8805,"_runtime":19.397748,"test_loss":0.19520319702757893,"train_accuracy":0.8967222222222222,"train_loss":0.15770656171401784,"test_accuracy":0.8714,"best_val_loss":0.1857300377891597,"best_val_accuracy":0.8805,"epoch":10}