{"train_accuracy":0.8742407407407408,"epoch":15,"_step":15,"val_loss":0.37365569105938445,"_wandb":{"runtime":30},"best_train_loss":0.35867636399168773,"_runtime":30.5407431,"train_loss":0.35414734935763437,"best_val_accuracy":0.8688333333333333,"best_val_loss":0.3744472000230742,"_timestamp":1.741280326068762e+09,"val_accuracy":0.8663333333333333,"best_epoch":13,"best_train_accuracy":0.8726296296296296}