{"best_train_accuracy":0.807962962962963,"best_epoch":14,"_runtime":27.7259655,"best_val_accuracy":0.7996666666666666,"epoch":15,"train_loss":0.5816088903926766,"_step":15,"val_loss":0.6022764830773805,"train_accuracy":0.807962962962963,"best_val_loss":0.6022764830773805,"val_accuracy":0.7996666666666666,"_timestamp":1.7412536017893336e+09,"best_train_loss":0.5816088903926766,"_wandb":{"runtime":27}}