{"_step":20,"train_loss":0.1810165111571333,"_timestamp":1.7414038921376884e+09,"best_train_loss":0.22471446402333728,"train_accuracy":0.9319259259259259,"val_accuracy":0.8886666666666667,"best_val_loss":0.30073379429187186,"_wandb":{"runtime":22},"val_loss":0.33619881278991165,"_runtime":22.5498977,"best_epoch":12,"best_val_accuracy":0.891,"best_train_accuracy":0.9159074074074074,"epoch":20}