{"_wandb":{"runtime":23},"best_train_loss":0.1696722925787804,"best_val_loss":0.31651297522825145,"best_train_accuracy":0.9371851851851852,"_step":20,"_runtime":23.6961712,"train_accuracy":0.9402222222222222,"best_epoch":17,"epoch":20,"train_loss":0.16128641702566635,"val_accuracy":0.892,"_timestamp":1.741387191632188e+09,"best_val_accuracy":0.8951666666666667,"val_loss":0.3427309052702934}