{"val_accuracy":0.8431666666666666,"_timestamp":1.741253405897743e+09,"best_train_loss":0.4255633235405167,"train_loss":0.4255633235405167,"best_train_accuracy":0.8521111111111112,"_runtime":18.975183,"val_loss":0.43332869619691256,"best_epoch":14,"_step":15,"epoch":15,"best_val_accuracy":0.8431666666666666,"_wandb":{"runtime":19},"best_val_loss":0.43332869619691256,"train_accuracy":0.8521111111111112}