{"_wandb":{"runtime":45},"best_val_loss":0.4286801217431155,"val_loss":0.5355033112533603,"best_train_accuracy":0.8503888888888889,"_timestamp":1.741268628648664e+09,"train_loss":0.5027782129644863,"_step":15,"best_epoch":7,"_runtime":45.9293961,"epoch":15,"best_train_loss":0.49099348099449186,"best_val_accuracy":0.8693333333333333,"train_accuracy":0.8592407407407407,"val_accuracy":0.8635}