{"best_val_loss":0.3092733985551754,"_timestamp":1.741394471383362e+09,"train_accuracy":0.9329259259259259,"best_val_accuracy":0.893,"_step":20,"_runtime":27.3998075,"best_train_accuracy":0.9208148148148149,"best_train_loss":0.21244241722244747,"epoch":20,"_wandb":{"runtime":27},"train_loss":0.17610539488544194,"best_epoch":13,"val_loss":0.32492725138382195,"val_accuracy":0.8881666666666667}