{"best_val_accuracy":0.8923333333333333,"val_accuracy":0.8893333333333333,"best_train_loss":0.20896136051449526,"val_loss":0.3294430903496203,"best_epoch":15,"_wandb":{"runtime":40},"train_loss":0.1837846265856177,"epoch":20,"best_val_loss":0.3238499931361143,"best_train_accuracy":0.9227222222222222,"train_accuracy":0.931537037037037,"_step":20,"_timestamp":1.741408443935558e+09,"_runtime":40.7397206}