{"best_val_loss":0.41202125470789996,"best_epoch":2,"_timestamp":1.7413646680803542e+09,"_step":5,"best_val_accuracy":0.8605,"train_loss":0.4014914902411673,"epoch":5,"best_train_accuracy":0.8613888888888889,"val_accuracy":0.8583333333333333,"best_train_loss":0.3966310926692607,"_runtime":9.1733864,"train_accuracy":0.8658333333333333,"_wandb":{"runtime":9},"val_loss":0.4306127951111612}