{"_step":20,"_timestamp":1.7414022421389434e+09,"_wandb":{"runtime":33},"best_train_accuracy":0.9376481481481481,"best_epoch":18,"val_accuracy":0.8901666666666667,"epoch":20,"best_val_loss":0.32627793251127774,"best_train_loss":0.1660120418919722,"val_loss":0.3359186120648645,"_runtime":33.3994767,"train_loss":0.15845969613978686,"best_val_accuracy":0.8926666666666667,"train_accuracy":0.9411851851851852}