{"_step":20,"best_val_accuracy":0.8955,"_wandb":{"runtime":71},"val_loss":0.3866827839628961,"train_accuracy":0.9353703703703704,"train_loss":0.16946438756195145,"epoch":20,"_timestamp":1.7414068153002322e+09,"best_epoch":17,"_runtime":71.4918501,"best_train_loss":0.17546794946163508,"val_accuracy":0.8843333333333333,"best_train_accuracy":0.9334074074074074,"best_val_loss":0.3400434166262047}