{"_timestamp":1.741464862859644e+09,"_step":32,"train_loss":0.06917537797174637,"test_accuracy":0.8948,"_runtime":193.7332364,"epoch":30,"_wandb":{"runtime":193},"val_loss":0.3840869097099124,"train_accuracy":0.9751666666666666,"test_loss":0.40688266588262584,"best_train_loss":0.06917537797174637,"confusion_matrix":{"path":"media/plotly/confusion_matrix_32_03202af17da696c341e4.plotly.json","_type":"plotly-file","sha256":"03202af17da696c341e481c4e33ed820d1b27069988aca060dad107a0c3e33a9","size":28795},"best_epoch":29,"best_val_accuracy":0.898,"val_accuracy":0.898,"best_val_loss":0.3840869097099124,"best_train_accuracy":0.9751666666666666}