{"best_train_loss":0.3518531791872733,"_timestamp":1.7412583546188831e+09,"best_val_accuracy":0.8678333333333333,"best_epoch":13,"epoch":15,"train_accuracy":0.8761296296296296,"_runtime":44.9737302,"val_accuracy":0.8675,"val_loss":0.3730993608724161,"best_val_loss":0.36873449045647744,"best_train_accuracy":0.8736851851851852,"_wandb":{"runtime":45},"train_loss":0.3459610791823217,"_step":15}