{"best_val_accuracy":0.8938333333333334,"_timestamp":1.7413850920161166e+09,"best_train_loss":0.19958635145747133,"epoch":20,"val_accuracy":0.8891666666666667,"best_train_accuracy":0.926074074074074,"_step":20,"train_accuracy":0.9402407407407407,"best_epoch":13,"_wandb":{"runtime":24},"_runtime":24.3542518,"best_val_loss":0.3097299957084949,"train_loss":0.1610688203839454,"val_loss":0.33652720014012066}