{"train_loss":0.1789172835037211,"_wandb":{"runtime":22},"best_train_loss":0.1789172835037211,"_timestamp":1.7413855433414726e+09,"val_loss":0.3084817369509626,"epoch":20,"best_val_accuracy":0.8951666666666667,"val_accuracy":0.8951666666666667,"best_epoch":19,"_step":20,"best_val_loss":0.3084817369509626,"train_accuracy":0.9332592592592592,"best_train_accuracy":0.9332592592592592,"_runtime":22.7499537}