{"best_val_accuracy":0.8955,"val_loss":0.3463484102319261,"_wandb":{"runtime":43},"train_loss":0.14756549059903254,"best_train_loss":0.1553845529334818,"best_val_loss":0.32773895556645066,"best_epoch":18,"_runtime":43.2415143,"val_accuracy":0.8896666666666667,"_timestamp":1.741377553515749e+09,"best_train_accuracy":0.9417777777777778,"_step":20,"epoch":20,"train_accuracy":0.9452037037037037}