{"_step":20,"epoch":20,"best_val_loss":0.34800761961178,"best_val_accuracy":0.8926666666666667,"val_loss":0.34800761961178,"best_epoch":19,"best_train_accuracy":0.9448148148148148,"_timestamp":1.7413756763728938e+09,"train_loss":0.14647837913246944,"val_accuracy":0.8926666666666667,"best_train_loss":0.14647837913246944,"_runtime":49.5295146,"train_accuracy":0.9448148148148148,"_wandb":{"runtime":49}}