{"val_loss":0.3336403225909221,"best_val_accuracy":0.8961666666666667,"best_train_accuracy":0.9376296296296296,"_wandb":{"runtime":23},"train_accuracy":0.9406296296296296,"train_loss":0.16059241378165554,"best_train_loss":0.16796266444208274,"epoch":20,"_timestamp":1.7414087413048434e+09,"_step":20,"best_epoch":18,"best_val_loss":0.31743455764179845,"val_accuracy":0.8916666666666667,"_runtime":23.9255359}