{"best_train_loss":0.42788210615343475,"val_accuracy":0.8458333333333333,"train_accuracy":0.8569629629629629,"best_train_accuracy":0.8556666666666667,"_timestamp":1.7413631744083426e+09,"_step":10,"_wandb":{"runtime":25},"train_loss":0.4259385450774058,"best_val_loss":0.43694685165515634,"best_val_accuracy":0.8543333333333333,"epoch":10,"val_loss":0.45914944414522507,"best_epoch":8,"_runtime":25.287593}