{"val_accuracy":0.8608333333333333,"_wandb":{"runtime":35},"best_train_loss":0.37189960493319496,"best_val_loss":0.388709763178751,"train_accuracy":0.869037037037037,"epoch":15,"best_epoch":14,"_step":15,"best_train_accuracy":0.869037037037037,"_timestamp":1.7412772325026357e+09,"train_loss":0.37189960493319496,"val_loss":0.388709763178751,"best_val_accuracy":0.8608333333333333,"_runtime":35.2320689}