{"best_train_loss":0.18605261180372942,"val_loss":0.33999303649505913,"epoch":20,"_timestamp":1.74140765351562e+09,"best_train_accuracy":0.9304814814814815,"best_val_accuracy":0.8916666666666667,"best_epoch":18,"best_val_loss":0.3503341397948438,"_runtime":22.7715303,"train_accuracy":0.9316666666666666,"_wandb":{"runtime":22},"_step":20,"train_loss":0.1819575081561739,"val_accuracy":0.889}