{"_runtime":19.5760154,"best_train_loss":0.19114183973987983,"train_loss":0.18610094996173102,"val_loss":0.4307025911943979,"_wandb":{"runtime":19},"val_accuracy":0.865,"_step":20,"_timestamp":1.7414116066245558e+09,"epoch":20,"best_val_accuracy":0.8945,"best_epoch":18,"train_accuracy":0.9303148148148148,"best_train_accuracy":0.9286851851851852,"best_val_loss":0.31305853652054916}