{"val_accuracy":0.8881666666666667,"_step":20,"train_accuracy":0.9422407407407407,"_wandb":{"runtime":28},"best_train_loss":0.181472155955605,"_timestamp":1.74139097966943e+09,"val_loss":0.34720762072829575,"best_train_accuracy":0.9331481481481482,"epoch":20,"train_loss":0.15637979412979885,"_runtime":28.8181199,"best_val_accuracy":0.8951666666666667,"best_val_loss":0.3129099911370021,"best_epoch":15}