{"train_accuracy":0.8910185185185185,"epoch":10,"best_train_loss":0.30144006166141407,"_step":10,"best_val_accuracy":0.875,"val_loss":0.35650250429134434,"_wandb":{"runtime":14},"_timestamp":1.741365119671562e+09,"train_loss":0.30144006166141407,"best_train_accuracy":0.8910185185185185,"best_val_loss":0.35650250429134434,"_runtime":14.770284,"best_epoch":9,"val_accuracy":0.875}