{"best_val_loss":0.3566875244483652,"best_val_accuracy":0.8703333333333333,"best_train_loss":0.3702796406923367,"_timestamp":1.7413646833138452e+09,"epoch":5,"_wandb":{"runtime":6},"train_loss":0.3573523120067721,"best_train_accuracy":0.8662592592592593,"train_accuracy":0.8707592592592592,"_runtime":6.8857905,"val_loss":0.3772603141583772,"_step":5,"best_epoch":3,"val_accuracy":0.8643333333333333}