{"best_train_accuracy":0.9398148148148148,"_runtime":28.343058,"best_val_loss":0.327098188147541,"val_accuracy":0.8851666666666667,"_wandb":{"runtime":28},"_timestamp":1.741376177297184e+09,"train_accuracy":0.9420925925925926,"epoch":20,"best_train_loss":0.16191883913453503,"best_epoch":18,"train_loss":0.15528581931823865,"val_loss":0.35032573143287726,"best_val_accuracy":0.8925,"_step":20}