{"best_val_loss":0.3748216672049671,"_step":15,"best_train_loss":0.3572273120932122,"_runtime":44.8176266,"best_epoch":14,"val_accuracy":0.8695,"train_loss":0.3572273120932122,"_timestamp":1.7412736190270505e+09,"val_loss":0.3748216672049671,"train_accuracy":0.8727222222222222,"best_train_accuracy":0.8727222222222222,"epoch":15,"best_val_accuracy":0.8695,"_wandb":{"runtime":44}}