{"val_accuracy":0.8688333333333333,"best_train_loss":0.3371627820034943,"_runtime":20.9985409,"_wandb":{"runtime":21},"_timestamp":1.7413643136174679e+09,"train_accuracy":0.8788518518518519,"best_train_accuracy":0.8788518518518519,"_step":10,"epoch":10,"best_val_accuracy":0.8688333333333333,"val_loss":0.36744690377302813,"best_epoch":9,"train_loss":0.3371627820034943,"best_val_loss":0.36744690377302813}