{"best_train_accuracy":0.8631296296296296,"test_accuracy":0.8464,"best_epoch":2,"epoch":5,"_timestamp":1.7414508735629554e+09,"train_accuracy":0.869037037037037,"_wandb":{"runtime":88},"val_accuracy":0.8546666666666667,"_runtime":88.5080659,"confusion_matrix":{"sha256":"0533440a12cdafe895392d61dbc71c9708dd65aed524ef5beb892b8f811caba0","size":28799,"path":"media/plotly/confusion_matrix_7_0533440a12cdafe89539.plotly.json","_type":"plotly-file"},"best_val_loss":0.21349606598841203,"test_loss":0.23559743052124463,"train_loss":0.20385184501950937,"best_train_loss":0.2111326884689742,"_step":7,"val_loss":0.21980184383776152,"best_val_accuracy":0.86}