{"best_val_loss":0.30409686104746264,"best_train_accuracy":0.931962962962963,"train_loss":0.15939506977322082,"_step":20,"val_loss":0.31759878468869646,"train_accuracy":0.9415,"best_val_accuracy":0.8988333333333334,"best_epoch":15,"_runtime":23.8186198,"best_train_loss":0.18543774482534206,"val_accuracy":0.8976666666666666,"_timestamp":1.741376733565718e+09,"_wandb":{"runtime":23},"epoch":20}