{"best_train_accuracy":0.9253703703703704,"_timestamp":1.7414111490074782e+09,"epoch":20,"train_loss":0.1737969540697525,"best_epoch":15,"best_train_loss":0.19527061802080464,"_wandb":{"runtime":67},"_runtime":67.5228413,"_step":20,"val_accuracy":0.8861666666666667,"best_val_loss":0.3227931721640538,"val_loss":0.36542743892592905,"best_val_accuracy":0.8903333333333333,"train_accuracy":0.933}