{"val_accuracy":0.8925,"_step":30,"best_train_accuracy":0.9441111111111111,"best_val_loss":0.36255411446911195,"best_train_loss":0.14754389092757944,"_wandb":{"runtime":94},"best_val_accuracy":0.8953333333333333,"epoch":30,"train_accuracy":0.9496481481481481,"val_loss":0.35146990192439176,"best_epoch":26,"_timestamp":1.741427723327953e+09,"train_loss":0.13281040262313318,"_runtime":94.1529232}