{"best_train_accuracy":0.8597222222222223,"_wandb":{"runtime":39},"train_loss":0.40143716730480594,"val_loss":0.4008541205002651,"best_val_accuracy":0.8586666666666667,"best_train_loss":0.40143716730480594,"train_accuracy":0.8597222222222223,"_step":10,"_timestamp":1.7413639986364374e+09,"epoch":10,"_runtime":38.9993589,"best_epoch":9,"best_val_loss":0.4008541205002651,"val_accuracy":0.8586666666666667}