{"best_train_accuracy":0.8422222222222222,"_runtime":44.947774,"best_epoch":1,"_wandb":{"runtime":44},"best_val_loss":0.481513903493778,"epoch":15,"best_train_loss":0.4669724812969128,"train_accuracy":0.7907407407407407,"_step":15,"_timestamp":1.741260194221691e+09,"train_loss":0.8263476131349261,"val_accuracy":0.8115,"val_loss":0.7567666511221104,"best_val_accuracy":0.8533333333333334}