{"best_val_loss":0.33072031687829423,"train_loss":0.15699356365363132,"best_train_loss":0.15699356365363132,"epoch":20,"val_loss":0.33072031687829423,"_wandb":{"runtime":56},"val_accuracy":0.8971666666666667,"train_accuracy":0.9411851851851852,"best_val_accuracy":0.8971666666666667,"_timestamp":1.7413747405734868e+09,"_runtime":56.9163538,"_step":20,"best_train_accuracy":0.9411851851851852,"best_epoch":19}