{"best_train_loss":0.5570113002074552,"_wandb":{"runtime":60},"best_val_loss":0.48696983056901144,"best_epoch":4,"_runtime":60.1532168,"best_val_accuracy":0.8618333333333333,"train_accuracy":0.8424444444444444,"epoch":15,"train_loss":0.6474648199895773,"val_loss":0.8236599923914218,"_step":15,"val_accuracy":0.7991666666666667,"best_train_accuracy":0.8416851851851852,"_timestamp":1.741276734427919e+09}