{"val_loss":0.3841403280958136,"best_epoch":14,"_runtime":116.0234573,"val_accuracy":0.8613333333333333,"best_train_loss":0.37289532937527414,"train_accuracy":0.8674074074074074,"best_train_accuracy":0.8674074074074074,"best_val_accuracy":0.8613333333333333,"best_val_loss":0.3841403280958136,"train_loss":0.37289532937527414,"_step":15,"_wandb":{"runtime":116},"epoch":15,"_timestamp":1.7412740997680752e+09}