{"_wandb":{"runtime":64},"_runtime":64.849317,"val_accuracy":0.09733333333333333,"train_accuracy":0.09885185185185186,"best_train_accuracy":0.09825925925925925,"_step":15,"best_train_loss":2.3026080995534963,"train_loss":2.302612655591104,"best_val_loss":2.3025744494382256,"best_epoch":3,"best_val_accuracy":0.1055,"epoch":15,"_timestamp":1.7412509495614269e+09,"val_loss":2.3026135105167933}