{"val_loss":0.34625170906124764,"_wandb":{"runtime":33},"best_val_accuracy":0.8956666666666667,"_step":20,"best_train_loss":0.17214342349729286,"best_epoch":16,"best_train_accuracy":0.936037037037037,"best_val_loss":0.3280558891096665,"_timestamp":1.7413771742186685e+09,"_runtime":32.9979606,"train_accuracy":0.9422962962962963,"epoch":20,"val_accuracy":0.8921666666666667,"train_loss":0.15365557926795193}