{"_timestamp":1.7412718158033855e+09,"best_val_accuracy":0.8718333333333333,"train_loss":0.3208292628270366,"_runtime":32.7355026,"best_val_loss":0.35551022573662394,"epoch":15,"best_train_accuracy":0.8785185185185185,"val_loss":0.3699624071421515,"_wandb":{"runtime":32},"_step":15,"train_accuracy":0.8828148148148148,"best_epoch":9,"val_accuracy":0.8663333333333333,"best_train_loss":0.333444622184513}