{"best_val_accuracy":0.7958333333333333,"best_train_accuracy":0.794074074074074,"val_loss":0.5606585425276823,"val_accuracy":0.7958333333333333,"_wandb":{"runtime":74},"train_accuracy":0.794074074074074,"train_loss":0.5799922603085442,"_runtime":74.4225672,"_timestamp":1.7412667587496092e+09,"_step":15,"best_val_loss":0.5606585425276823,"best_train_loss":0.5799922603085442,"epoch":15,"best_epoch":14}