{"best_train_loss":0.16776087505422407,"_wandb":{"runtime":36},"best_val_accuracy":0.8946666666666667,"best_val_loss":0.34279298586210566,"_step":20,"train_accuracy":0.9365740740740741,"best_train_accuracy":0.9365740740740741,"val_loss":0.34279298586210566,"_timestamp":1.7413963067979e+09,"train_loss":0.16776087505422407,"epoch":20,"best_epoch":19,"val_accuracy":0.8946666666666667,"_runtime":36.575841}