{"val_accuracy":0.8621666666666666,"_wandb":{"runtime":28},"train_loss":0.18342965442321937,"best_val_accuracy":0.8678333333333333,"epoch":5,"test_loss":0.21868138377987315,"best_train_loss":0.20889604612330742,"_runtime":28.2869078,"confusion_matrix":{"sha256":"3736a5f6879954deceedd49480121fbc5824837ab00af1ef7a76b7c5eb818762","size":28796,"path":"media/plotly/confusion_matrix_7_3736a5f6879954deceed.plotly.json","_type":"plotly-file"},"_step":7,"best_train_accuracy":0.8634444444444445,"val_loss":0.21495697460322674,"test_accuracy":0.857,"best_epoch":1,"best_val_loss":0.20759817997146657,"_timestamp":1.741457428375578e+09,"train_accuracy":0.8813333333333333}