{"confusion_matrix":{"_type":"plotly-file","sha256":"a2f236479ed6f8831453112c090376e381b7e7de6015e8be1b301f6cb0d8a3d8","size":28800,"path":"media/plotly/confusion_matrix_12_a2f236479ed6f8831453.plotly.json"},"best_train_loss":0.16997747937516142,"best_val_loss":0.1943937565918406,"_timestamp":1.74145674657717e+09,"test_loss":0.20111651397109917,"_runtime":477.4990058,"test_accuracy":0.8747,"best_epoch":9,"train_accuracy":0.8904814814814814,"best_val_accuracy":0.8788333333333334,"_wandb":{"runtime":477},"val_loss":0.1943937565918406,"best_train_accuracy":0.8904814814814814,"epoch":10,"_step":12,"train_loss":0.16997747937516142,"val_accuracy":0.8788333333333334}