{"_wandb":{"runtime":26},"_step":12,"best_val_loss":0.17466614860971139,"best_train_loss":0.15032710105776997,"train_accuracy":0.9031851851851852,"epoch":10,"_runtime":26.0357699,"val_accuracy":0.8853333333333333,"test_accuracy":0.8799,"val_loss":0.17466614860971139,"train_loss":0.15032710105776997,"best_val_accuracy":0.8853333333333333,"test_loss":0.18320872644361322,"best_train_accuracy":0.9031851851851852,"_timestamp":1.7414494632780674e+09,"best_epoch":9,"confusion_matrix":{"_type":"plotly-file","sha256":"a08223637dc76be6b666051d15fd0116cfa8d131867212726fd441f002909224","size":28794,"path":"media/plotly/confusion_matrix_12_a08223637dc76be6b666.plotly.json"}}