{"val_loss":0.37014875552716225,"_step":20,"train_loss":0.1608486946109941,"best_val_loss":0.312472298695142,"best_train_loss":0.205519637072086,"best_train_accuracy":0.9224629629629629,"train_accuracy":0.9388888888888889,"val_accuracy":0.8906666666666667,"_wandb":{"runtime":22},"_timestamp":1.7413951102733834e+09,"best_epoch":12,"epoch":20,"_runtime":22.1985253,"best_val_accuracy":0.8921666666666667}