{"epoch":10,"_runtime":42.0220971,"best_train_accuracy":0.8851851851851852,"train_loss":0.3185885411054828,"_timestamp":1.741364710963019e+09,"_wandb":{"runtime":42},"train_accuracy":0.8851851851851852,"best_val_loss":0.3475188017757587,"val_accuracy":0.8748333333333334,"best_val_accuracy":0.8748333333333334,"_step":10,"val_loss":0.3475188017757587,"best_epoch":9,"best_train_loss":0.3185885411054828}