{"best_train_accuracy":0.8537037037037037,"best_val_accuracy":0.85,"test_loss":0.2565363226716277,"val_loss":0.24633288304278803,"_wandb":{"runtime":36},"epoch":10,"best_epoch":8,"_step":12,"_timestamp":1.7414575059321826e+09,"best_train_loss":0.2483229777449519,"train_accuracy":0.855574074074074,"best_val_loss":0.25227456604795084,"_runtime":36.0235505,"test_accuracy":0.8443,"val_accuracy":0.8483333333333334,"train_loss":0.24230652087332125,"confusion_matrix":{"_type":"plotly-file","sha256":"25c143a69b9771c49db0f7c8b4edeb6bbae1d6bbef90cae75d67437706be094c","size":28834,"path":"media/plotly/confusion_matrix_12_25c143a69b9771c49db0.plotly.json"}}