{"_timestamp":1.7412670511411946e+09,"train_loss":0.3426355095767007,"best_train_accuracy":0.8857777777777778,"_runtime":58.3521614,"best_epoch":13,"val_accuracy":0.8748333333333334,"train_accuracy":0.8867592592592592,"_wandb":{"runtime":58},"best_val_loss":0.37149734148139213,"_step":15,"best_train_loss":0.34430331671601916,"epoch":15,"val_loss":0.3788526454281337,"best_val_accuracy":0.8756666666666667}