{"train_loss":1.8080896612284163,"best_train_accuracy":0.8089074074074074,"val_accuracy":0.537,"_step":10,"best_val_accuracy":0.8358333333333333,"best_train_loss":0.7185243962894552,"epoch":10,"val_loss":1.3563537681930806,"train_accuracy":0.6406666666666667,"_runtime":71.2419459,"_timestamp":1.74136601805528e+09,"best_val_loss":0.5225196038462566,"best_epoch":1,"_wandb":{"runtime":71}}