{"best_train_loss":0.16252152359388095,"best_epoch":18,"best_train_accuracy":0.9389074074074074,"train_loss":0.15614002829315843,"_wandb":{"runtime":32},"_timestamp":1.7413793112073653e+09,"val_loss":0.35682243252049817,"val_accuracy":0.886,"train_accuracy":0.9414074074074074,"best_val_accuracy":0.8913333333333333,"best_val_loss":0.34588700529199157,"_step":20,"_runtime":32.7983074,"epoch":20}