{"val_accuracy":0.2165,"train_loss":2.293351809334593,"_timestamp":1.7413612028312438e+09,"_wandb":{"runtime":76},"best_val_accuracy":0.5983333333333334,"val_loss":2.296541333068897,"_step":10,"epoch":10,"train_accuracy":0.31137037037037035,"best_train_accuracy":0.5833888888888888,"best_epoch":2,"_runtime":76.0121899,"best_val_loss":1.9922036739284328,"best_train_loss":1.9506885121877156}