{"_wandb":{"runtime":26},"best_val_accuracy":0.887,"_timestamp":1.7414573140927184e+09,"val_accuracy":0.8758333333333334,"train_loss":0.1580461309149607,"val_loss":0.19896346423357794,"train_accuracy":0.9005925925925926,"best_val_loss":0.17497925140109025,"_runtime":26.2464731,"_step":12,"epoch":10,"test_loss":0.21004992052228758,"test_accuracy":0.8639,"confusion_matrix":{"sha256":"25173819bcac1918b01960b8633dfffc45e6c83a68ef982aeb420c8b55befb78","size":28788,"path":"media/plotly/confusion_matrix_12_25173819bcac1918b019.plotly.json","_type":"plotly-file"},"best_epoch":8,"best_train_accuracy":0.8972777777777777,"best_train_loss":0.16215047236590752}