{"_step":12,"test_accuracy":0.8536,"confusion_matrix":{"path":"media/plotly/confusion_matrix_12_a1998c97adf1458893d9.plotly.json","_type":"plotly-file","sha256":"a1998c97adf1458893d9afce40fed3c25c911f050176f57e8664a0d5711eb6be","size":28809},"val_accuracy":0.8628333333333333,"best_epoch":4,"best_val_accuracy":0.8665,"_runtime":232.2400432,"train_loss":0.20072978360554505,"best_train_loss":0.20220834554745643,"best_train_accuracy":0.8685555555555555,"test_loss":0.2278455471949026,"_wandb":{"runtime":232},"best_val_loss":0.20891689921927548,"val_loss":0.21697114269592338,"train_accuracy":0.8715740740740741,"_timestamp":1.7414569845907524e+09,"epoch":10}