{"epoch":10,"val_accuracy":0.8801666666666667,"_step":10,"best_train_loss":0.2881672836795209,"best_epoch":9,"_wandb":{"runtime":21},"_timestamp":1.7413698051108203e+09,"best_val_loss":0.3576826227193225,"best_train_accuracy":0.8968518518518519,"train_loss":0.2881672836795209,"_runtime":21.4074981,"train_accuracy":0.8968518518518519,"val_loss":0.3576826227193225,"best_val_accuracy":0.8801666666666667}