{"best_train_accuracy":0.9102962962962963,"val_accuracy":0.8876666666666667,"epoch":20,"best_val_loss":0.2989266715532518,"_step":20,"best_val_accuracy":0.8911666666666667,"_runtime":22.9118714,"train_loss":0.1865838164900558,"best_train_loss":0.2381580809775286,"val_loss":0.3303384237649121,"_wandb":{"runtime":22},"_timestamp":1.7413870360130436e+09,"train_accuracy":0.9293518518518519,"best_epoch":11}