{"val_loss":0.3334112832505967,"_wandb":{"runtime":28},"best_train_loss":0.2909927154140129,"best_epoch":18,"_runtime":28.9048224,"_timestamp":1.7414054652043047e+09,"val_accuracy":0.8788333333333334,"train_accuracy":0.8966851851851851,"best_train_accuracy":0.8945740740740741,"epoch":20,"_step":20,"best_val_accuracy":0.8788333333333334,"train_loss":0.28676672124560276,"best_val_loss":0.32774124142807787}