{"best_train_accuracy":0.8587592592592592,"epoch":15,"val_loss":0.5109935079604668,"val_accuracy":0.8606666666666667,"best_val_loss":0.397897885744927,"train_loss":0.46532291514492896,"_step":15,"best_val_accuracy":0.8673333333333333,"_timestamp":1.7412712706146176e+09,"_wandb":{"runtime":28},"best_train_loss":0.3993540153688265,"_runtime":28.8031773,"best_epoch":2,"train_accuracy":0.8598148148148148}