{"best_epoch":9,"val_accuracy":0.8931666666666667,"train_loss":0.15602463737506475,"best_val_loss":0.31389700547775456,"_step":20,"_timestamp":1.7413809940538185e+09,"val_loss":0.33182049603988206,"best_val_accuracy":0.8936666666666667,"epoch":20,"_wandb":{"runtime":29},"train_accuracy":0.9410925925925926,"_runtime":28.9954966,"best_train_accuracy":0.9137592592592593,"best_train_loss":0.23038735741434754}