{"_timestamp":1.741276637369568e+09,"_step":15,"best_val_accuracy":0.8786666666666667,"train_accuracy":0.8842777777777778,"best_val_loss":0.33897924489432696,"_runtime":32.7663711,"best_epoch":11,"train_loss":0.3204904564586164,"val_accuracy":0.862,"_wandb":{"runtime":32},"best_train_accuracy":0.880537037037037,"best_train_loss":0.3276881813260726,"epoch":15,"val_loss":0.37773489432399704}