{"best_val_loss":0.3307344379131971,"best_train_loss":0.2039332547255295,"epoch":20,"train_accuracy":0.9294444444444444,"best_epoch":17,"_runtime":20.3156352,"_timestamp":1.7413957547324412e+09,"val_accuracy":0.8858333333333334,"best_train_accuracy":0.9256666666666666,"val_loss":0.3401401686747133,"train_loss":0.19336917136181095,"best_val_accuracy":0.8868333333333334,"_step":20,"_wandb":{"runtime":20}}