{"val_accuracy":0.8965,"best_val_loss":0.3282072474465408,"_runtime":28.6689686,"train_loss":0.15582716300137991,"_wandb":{"runtime":28},"epoch":20,"val_loss":0.3282072474465408,"best_train_accuracy":0.9422037037037037,"train_accuracy":0.9422037037037037,"_step":20,"_timestamp":1.7413964646251066e+09,"best_epoch":19,"best_val_accuracy":0.8965,"best_train_loss":0.15582716300137991}