{"val_accuracy":0.8858333333333334,"train_loss":0.19193270116149105,"train_accuracy":0.9280185185185185,"best_epoch":13,"_runtime":47.7151271,"val_loss":0.34502895715567966,"best_val_loss":0.3262134537486462,"_wandb":{"runtime":47},"best_train_accuracy":0.9136296296296297,"_timestamp":1.7413727395259693e+09,"best_train_loss":0.23170731959467755,"epoch":20,"best_val_accuracy":0.888,"_step":20}