{"_runtime":22.9527378,"best_epoch":19,"best_val_accuracy":0.8986666666666666,"val_accuracy":0.8986666666666666,"val_loss":0.3027849991950558,"train_accuracy":0.9312962962962963,"train_loss":0.18406575073097567,"_step":20,"_timestamp":1.741401569757532e+09,"_wandb":{"runtime":22},"best_train_accuracy":0.9312962962962963,"epoch":20,"best_val_loss":0.3027849991950558,"best_train_loss":0.18406575073097567}