{"best_train_accuracy":0.9273703703703704,"_wandb":{"runtime":19},"train_loss":0.1784275790300176,"best_epoch":17,"best_val_accuracy":0.892,"best_train_loss":0.19133447162476305,"train_accuracy":0.9328703703703703,"best_val_loss":0.3190571109218154,"epoch":20,"_runtime":19.3169751,"_step":20,"val_accuracy":0.8916666666666667,"_timestamp":1.741380685662988e+09,"val_loss":0.32501559629379223}