{"val_loss":0.32250562932467186,"_wandb":{"runtime":40},"best_epoch":18,"best_val_accuracy":0.8961666666666667,"best_val_loss":0.31330747132802605,"train_loss":0.16278897928225133,"epoch":20,"best_train_loss":0.16729439304263607,"val_accuracy":0.8921666666666667,"_timestamp":1.7414025203314364e+09,"best_train_accuracy":0.9373333333333334,"_step":20,"train_accuracy":0.9387592592592593,"_runtime":40.6430775}