{"best_val_loss":0.31296327383059014,"val_accuracy":0.8935,"val_loss":0.3287425903483563,"best_val_accuracy":0.8953333333333333,"_step":20,"train_accuracy":0.9410555555555555,"epoch":20,"train_loss":0.15874174638494845,"_wandb":{"runtime":28},"_runtime":27.979317299999998,"_timestamp":1.741377234579474e+09,"best_epoch":14,"best_train_loss":0.18945238244369328,"best_train_accuracy":0.9282407407407407}