{"best_train_accuracy":0.879962962962963,"best_epoch":9,"_runtime":22.2934536,"val_loss":0.36108926400965624,"_timestamp":1.7413631948793983e+09,"epoch":10,"_step":10,"val_accuracy":0.8703333333333333,"train_accuracy":0.879962962962963,"best_val_accuracy":0.8703333333333333,"best_val_loss":0.36108926400965624,"best_train_loss":0.33339520644447773,"train_loss":0.33339520644447773,"_wandb":{"runtime":22}}