{"epoch":20,"val_accuracy":0.8758333333333334,"train_accuracy":0.8923703703703704,"val_loss":0.33253773812191095,"best_train_loss":0.3070326091247281,"train_loss":0.30009623556266507,"best_val_accuracy":0.8778333333333334,"best_train_accuracy":0.8907777777777778,"best_val_loss":0.33354734659916724,"_runtime":23.8271376,"best_epoch":17,"_timestamp":1.741377913938892e+09,"_step":20,"_wandb":{"runtime":23}}