{"train_loss":0.16129019590462262,"_step":20,"_wandb":{"runtime":42},"best_train_loss":0.16129019590462262,"best_val_accuracy":0.8941666666666667,"best_val_loss":0.3483027829983121,"epoch":20,"val_loss":0.3483027829983121,"best_train_accuracy":0.9392592592592592,"train_accuracy":0.9392592592592592,"best_epoch":19,"_timestamp":1.74140659914849e+09,"val_accuracy":0.8941666666666667,"_runtime":42.91353}