{"best_val_loss":0.3300197620731847,"best_train_loss":0.16067985918070696,"_wandb":{"runtime":28},"train_accuracy":0.9428518518518518,"best_val_accuracy":0.8943333333333333,"train_loss":0.1538404380144374,"val_loss":0.3432790968856126,"epoch":20,"_timestamp":1.7413781158952959e+09,"val_accuracy":0.887,"_step":20,"_runtime":28.4108772,"best_train_accuracy":0.9398888888888889,"best_epoch":18}