{"val_loss":0.30366849097751364,"best_epoch":19,"best_train_loss":0.18823525225048962,"train_accuracy":0.9299444444444445,"epoch":20,"val_accuracy":0.8958333333333334,"best_val_accuracy":0.8958333333333334,"_step":20,"best_train_accuracy":0.9299444444444445,"best_val_loss":0.30366849097751364,"_timestamp":1.7413953899820337e+09,"_runtime":24.1863156,"train_loss":0.18823525225048962,"_wandb":{"runtime":24}}