{"_timestamp":1.7413754042325523e+09,"best_train_accuracy":0.9450740740740741,"best_val_loss":0.3335091123397078,"best_val_accuracy":0.8953333333333333,"_runtime":49.8185931,"_wandb":{"runtime":49},"best_train_loss":0.1480985193833182,"val_accuracy":0.8953333333333333,"train_loss":0.1480985193833182,"_step":20,"val_loss":0.3335091123397078,"train_accuracy":0.9450740740740741,"epoch":20,"best_epoch":19}