{"best_epoch":15,"_step":20,"_wandb":{"runtime":49},"best_train_accuracy":0.9343333333333333,"_timestamp":1.7413962649498389e+09,"val_accuracy":0.89,"val_loss":0.34788842541445547,"best_val_loss":0.3400114846868322,"train_accuracy":0.9454259259259259,"best_val_accuracy":0.8923333333333333,"best_train_loss":0.17382699151476194,"train_loss":0.14668037204851264,"epoch":20,"_runtime":49.2017858}