{"_runtime":324.4249474,"_step":12,"train_accuracy":0.8879074074074074,"test_loss":0.19597323555409762,"_wandb":{"runtime":324},"epoch":10,"test_accuracy":0.8731,"val_loss":0.19190771149610078,"best_train_loss":0.17426910113776042,"best_val_loss":0.19190771149610078,"train_loss":0.17426910113776042,"_timestamp":1.7414617603800254e+09,"val_accuracy":0.8755,"confusion_matrix":{"_type":"plotly-file","sha256":"718092094be68ae15b30c9835996f1d4e06a2940cb811d497398873a20d0c288","size":28798,"path":"media/plotly/confusion_matrix_12_718092094be68ae15b30.plotly.json"},"best_train_accuracy":0.8879074074074074,"best_val_accuracy":0.8755,"best_epoch":9}