{"train_loss":0.40582203224202296,"best_train_loss":0.4012041889853521,"val_loss":0.5431174750351665,"train_accuracy":0.8659074074074075,"best_val_loss":0.38675588067908734,"_runtime":18.3453063,"val_accuracy":0.8531666666666666,"_step":10,"best_epoch":2,"epoch":10,"best_train_accuracy":0.8570740740740741,"_wandb":{"runtime":18},"_timestamp":1.7413639226552653e+09,"best_val_accuracy":0.8636666666666667}