{"train_loss":0.1571956693319955,"best_epoch":13,"_step":20,"val_accuracy":0.8926666666666667,"best_val_accuracy":0.8931666666666667,"_timestamp":1.741393362461586e+09,"_wandb":{"runtime":28},"best_train_loss":0.1963027559320999,"epoch":20,"best_train_accuracy":0.9264259259259259,"best_val_loss":0.31468464146252745,"train_accuracy":0.941,"_runtime":28.503592,"val_loss":0.33804477216909085}