{"best_train_loss":0.22059115825715342,"_runtime":66.3181697,"val_accuracy":0.8886666666666667,"epoch":20,"train_loss":0.20246899192146234,"best_val_accuracy":0.8893333333333333,"val_loss":0.3526586916384404,"_step":20,"best_train_accuracy":0.9177962962962963,"best_val_loss":0.3221139934461354,"train_accuracy":0.9258333333333333,"best_epoch":14,"_timestamp":1.7413869506922858e+09,"_wandb":{"runtime":66}}