{"best_train_accuracy":0.8537407407407407,"_timestamp":1.7412763477353823e+09,"best_val_accuracy":0.8478333333333333,"epoch":15,"_runtime":47.1582302,"train_accuracy":0.8537407407407407,"train_loss":0.41742380869513207,"best_val_loss":0.41877095560871863,"_step":15,"_wandb":{"runtime":47},"val_loss":0.41877095560871863,"val_accuracy":0.8478333333333333,"best_epoch":14,"best_train_loss":0.41742380869513207}