{"best_train_accuracy":0.8931851851851852,"_wandb":{"runtime":51},"best_val_loss":0.3437849858393411,"epoch":15,"best_val_accuracy":0.8826666666666667,"_timestamp":1.741270765692216e+09,"val_loss":0.3433460081821075,"train_loss":0.295671665560406,"best_epoch":13,"train_accuracy":0.8948703703703703,"_step":15,"val_accuracy":0.8815,"_runtime":51.5099009,"best_train_loss":0.3002490635252629}