{"best_epoch":10,"best_train_accuracy":0.8853333333333333,"epoch":15,"_step":15,"best_val_accuracy":0.8785,"val_accuracy":0.8683333333333333,"best_val_loss":0.344379751268431,"_timestamp":1.7412779878781445e+09,"val_loss":0.3616700822976765,"_runtime":44.9590596,"train_accuracy":0.8929259259259259,"best_train_loss":0.3213175540626938,"train_loss":0.299686471120062,"_wandb":{"runtime":44}}