{"best_train_accuracy":0.8735925925925926,"val_loss":0.43540576176966267,"val_accuracy":0.8673333333333333,"best_train_loss":0.42041366558669224,"_wandb":{"runtime":966},"_timestamp":1.741286043519109e+09,"best_epoch":14,"_runtime":966.0935331,"train_accuracy":0.8735925925925926,"train_loss":0.42041366558669224,"epoch":15,"best_val_loss":0.43540576176966267,"_step":15,"best_val_accuracy":0.8673333333333333}