{"train_loss":0.15903889430598228,"_wandb":{"runtime":24},"best_val_accuracy":0.8975,"train_accuracy":0.9420185185185185,"val_loss":0.326316686397505,"_step":20,"epoch":20,"_timestamp":1.7413912317053611e+09,"best_train_accuracy":0.9284444444444444,"best_train_loss":0.19389460576352188,"_runtime":24.4197411,"val_accuracy":0.8943333333333333,"best_epoch":14,"best_val_loss":0.30774278030895696}