{"best_epoch":3,"best_train_accuracy":0.8565,"_step":12,"best_train_loss":0.21865062069576652,"test_accuracy":0.8454,"train_loss":0.21376480193258612,"epoch":10,"best_val_accuracy":0.8533333333333334,"confusion_matrix":{"_type":"plotly-file","sha256":"e15a6f4645e25c3e7cedeb8b35cce652d37bf8e95822b1fdd98e634138c01dcc","size":28821,"path":"media/plotly/confusion_matrix_12_e15a6f4645e25c3e7ced.plotly.json"},"_wandb":{"runtime":69},"_timestamp":1.741459168027591e+09,"val_accuracy":0.8525,"val_loss":0.2279346640685485,"test_loss":0.2347341809557266,"_runtime":69.6503567,"best_val_loss":0.23518824720361584,"train_accuracy":0.8619629629629629}