{"_timestamp":1.7413699337230437e+09,"val_accuracy":0.8763333333333333,"epoch":10,"train_loss":0.29937698518750827,"best_val_accuracy":0.8836666666666667,"best_val_loss":0.3806688894857502,"train_accuracy":0.8948703703703703,"_runtime":22.0911965,"_step":10,"best_train_accuracy":0.8956851851851851,"_wandb":{"runtime":22},"best_train_loss":0.2973921849359824,"val_loss":0.38834597162977047,"best_epoch":8}