{"best_val_accuracy":0.8545,"best_val_loss":0.4545669844620295,"_wandb":{"runtime":563},"train_accuracy":0.8632037037037037,"best_train_accuracy":0.8613518518518518,"epoch":15,"best_epoch":12,"val_accuracy":0.8491666666666666,"train_loss":0.43396047529531495,"best_train_loss":0.4262698531761083,"_step":15,"_runtime":563.4794035,"val_loss":0.45620718078712025,"_timestamp":1.7412558235943506e+09}