{"epoch":5,"best_val_loss":0.3540075804916008,"best_val_accuracy":0.8763333333333333,"best_train_accuracy":0.8779259259259259,"_timestamp":1.7413704655090544e+09,"best_train_loss":0.3396825692633528,"val_loss":0.3540075804916008,"_runtime":18.8925064,"train_loss":0.3396825692633528,"_wandb":{"runtime":18},"val_accuracy":0.8763333333333333,"best_epoch":4,"train_accuracy":0.8779259259259259,"_step":5}