{"_runtime":98.0379921,"val_loss":0.3466016392130644,"val_accuracy":0.8768333333333334,"train_accuracy":0.8893333333333333,"epoch":15,"best_val_accuracy":0.8768333333333334,"train_loss":0.30627117507631113,"_step":15,"best_train_accuracy":0.8893333333333333,"best_epoch":14,"best_train_loss":0.30627117507631113,"_timestamp":1.7412807776925058e+09,"_wandb":{"runtime":98},"best_val_loss":0.3466016392130644}