{"best_train_loss":0.45328749254230183,"best_epoch":12,"val_accuracy":0.838,"best_val_loss":0.45254171857882225,"train_loss":0.43779371216815366,"_wandb":{"runtime":20},"val_loss":0.4571029606399938,"_runtime":20.7744196,"_timestamp":1.7412532934114656e+09,"_step":15,"epoch":15,"best_val_accuracy":0.8381666666666666,"best_train_accuracy":0.8415925925925926,"train_accuracy":0.8470740740740741}