{"_timestamp":1.7413826178369656e+09,"epoch":20,"_step":20,"_wandb":{"runtime":23},"best_val_accuracy":0.8955,"val_accuracy":0.8858333333333334,"train_accuracy":0.9286666666666666,"best_train_loss":0.20353420879389783,"best_val_loss":0.3086260198370873,"best_epoch":17,"val_loss":0.32589291940700266,"best_train_accuracy":0.9233703703703704,"_runtime":23.7587551,"train_loss":0.1921602252979655}