{"_timestamp":1.7413827893337774e+09,"best_epoch":15,"val_accuracy":0.8903333333333333,"best_train_loss":0.18778182235884772,"epoch":20,"_runtime":24.3866013,"best_val_loss":0.3104537833828181,"train_accuracy":0.9398888888888889,"best_train_accuracy":0.9302592592592592,"_wandb":{"runtime":24},"train_loss":0.16276453021382198,"best_val_accuracy":0.8946666666666667,"_step":20,"val_loss":0.3243515635932804}