{"_step":20,"best_train_loss":0.17627526113347852,"val_accuracy":0.8951666666666667,"best_train_accuracy":0.9342777777777778,"epoch":20,"best_val_accuracy":0.8951666666666667,"_runtime":31.1656049,"best_epoch":19,"train_accuracy":0.9342777777777778,"best_val_loss":0.3248032703241108,"_wandb":{"runtime":31},"_timestamp":1.741375716312017e+09,"train_loss":0.17627526113347852,"val_loss":0.3248032703241108}