{"val_loss":0.5337237281207263,"best_val_loss":0.5337237281207263,"train_loss":0.5380011503926252,"_wandb":{"runtime":42},"_timestamp":1.7412570125771904e+09,"_runtime":42.0176403,"best_epoch":14,"best_train_accuracy":0.8510925925925926,"train_accuracy":0.8510925925925926,"_step":15,"best_val_accuracy":0.8646666666666667,"best_train_loss":0.5380011503926252,"epoch":15,"val_accuracy":0.8646666666666667}