{"best_epoch":8,"_step":10,"best_val_accuracy":0.8835,"best_train_accuracy":0.8983518518518518,"best_val_loss":0.32596095339343467,"train_accuracy":0.9011111111111111,"train_loss":0.2709347744512407,"val_loss":0.3407129748876905,"_runtime":13.9917759,"epoch":10,"best_train_loss":0.2790580993102564,"val_accuracy":0.8798333333333334,"_wandb":{"runtime":14},"_timestamp":1.7413665602116528e+09}