{"best_val_accuracy":0.8911666666666667,"_timestamp":1.7413798763388367e+09,"best_train_accuracy":0.9376111111111111,"train_accuracy":0.9417962962962962,"val_loss":0.3377729719803951,"epoch":20,"_wandb":{"runtime":32},"best_val_loss":0.33140486875650993,"_step":20,"_runtime":32.5290377,"val_accuracy":0.8893333333333333,"train_loss":0.15462715599231464,"best_epoch":17,"best_train_loss":0.16718304501291747}