{"train_loss":0.3993823925990356,"val_accuracy":0.8576666666666667,"val_loss":0.4085769872979354,"_step":15,"best_train_loss":0.3993823925990356,"_wandb":{"runtime":79},"epoch":15,"train_accuracy":0.8603888888888889,"_timestamp":1.7412564561797252e+09,"best_val_loss":0.4085769872979354,"best_train_accuracy":0.8603888888888889,"_runtime":79.8042281,"best_epoch":14,"best_val_accuracy":0.8576666666666667}