{"_step":20,"_timestamp":1.7413755880985234e+09,"train_accuracy":0.9318333333333333,"_runtime":31.2770733,"best_epoch":19,"best_train_loss":0.17805793419798527,"_wandb":{"runtime":31},"train_loss":0.17805793419798527,"best_train_accuracy":0.9318333333333333,"best_val_loss":0.31107246114724557,"val_loss":0.31107246114724557,"best_val_accuracy":0.8943333333333333,"val_accuracy":0.8943333333333333,"epoch":20}