{"val_loss":0.19016761117820769,"confusion_matrix":{"_type":"plotly-file","sha256":"bfc119cac9504781f36fc82fc8cbcf969975d71ba76c5d0775a4e13e4fe70f84","size":28807,"path":"media/plotly/confusion_matrix_12_bfc119cac9504781f36f.plotly.json"},"test_loss":0.19249304920120563,"best_val_accuracy":0.876,"_runtime":28.6009947,"val_accuracy":0.876,"train_accuracy":0.8995925925925926,"best_train_loss":0.15271800298277802,"best_epoch":9,"train_loss":0.15271800298277802,"_step":12,"best_val_loss":0.19016761117820769,"best_train_accuracy":0.8995925925925926,"test_accuracy":0.8737,"_wandb":{"runtime":28},"_timestamp":1.7414582539616332e+09,"epoch":10}