{"_runtime":93.6706049,"test_accuracy":0.8773,"train_accuracy":0.9024629629629629,"best_val_loss":0.1707652882455443,"val_accuracy":0.8813333333333333,"best_train_accuracy":0.8995555555555556,"best_val_accuracy":0.8866666666666667,"epoch":10,"confusion_matrix":{"_type":"plotly-file","sha256":"52132665e9e8b01bc46b840c1f5ba35a6e4afe939cd8ab00ac93144a4e10db64","size":28755,"path":"media/plotly/confusion_matrix_12_52132665e9e8b01bc46b.plotly.json"},"test_loss":0.18749956366824658,"train_loss":0.15104137294008652,"val_loss":0.17889158144498596,"_step":12,"_timestamp":1.7414593424800546e+09,"best_epoch":8,"_wandb":{"runtime":93},"best_train_loss":0.15627000003796396}