{"train_loss":0.14868709062985966,"_runtime":42.57188,"best_train_loss":0.1890666399238921,"best_val_accuracy":0.8928333333333334,"val_accuracy":0.8856666666666667,"train_accuracy":0.9443703703703704,"best_val_loss":0.3094573328387268,"_wandb":{"runtime":42},"best_epoch":13,"epoch":20,"best_train_accuracy":0.9293148148148148,"_timestamp":1.7413949386444879e+09,"_step":20,"val_loss":0.35769997699092126}