{"best_val_accuracy":0.8921666666666667,"val_accuracy":0.8921666666666667,"train_accuracy":0.9319259259259259,"best_epoch":11,"best_train_loss":0.22837844981379113,"best_train_accuracy":0.9135,"_runtime":126.6896668,"_wandb":{"runtime":126},"val_loss":0.35184761011245436,"_step":20,"train_loss":0.1764696112191564,"epoch":20,"best_val_loss":0.3148410200786092,"_timestamp":1.7413714674724858e+09}