{"best_train_loss":0.17878952343420063,"_timestamp":1.741410718240124e+09,"best_val_accuracy":0.8981666666666667,"best_val_loss":0.32384010762538407,"val_loss":0.3513517519629988,"train_accuracy":0.9359074074074074,"epoch":20,"_runtime":78.5154499,"val_accuracy":0.8911666666666667,"best_train_accuracy":0.9323148148148148,"train_loss":0.16903963053615456,"_wandb":{"runtime":78},"best_epoch":17,"_step":20}