{"test_accuracy":0.8621,"_runtime":72.812868,"best_val_accuracy":0.8718333333333333,"confusion_matrix":{"size":28799,"path":"media/plotly/confusion_matrix_12_d7fe7ce69ba7f348b18c.plotly.json","_type":"plotly-file","sha256":"d7fe7ce69ba7f348b18ce9552648ef01eab699ab55422e2eecf5f1e2fe5814cf"},"_step":12,"_wandb":{"runtime":72},"epoch":10,"train_loss":0.17989331172434303,"val_accuracy":0.8718333333333333,"test_loss":0.21158240337425874,"best_train_loss":0.17989331172434303,"best_train_accuracy":0.8814814814814815,"best_val_loss":0.19785161719163535,"_timestamp":1.7414583354317975e+09,"best_epoch":9,"train_accuracy":0.8814814814814815,"val_loss":0.19785161719163535}