{"val_accuracy":0.8876666666666667,"_runtime":36.314696,"best_train_accuracy":0.9259814814814815,"_timestamp":1.741403618799871e+09,"train_accuracy":0.9282222222222222,"train_loss":0.19299035606226825,"val_loss":0.34317273203763066,"best_val_loss":0.35158457007949234,"epoch":20,"best_val_accuracy":0.8915,"best_train_loss":0.19710804637526455,"_step":20,"_wandb":{"runtime":36},"best_epoch":18}