{"_runtime":29.0993514,"train_loss":0.1551641278891196,"val_loss":0.34154590162281634,"train_accuracy":0.9409444444444445,"best_train_accuracy":0.9246111111111112,"_step":20,"val_accuracy":0.8878333333333334,"_timestamp":1.7413864863046732e+09,"best_train_loss":0.20106831628251948,"epoch":20,"best_val_accuracy":0.8946666666666667,"_wandb":{"runtime":29},"best_epoch":12,"best_val_loss":0.3100853897877549}