{"best_epoch":17,"_runtime":21.9864981,"_step":20,"_timestamp":1.741403746929316e+09,"val_accuracy":0.8873333333333333,"train_accuracy":0.9353518518518519,"best_train_accuracy":0.9345740740740741,"epoch":20,"best_val_accuracy":0.8938333333333334,"_wandb":{"runtime":22},"best_train_loss":0.1748213357821756,"best_val_loss":0.3403615769547922,"val_loss":0.3815819750176545,"train_loss":0.1690293782783891}