{"val_loss":0.3355955409560667,"_step":20,"best_epoch":13,"train_accuracy":0.9401666666666667,"best_val_accuracy":0.8905,"epoch":20,"best_val_loss":0.31045812252928595,"_timestamp":1.7414072556536388e+09,"_wandb":{"runtime":23},"_runtime":23.6708542,"train_loss":0.16148988810515355,"val_accuracy":0.8876666666666667,"best_train_accuracy":0.9252592592592592,"best_train_loss":0.2009180391874935}