{"train_loss":0.30049318068597547,"best_epoch":14,"val_loss":0.34855185441206693,"best_val_accuracy":0.8766666666666667,"_wandb":{"runtime":43},"best_val_loss":0.34855185441206693,"train_accuracy":0.8922592592592593,"val_accuracy":0.8766666666666667,"epoch":15,"best_train_loss":0.30049318068597547,"_runtime":43.1541592,"best_train_accuracy":0.8922592592592593,"_timestamp":1.7412675745627973e+09,"_step":15}