{"val_accuracy":0.8933333333333333,"best_val_loss":0.3190324609716756,"best_epoch":17,"train_accuracy":0.9420185185185185,"train_loss":0.15609558587319775,"best_train_accuracy":0.936962962962963,"best_val_accuracy":0.8943333333333333,"_runtime":23.9945516,"epoch":20,"_wandb":{"runtime":24},"val_loss":0.32717642486106585,"best_train_loss":0.16907222447267028,"_timestamp":1.7413954539342368e+09,"_step":20}