{"test_loss":0.2011613133051521,"best_train_loss":0.177912521348497,"_timestamp":1.7414504835671046e+09,"val_loss":0.192355431101004,"best_train_accuracy":0.8826111111111111,"best_val_loss":0.192355431101004,"_step":7,"val_accuracy":0.8741666666666666,"train_accuracy":0.8826111111111111,"best_val_accuracy":0.8741666666666666,"confusion_matrix":{"sha256":"6e49d9710e5659ccfac90c9dd0978d94e936cf69ebbb45168937fdeb26b0aa35","size":28788,"path":"media/plotly/confusion_matrix_7_6e49d9710e5659ccfac9.plotly.json","_type":"plotly-file"},"epoch":5,"_wandb":{"runtime":44},"_runtime":44.6330064,"test_accuracy":0.865,"train_loss":0.177912521348497,"best_epoch":4}