{"train_accuracy":0.9444074074074074,"best_train_accuracy":0.9399814814814815,"val_accuracy":0.887,"best_epoch":17,"train_loss":0.1494758096279425,"_wandb":{"runtime":41},"epoch":20,"val_loss":0.3640477735948848,"_step":20,"best_val_loss":0.3198756481862976,"_timestamp":1.741402441439317e+09,"best_val_accuracy":0.8963333333333333,"_runtime":41.5319931,"best_train_loss":0.16146259752685935}