{"_runtime":21.2658477,"train_accuracy":0.9313333333333333,"best_val_accuracy":0.8926666666666667,"best_val_loss":0.34090192171121103,"val_accuracy":0.8926666666666667,"_timestamp":1.7414069931054668e+09,"val_loss":0.34090192171121103,"best_epoch":19,"epoch":20,"best_train_loss":0.1795742794727119,"_step":20,"best_train_accuracy":0.9313333333333333,"train_loss":0.1795742794727119,"_wandb":{"runtime":21}}