{"best_train_loss":0.18791311351382292,"_runtime":289.4624715,"best_val_accuracy":0.8706666666666667,"best_epoch":4,"test_accuracy":0.8594,"_timestamp":1.741454669171313e+09,"val_accuracy":0.8706666666666667,"_wandb":{"runtime":289},"train_loss":0.18791311351382292,"best_train_accuracy":0.8781481481481481,"train_accuracy":0.8781481481481481,"test_loss":0.20875259796695927,"epoch":5,"_step":7,"val_loss":0.19776382861505226,"best_val_loss":0.19776382861505226,"confusion_matrix":{"sha256":"d828189c2cbc48a703798e66a9395e7a5da42fe7d0fda1a544742440c60bd6e9","size":28785,"path":"media/plotly/confusion_matrix_7_d828189c2cbc48a70379.plotly.json","_type":"plotly-file"}}