{"best_train_accuracy":0.9432777777777778,"best_epoch":19,"_runtime":28.7264349,"_step":20,"_wandb":{"runtime":28},"best_val_loss":0.3339959771490145,"epoch":20,"_timestamp":1.7413812615512438e+09,"val_loss":0.3339959771490145,"train_loss":0.1525485417348765,"train_accuracy":0.9432777777777778,"best_train_loss":0.1525485417348765,"best_val_accuracy":0.8978333333333334,"val_accuracy":0.8978333333333334}