{"_timestamp":1.7413853451535969e+09,"best_epoch":19,"val_accuracy":0.8821666666666667,"train_loss":0.2940721269410794,"train_accuracy":0.8941666666666667,"best_val_loss":0.3281476278573498,"epoch":20,"_step":20,"best_val_accuracy":0.8821666666666667,"best_train_loss":0.2940721269410794,"_runtime":32.8547378,"_wandb":{"runtime":32},"best_train_accuracy":0.8941666666666667,"val_loss":0.3281476278573498}