{"train_accuracy":0.9296111111111112,"best_train_accuracy":0.9273148148148148,"val_accuracy":0.8848333333333334,"_wandb":{"runtime":18},"_step":20,"train_loss":0.18977131421547444,"best_val_accuracy":0.8935,"best_val_loss":0.36179009953754937,"val_loss":0.3838111059801083,"best_epoch":18,"_timestamp":1.7413995772018325e+09,"best_train_loss":0.19468352968931618,"epoch":20,"_runtime":18.8071148}