{"best_train_accuracy":0.8881111111111111,"best_val_accuracy":0.8746666666666667,"test_loss":0.1994442888567006,"_runtime":35.0015528,"train_accuracy":0.8881111111111111,"val_loss":0.1951775294117139,"_step":12,"confusion_matrix":{"_type":"plotly-file","sha256":"13864f5ef367336933fb88f8494ad982c3953fa8699bd68be8f2aa72b8f6b4c4","size":28797,"path":"media/plotly/confusion_matrix_12_13864f5ef367336933fb.plotly.json"},"best_train_loss":0.17160302793236326,"train_loss":0.17160302793236326,"test_accuracy":0.8705,"_timestamp":1.741450298271345e+09,"best_val_loss":0.1951775294117139,"epoch":10,"_wandb":{"runtime":35},"val_accuracy":0.8746666666666667,"best_epoch":9}