{"epoch":5,"train_accuracy":0.8678703703703704,"_runtime":4.6932043,"_step":5,"best_val_loss":0.3835845823743195,"best_epoch":4,"best_train_loss":0.3685183402331105,"train_loss":0.3685183402331105,"val_loss":0.3835845823743195,"_timestamp":1.741366767547759e+09,"best_val_accuracy":0.8613333333333333,"_wandb":{"runtime":4},"val_accuracy":0.8613333333333333,"best_train_accuracy":0.8678703703703704}