{"train_accuracy":0.885962962962963,"val_accuracy":0.8668333333333333,"train_loss":0.31396408616826377,"_runtime":731.0408811,"_wandb":{"runtime":731},"best_val_accuracy":0.8728333333333333,"_step":15,"best_train_loss":0.31998901587222606,"_timestamp":1.7412867881448023e+09,"best_val_loss":0.35506657369299094,"val_loss":0.3690008600742175,"epoch":15,"best_train_accuracy":0.8850740740740741,"best_epoch":13}