{"epoch":15,"_runtime":89.2028002,"_step":15,"best_val_loss":0.6640637653427669,"_wandb":{"runtime":89},"train_accuracy":0.7533888888888889,"best_epoch":14,"train_loss":0.6808455988157037,"val_loss":0.6640637653427669,"best_train_loss":0.6808455988157037,"best_train_accuracy":0.7533888888888889,"best_val_accuracy":0.7626666666666667,"val_accuracy":0.7626666666666667,"_timestamp":1.7412569634320982e+09}