{"_step":20,"_timestamp":1.7414040094096525e+09,"train_accuracy":0.9412962962962963,"best_val_loss":0.33014875053309983,"train_loss":0.15633693720308492,"best_val_accuracy":0.8956666666666667,"best_train_loss":0.16038904590954803,"_runtime":32.7114314,"best_epoch":18,"val_loss":0.33901898139774633,"best_train_accuracy":0.9395925925925926,"val_accuracy":0.8905,"epoch":20,"_wandb":{"runtime":32}}