{"_timestamp":1.7413693141854846e+09,"epoch":10,"best_epoch":7,"best_val_loss":0.5120496901334187,"val_accuracy":0.838,"best_train_accuracy":0.8596481481481482,"val_loss":0.655315931742859,"_wandb":{"runtime":62},"_step":10,"best_val_accuracy":0.8608333333333333,"train_loss":0.5090316029003576,"train_accuracy":0.8591296296296296,"_runtime":62.5691636,"best_train_loss":0.5078734080156082}