{"epoch":10,"val_accuracy":0.8593333333333333,"best_train_loss":0.3905806370805553,"train_accuracy":0.8652962962962963,"_timestamp":1.741365782409322e+09,"best_epoch":8,"_step":10,"best_val_accuracy":0.8601666666666666,"val_loss":0.4017715299452963,"_runtime":12.4486967,"best_val_loss":0.39369045772409483,"best_train_accuracy":0.863,"_wandb":{"runtime":12},"train_loss":0.3808403427451955}