{"best_epoch":14,"val_accuracy":0.793,"best_train_loss":0.667303499197762,"val_loss":0.653677041566018,"_step":15,"_timestamp":1.7412762957498503e+09,"train_loss":0.667303499197762,"best_val_accuracy":0.793,"best_train_accuracy":0.7908703703703703,"_runtime":43.2134314,"best_val_loss":0.653677041566018,"epoch":15,"_wandb":{"runtime":43},"train_accuracy":0.7908703703703703}