{"best_train_accuracy":0.9393703703703704,"epoch":20,"train_loss":0.14930652246378562,"_runtime":41.3987614,"best_val_loss":0.3387992432257287,"best_train_loss":0.16045481516690138,"best_epoch":17,"val_accuracy":0.8921666666666667,"best_val_accuracy":0.8948333333333334,"_wandb":{"runtime":41},"train_accuracy":0.9436481481481481,"_timestamp":1.7414104939721422e+09,"val_loss":0.34015328221504115,"_step":20}