{"epoch":5,"_step":5,"_wandb":{"runtime":12},"best_val_accuracy":0.8343333333333334,"_timestamp":1.7413695026793354e+09,"train_loss":0.4520868393419666,"_runtime":11.9736054,"best_epoch":4,"val_accuracy":0.8343333333333334,"best_val_loss":0.4599060835794805,"val_loss":0.4599060835794805,"best_train_loss":0.4520868393419666,"best_train_accuracy":0.8404814814814815,"train_accuracy":0.8404814814814815}