{"best_val_loss":0.3265828097984447,"_runtime":19.5397213,"epoch":20,"best_val_accuracy":0.8921666666666667,"val_loss":0.3743012505372178,"_wandb":{"runtime":19},"best_train_loss":0.1935464681667571,"val_accuracy":0.8813333333333333,"train_loss":0.18491444086198358,"best_train_accuracy":0.9257037037037037,"train_accuracy":0.9303888888888889,"_timestamp":1.7413907726636214e+09,"best_epoch":17,"_step":20}