{"val_accuracy":0.8935,"val_loss":0.322976961712462,"best_val_accuracy":0.8948333333333334,"_wandb":{"runtime":23},"epoch":20,"_step":20,"_runtime":23.9489549,"best_train_accuracy":0.934537037037037,"best_train_loss":0.1723071882776242,"best_epoch":17,"train_loss":0.15933409169485435,"_timestamp":1.7413813735017395e+09,"best_val_loss":0.31865784230245,"train_accuracy":0.9413333333333334}