{"best_epoch":0,"_timestamp":1.7413608121882815e+09,"val_accuracy":0.09733333333333333,"train_accuracy":0.09892592592592593,"best_train_accuracy":0.09964814814814815,"best_val_accuracy":0.10316666666666667,"_runtime":10.8871106,"_step":5,"val_loss":2.302610807770474,"best_train_loss":2.30282594839267,"best_val_loss":2.3026220243242377,"_wandb":{"runtime":10},"epoch":5,"train_loss":2.3026729784208237}