{"_step":20,"_wandb":{"runtime":19},"val_accuracy":0.8806666666666667,"train_loss":0.30327539550190336,"epoch":20,"best_val_loss":0.33537583143659755,"train_accuracy":0.8927592592592593,"_timestamp":1.7413904478058078e+09,"best_train_loss":0.30327539550190336,"best_epoch":19,"best_val_accuracy":0.8806666666666667,"_runtime":19.4656713,"best_train_accuracy":0.8927592592592593,"val_loss":0.33537583143659755}