{"_step":20,"train_loss":0.16572360946127104,"best_val_accuracy":0.8933333333333333,"_wandb":{"runtime":41},"best_epoch":17,"best_train_accuracy":0.9323333333333333,"epoch":20,"best_val_loss":0.31716752705882983,"_timestamp":1.7413943462446437e+09,"val_accuracy":0.8888333333333334,"val_loss":0.34558586845895023,"best_train_loss":0.178988149985609,"_runtime":41.7561524,"train_accuracy":0.9384814814814815}