{"val_loss":0.32256707462322226,"_timestamp":1.741379115999833e+09,"_runtime":24.366789699999998,"epoch":20,"best_train_accuracy":0.9377962962962964,"val_accuracy":0.8918333333333334,"train_loss":0.16267090694309794,"_step":20,"best_train_loss":0.16829488359142508,"best_epoch":18,"_wandb":{"runtime":24},"best_val_accuracy":0.8946666666666667,"best_val_loss":0.3229059099138348,"train_accuracy":0.9395740740740741}