{"best_val_accuracy":0.8448333333333333,"best_val_loss":0.43358248928853443,"best_train_loss":0.42719350256739036,"train_loss":0.42719350256739036,"_wandb":{"runtime":31},"val_loss":0.43358248928853443,"val_accuracy":0.8448333333333333,"epoch":10,"_timestamp":1.7413661365178528e+09,"_step":10,"best_epoch":9,"_runtime":31.0894066,"best_train_accuracy":0.8503703703703703,"train_accuracy":0.8503703703703703}