{"best_train_loss":0.175683054720012,"_wandb":{"runtime":42},"train_loss":0.1485699616516736,"best_val_loss":0.3057061077286323,"val_loss":0.34194483270518694,"train_accuracy":0.9447592592592593,"val_accuracy":0.892,"_step":20,"epoch":20,"_timestamp":1.7413960562231104e+09,"_runtime":42.2148635,"best_train_accuracy":0.9347592592592593,"best_epoch":15,"best_val_accuracy":0.8971666666666667}