{"_runtime":11.0089911,"val_accuracy":0.8633333333333333,"train_accuracy":0.877,"_step":10,"best_val_loss":0.37358313300870327,"best_train_loss":0.3761521843497659,"epoch":10,"best_epoch":3,"_wandb":{"runtime":11},"best_val_accuracy":0.8688333333333333,"val_loss":0.4735149005521149,"train_loss":0.3566402887612775,"best_train_accuracy":0.8644074074074074,"_timestamp":1.7413648749015784e+09}