{"best_epoch":2,"best_val_loss":0.40540414507129935,"_step":15,"best_train_loss":0.44893562854289376,"train_accuracy":0.8561111111111112,"best_val_accuracy":0.8653333333333333,"val_loss":0.533214912700373,"epoch":15,"train_loss":0.51854717876792,"_timestamp":1.7412717754934273e+09,"_runtime":45.6668013,"val_accuracy":0.8485,"best_train_accuracy":0.8485185185185186,"_wandb":{"runtime":45}}