{"train_accuracy":0.9332962962962963,"_wandb":{"runtime":45},"val_loss":0.3464278891860386,"train_loss":0.17650634169960588,"best_val_accuracy":0.893,"epoch":20,"_timestamp":1.7414056786736214e+09,"best_val_loss":0.3292137289995252,"_step":20,"best_train_loss":0.19947323787545482,"best_epoch":15,"_runtime":45.3431086,"best_train_accuracy":0.9254259259259259,"val_accuracy":0.8913333333333333}