{"_timestamp":1.7412615934218352e+09,"epoch":15,"best_train_accuracy":0.8585185185185186,"best_val_loss":0.40963664540444905,"best_val_accuracy":0.8561666666666666,"_step":15,"val_loss":0.40963664540444905,"val_accuracy":0.8561666666666666,"train_accuracy":0.8585185185185186,"_runtime":21.4969252,"best_train_loss":0.40537336707299715,"train_loss":0.40537336707299715,"_wandb":{"runtime":21},"best_epoch":14}