{"train_loss":0.550869614066902,"epoch":15,"best_train_loss":0.550869614066902,"_wandb":{"runtime":39},"_runtime":39.4401258,"_step":15,"best_val_accuracy":0.8596666666666667,"val_accuracy":0.8596666666666667,"best_val_loss":0.6739838436854857,"_timestamp":1.7412650546899269e+09,"best_epoch":14,"train_accuracy":0.8562592592592593,"best_train_accuracy":0.8562592592592593,"val_loss":0.6739838436854857}