{"best_val_loss":0.36668158561040165,"best_train_loss":0.3578102737798238,"val_accuracy":0.8643333333333333,"best_val_accuracy":0.87,"_timestamp":1.741365174187638e+09,"_runtime":14.6627123,"_step":10,"best_train_accuracy":0.8737592592592592,"train_accuracy":0.8769814814814815,"_wandb":{"runtime":14},"train_loss":0.3469969068340298,"epoch":10,"val_loss":0.3727145426965557,"best_epoch":8}