{"best_val_loss":0.5074289762093976,"best_train_accuracy":0.8441111111111111,"best_epoch":1,"_runtime":34.589043,"val_loss":0.6422286524792744,"_timestamp":1.741366389006152e+09,"train_loss":0.5582984014045734,"best_val_accuracy":0.8436666666666667,"best_train_loss":0.4665059118230342,"epoch":10,"train_accuracy":0.8427037037037037,"_wandb":{"runtime":34},"_step":10,"val_accuracy":0.8325}