{"_timestamp":1.7413841214614358e+09,"best_val_accuracy":0.8951666666666667,"best_epoch":15,"best_train_accuracy":0.9295925925925926,"train_accuracy":0.9380740740740741,"epoch":20,"train_loss":0.16701814328272596,"best_train_loss":0.18995470222374844,"_wandb":{"runtime":19},"_runtime":19.6464949,"val_accuracy":0.8926666666666667,"val_loss":0.3337141496451168,"best_val_loss":0.31780943596370254,"_step":20}