{"train_accuracy":0.9355740740740741,"val_accuracy":0.8906666666666667,"best_val_loss":0.3317217123635034,"best_val_accuracy":0.8986666666666666,"train_loss":0.1662464557494717,"best_train_accuracy":0.9341481481481482,"_step":20,"_wandb":{"runtime":48},"_runtime":48.1807326,"_timestamp":1.7413980963432734e+09,"val_loss":0.34498866868475403,"best_epoch":18,"best_train_loss":0.1755349589018411,"epoch":20}