{"best_val_accuracy":0.8931666666666667,"best_train_loss":0.14444255934609426,"train_accuracy":0.9598888888888889,"_runtime":85.6750891,"_wandb":{"runtime":85},"_step":30,"train_loss":0.10693037273161299,"val_loss":0.39944556037720563,"best_train_accuracy":0.9462962962962963,"epoch":30,"_timestamp":1.7414276144896543e+09,"best_epoch":21,"val_accuracy":0.8915,"best_val_loss":0.3504912088853363}