{"_timestamp":1.741262492724604e+09,"best_val_loss":0.38596156927204045,"val_accuracy":0.8261666666666667,"best_epoch":3,"val_loss":0.5430754840300478,"epoch":15,"best_train_accuracy":0.849925925925926,"train_loss":0.41658221149563057,"best_val_accuracy":0.8615,"_wandb":{"runtime":260},"_step":15,"_runtime":260.3560228,"train_accuracy":0.8593518518518518,"best_train_loss":0.4306426001896575}