{"best_epoch":14,"best_train_accuracy":0.8646296296296296,"best_val_accuracy":0.8553333333333333,"_wandb":{"runtime":34},"val_accuracy":0.8553333333333333,"val_loss":0.40912598616094104,"epoch":15,"train_accuracy":0.8646296296296296,"_runtime":34.0116448,"_timestamp":1.7412590836170099e+09,"best_train_loss":0.3892603550772864,"train_loss":0.3892603550772864,"best_val_loss":0.40912598616094104,"_step":15}