{"_wandb":{"runtime":33},"_runtime":33.6338773,"best_train_loss":0.7036575188689457,"val_accuracy":0.7536666666666667,"train_accuracy":0.7457222222222222,"epoch":15,"_step":15,"best_val_loss":0.6778906421754641,"best_epoch":14,"best_train_accuracy":0.7457222222222222,"val_loss":0.6778906421754641,"_timestamp":1.7412511827721248e+09,"train_loss":0.7036575188689457,"best_val_accuracy":0.7536666666666667}