{"best_train_accuracy":0.8766296296296296,"_timestamp":1.7413705624795518e+09,"best_val_accuracy":0.8751666666666666,"best_epoch":7,"train_loss":0.33024535804232097,"val_accuracy":0.8718333333333333,"epoch":10,"train_accuracy":0.8830740740740741,"_step":10,"_wandb":{"runtime":88},"best_val_loss":0.36422863945203443,"_runtime":88.4916,"val_loss":0.3605908572344528,"best_train_loss":0.34795518732822467}