{"epoch":20,"best_val_loss":0.31746910868383893,"_wandb":{"runtime":28},"_runtime":28.4877499,"val_accuracy":0.8936666666666667,"_step":20,"best_train_accuracy":0.9235,"train_accuracy":0.9235,"_timestamp":1.7413749513723536e+09,"train_loss":0.20441906353466555,"best_train_loss":0.20441906353466555,"best_val_accuracy":0.8936666666666667,"val_loss":0.31746910868383893,"best_epoch":19}