{"best_epoch":17,"best_val_loss":0.32342630361017677,"train_accuracy":0.9322592592592592,"val_loss":0.3310253621096154,"val_accuracy":0.8898333333333334,"best_train_loss":0.19450327580084453,"_runtime":22.4670801,"best_train_accuracy":0.926,"best_val_accuracy":0.8916666666666667,"epoch":20,"train_loss":0.1805078086036722,"_timestamp":1.741409629289713e+09,"_step":20,"_wandb":{"runtime":22}}