{"_runtime":28.2540201,"train_loss":0.1518592398339367,"best_train_loss":0.15823757262025528,"_step":20,"best_val_loss":0.3294975668024935,"_timestamp":1.7413777843296075e+09,"val_loss":0.33057618847644354,"best_epoch":18,"_wandb":{"runtime":28},"best_train_accuracy":0.941,"train_accuracy":0.9431481481481482,"best_val_accuracy":0.8936666666666667,"epoch":20,"val_accuracy":0.8908333333333334}