{"val_loss":0.332977868253079,"train_loss":0.1497757205539238,"_timestamp":1.7413846721920445e+09,"best_train_accuracy":0.9212407407407407,"_wandb":{"runtime":42},"best_val_accuracy":0.8946666666666667,"val_accuracy":0.8946666666666667,"best_train_loss":0.20718007858703577,"best_epoch":11,"train_accuracy":0.9439074074074074,"best_val_loss":0.2946489362714653,"_runtime":42.6702195,"_step":20,"epoch":20}