{"best_train_loss":0.12986344408840442,"best_val_loss":0.32315507742506844,"_runtime":117.2685506,"_timestamp":1.7414659868645742e+09,"test_accuracy":0.8901,"val_accuracy":0.894,"epoch":30,"best_train_accuracy":0.9532592592592593,"confusion_matrix":{"size":28769,"path":"media/plotly/confusion_matrix_32_11279f6ac430d3b5894b.plotly.json","_type":"plotly-file","sha256":"11279f6ac430d3b5894badb43217a5039bbc36cf2c31940b6e88f7f31f113c31"},"train_accuracy":0.9757777777777777,"train_loss":0.06872921026320802,"_step":32,"best_epoch":19,"val_loss":0.4010212576492162,"best_val_accuracy":0.8978333333333334,"test_loss":0.38824578032757784,"_wandb":{"runtime":117}}