{"train_accuracy":0.9382037037037037,"best_train_loss":0.17080175441313278,"_step":20,"train_loss":0.16147821942231677,"val_accuracy":0.8858333333333334,"best_val_accuracy":0.8915,"_wandb":{"runtime":37},"val_loss":0.36877149535716097,"best_train_accuracy":0.9360185185185185,"best_val_loss":0.3359707874284167,"_runtime":37.1264119,"best_epoch":17,"_timestamp":1.741391578539281e+09,"epoch":20}