{"best_train_loss":0.6093417051248418,"train_loss":0.6093417051248418,"_timestamp":1.7412675269111004e+09,"best_val_accuracy":0.7861666666666667,"train_accuracy":0.7841111111111111,"best_train_accuracy":0.7841111111111111,"_step":15,"best_epoch":14,"epoch":15,"val_accuracy":0.7861666666666667,"best_val_loss":0.5940400482686008,"val_loss":0.5940400482686008,"_wandb":{"runtime":65},"_runtime":65.1099388}