{"_step":10,"val_loss":0.40603821208860874,"train_loss":0.3367923094371325,"val_accuracy":0.8623333333333333,"_runtime":13.4064485,"_timestamp":1.7413648135495155e+09,"best_train_accuracy":0.8747962962962963,"train_accuracy":0.8817407407407407,"best_val_accuracy":0.8733333333333333,"best_train_loss":0.3438159002514243,"_wandb":{"runtime":13},"epoch":10,"best_val_loss":0.36019693701287975,"best_epoch":5}