{"best_val_accuracy":0.8563333333333333,"best_train_loss":0.39902525015620405,"epoch":15,"best_train_accuracy":0.8661296296296296,"_timestamp":1.7412726638815553e+09,"val_accuracy":0.8563333333333333,"train_accuracy":0.8661296296296296,"train_loss":0.39902525015620405,"_runtime":45.9269373,"best_epoch":14,"best_val_loss":0.4253016660718108,"val_loss":0.4253016660718108,"_step":15,"_wandb":{"runtime":45}}