{"_timestamp":1.7413900362931373e+09,"val_accuracy":0.8891666666666667,"best_train_loss":0.19177267408734433,"train_accuracy":0.9355740740740741,"_runtime":41.6145133,"train_loss":0.17256278256123336,"epoch":20,"best_train_accuracy":0.928962962962963,"best_val_loss":0.2997325586870974,"_step":20,"val_loss":0.3346859326848779,"best_epoch":16,"_wandb":{"runtime":41},"best_val_accuracy":0.8965}