{"train_accuracy":0.916074074074074,"best_val_accuracy":0.8885,"best_epoch":19,"epoch":20,"_timestamp":1.741410335853173e+09,"best_val_loss":0.3648452839320022,"best_train_loss":0.2236286093836095,"_step":20,"best_train_accuracy":0.916074074074074,"_wandb":{"runtime":48},"val_loss":0.3648452839320022,"train_loss":0.2236286093836095,"val_accuracy":0.8885,"_runtime":48.66473}