{"_wandb":{"runtime":127},"_step":15,"_runtime":127.7206876,"best_val_loss":0.36184510011053167,"train_loss":0.325274274817787,"best_train_loss":0.34957398880559154,"best_val_accuracy":0.8745,"best_train_accuracy":0.8774259259259259,"best_epoch":7,"val_loss":0.3899199627750107,"val_accuracy":0.8685,"epoch":15,"train_accuracy":0.8872407407407408,"_timestamp":1.7412733254008346e+09}