{"test_loss":0.1942271587022388,"_step":7,"epoch":5,"best_val_accuracy":0.8726666666666667,"val_accuracy":0.8726666666666667,"_timestamp":1.7414510614697928e+09,"train_loss":0.1818047132357187,"_runtime":40.2513098,"val_loss":0.18865103812273112,"test_accuracy":0.8684,"best_epoch":4,"best_train_loss":0.1818047132357187,"_wandb":{"runtime":40},"best_val_loss":0.18865103812273112,"best_train_accuracy":0.8793148148148148,"train_accuracy":0.8793148148148148,"confusion_matrix":{"sha256":"635fc50cf0d14ab740884fe02a0a58aec43649574617a30221db06e29d357dba","size":28798,"path":"media/plotly/confusion_matrix_7_635fc50cf0d14ab74088.plotly.json","_type":"plotly-file"}}