{"best_train_loss":0.17217779490890878,"best_train_accuracy":0.9368703703703704,"best_epoch":17,"epoch":20,"best_val_loss":0.32339759086358716,"_step":20,"val_accuracy":0.891,"train_loss":0.15989263196544848,"_timestamp":1.7414017403833623e+09,"_runtime":24.157255,"train_accuracy":0.9402777777777778,"_wandb":{"runtime":24},"val_loss":0.3319884326376902,"best_val_accuracy":0.8931666666666667}