{"_wandb":{"runtime":18},"train_loss":0.1785632946903593,"val_loss":0.32724654213215537,"train_accuracy":0.9333333333333333,"_runtime":18.4177661,"best_val_loss":0.30954064745459847,"epoch":20,"_step":20,"best_train_loss":0.21224701894011166,"best_epoch":14,"best_val_accuracy":0.8946666666666667,"val_accuracy":0.893,"best_train_accuracy":0.9193333333333333,"_timestamp":1.741394494595652e+09}