{"_timestamp":1.741374914874267e+09,"_step":20,"best_train_loss":0.1542289489044119,"_runtime":55.6360141,"train_loss":0.1542289489044119,"best_epoch":19,"_wandb":{"runtime":55},"best_train_accuracy":0.9403888888888889,"train_accuracy":0.9403888888888889,"epoch":20,"val_accuracy":0.8963333333333333,"best_val_accuracy":0.8963333333333333,"val_loss":0.33217034943659,"best_val_loss":0.33217034943659}