{"test_loss":0.19060899692282632,"test_accuracy":0.8756,"best_val_accuracy":0.88,"train_accuracy":0.890962962962963,"val_accuracy":0.88,"best_epoch":4,"best_train_accuracy":0.890962962962963,"_step":7,"train_loss":0.16564207285317267,"_wandb":{"runtime":20},"best_train_loss":0.16564207285317267,"_runtime":20.2295119,"epoch":5,"val_loss":0.1847743067563234,"confusion_matrix":{"path":"media/plotly/confusion_matrix_7_216bc1901a5f48b5b9d2.plotly.json","_type":"plotly-file","sha256":"216bc1901a5f48b5b9d27165c89d2e71553790c4ff4466410b06acda3cbb33b2","size":28796},"best_val_loss":0.1847743067563234,"_timestamp":1.7414496137822657e+09}