{"best_val_accuracy":0.8966666666666666,"val_accuracy":0.8966666666666666,"train_loss":0.18641546516835922,"_runtime":22.7091991,"epoch":20,"best_epoch":19,"best_train_loss":0.18641546516835922,"best_val_loss":0.30466259473348717,"best_train_accuracy":0.9306851851851852,"train_accuracy":0.9306851851851852,"_step":20,"val_loss":0.30466259473348717,"_wandb":{"runtime":22},"_timestamp":1.7414079477572217e+09}