{"epoch":20,"_step":20,"best_train_loss":0.2009735155473518,"train_accuracy":0.9344444444444444,"val_accuracy":0.889,"train_loss":0.17778899960847025,"best_val_loss":0.3075855217178688,"best_epoch":16,"_timestamp":1.7413762091514256e+09,"_wandb":{"runtime":22},"val_loss":0.32430869395942014,"best_train_accuracy":0.924037037037037,"_runtime":22.8465645,"best_val_accuracy":0.8948333333333334}