{"_wandb":{"runtime":19},"best_train_accuracy":0.9384259259259259,"epoch":20,"best_val_loss":0.34321026871563987,"_runtime":19.439002,"train_accuracy":0.9384259259259259,"train_loss":0.16541059189169677,"best_epoch":19,"best_train_loss":0.16541059189169677,"best_val_accuracy":0.8906666666666667,"val_loss":0.34321026871563987,"val_accuracy":0.8906666666666667,"_step":20,"_timestamp":1.7413989371340404e+09}