{"_step":20,"train_accuracy":0.9379444444444445,"_wandb":{"runtime":25},"best_val_accuracy":0.8933333333333333,"_timestamp":1.7414094196759143e+09,"val_accuracy":0.8906666666666667,"_runtime":25.7915071,"best_train_accuracy":0.9253518518518519,"best_val_loss":0.32036379745879184,"best_train_loss":0.19975194438434993,"train_loss":0.16318438764070076,"best_epoch":13,"epoch":20,"val_loss":0.361799217941141}