{"best_val_accuracy":0.8945,"val_loss":0.35972172352935966,"best_val_loss":0.33632427390946107,"best_epoch":16,"_runtime":37.0057671,"_wandb":{"runtime":37},"best_train_loss":0.17956046054901606,"_step":20,"train_loss":0.1622986582577004,"train_accuracy":0.9386111111111111,"val_accuracy":0.8868333333333334,"best_train_accuracy":0.9321481481481482,"epoch":20,"_timestamp":1.7414022924043741e+09}