{"best_val_accuracy":0.8966666666666666,"train_accuracy":0.9669444444444445,"best_train_accuracy":0.9380555555555555,"train_loss":0.08853551951904218,"_step":30,"best_val_loss":0.3130665901623545,"epoch":30,"_timestamp":1.7414249584333675e+09,"_runtime":312.9494625,"best_epoch":16,"val_loss":0.3870584218523118,"_wandb":{"runtime":313},"val_accuracy":0.8911666666666667,"best_train_loss":0.16325049998732324}