{"_wandb":{"runtime":22},"best_train_accuracy":0.9317222222222222,"best_val_loss":0.32292388725141596,"_runtime":22.9686319,"_timestamp":1.7413805289411347e+09,"train_loss":0.1822020165208901,"val_loss":0.32292388725141596,"best_val_accuracy":0.8928333333333334,"best_epoch":19,"epoch":20,"val_accuracy":0.8928333333333334,"_step":20,"best_train_loss":0.1822020165208901,"train_accuracy":0.9317222222222222}