{"train_accuracy":0.9290555555555555,"best_train_loss":0.19296942487162724,"best_train_accuracy":0.9268148148148149,"train_loss":0.18702962547092467,"_runtime":19.1168647,"best_val_accuracy":0.8915,"best_epoch":18,"_timestamp":1.7414088090162578e+09,"val_loss":0.36312135802120477,"val_accuracy":0.8755,"best_val_loss":0.3246689063088091,"_step":20,"_wandb":{"runtime":19},"epoch":20}