{"best_val_loss":0.40094100231880603,"best_epoch":9,"epoch":10,"best_val_accuracy":0.8578333333333333,"val_accuracy":0.8578333333333333,"best_train_accuracy":0.8627777777777778,"val_loss":0.40094100231880603,"_step":10,"train_loss":0.39242137314675546,"_runtime":10.7261064,"best_train_loss":0.39242137314675546,"_timestamp":1.7413648583891726e+09,"train_accuracy":0.8627777777777778,"_wandb":{"runtime":10}}