{"best_train_loss":0.13783073308984842,"best_val_loss":0.3565237775241055,"_timestamp":1.7414246316193986e+09,"best_val_accuracy":0.895,"epoch":30,"train_loss":0.1044657860669085,"_runtime":197.4639137,"train_accuracy":0.959962962962963,"best_train_accuracy":0.9474074074074074,"val_loss":0.40793043265795176,"val_accuracy":0.8911666666666667,"_wandb":{"runtime":197},"best_epoch":22,"_step":30}