{"confusion_matrix":{"path":"media/plotly/confusion_matrix_12_39642f5df6fcbb4466ef.plotly.json","_type":"plotly-file","sha256":"39642f5df6fcbb4466ef3b2c16ceced4758770fddf7d985ff7fbc5359e30a07c","size":28798},"test_loss":0.19990010230050353,"best_train_loss":0.1658106316947035,"val_accuracy":0.877,"test_accuracy":0.8694,"epoch":10,"val_loss":0.18909428986082472,"best_epoch":7,"train_accuracy":0.8977222222222222,"best_val_loss":0.18106835358131362,"_runtime":23.1925218,"train_loss":0.15794511011119747,"_wandb":{"runtime":23},"best_val_accuracy":0.8781666666666667,"_step":12,"_timestamp":1.741451296931953e+09,"best_train_accuracy":0.8926481481481482}