{"train_accuracy":0.8787037037037037,"best_train_loss":0.33055790846251093,"best_val_accuracy":0.8718333333333333,"_wandb":{"runtime":5},"best_train_accuracy":0.8787037037037037,"_step":5,"best_val_loss":0.35322679829093573,"epoch":5,"val_loss":0.35322679829093573,"_runtime":5.6452754,"_timestamp":1.7413665850196676e+09,"val_accuracy":0.8718333333333333,"train_loss":0.33055790846251093,"best_epoch":4}