{"val_accuracy":0.8881666666666667,"_step":20,"best_val_loss":0.3262819472994988,"train_loss":0.18972459548387072,"_timestamp":1.7413726855382519e+09,"train_accuracy":0.9286666666666666,"best_val_accuracy":0.8911666666666667,"best_epoch":16,"epoch":20,"best_train_accuracy":0.9225185185185185,"_wandb":{"runtime":46},"best_train_loss":0.20714679610479667,"_runtime":46.859541899999996,"val_loss":0.35144392741140695}