{"best_epoch":4,"_timestamp":1.7412648428643003e+09,"train_loss":0.3997254154229404,"best_val_loss":0.40260269613558164,"_wandb":{"runtime":23},"val_loss":0.47404595107052105,"best_train_accuracy":0.8707037037037038,"_step":15,"epoch":15,"best_val_accuracy":0.867,"_runtime":23.5648962,"train_accuracy":0.8756481481481482,"best_train_loss":0.37945993640138637,"val_accuracy":0.8506666666666667}