{"epoch":15,"_runtime":32.1860562,"_wandb":{"runtime":32},"_timestamp":1.7412600584852805e+09,"best_train_accuracy":0.8867962962962963,"best_train_loss":0.32600715599988517,"val_accuracy":0.8678333333333333,"_step":15,"train_loss":0.3198870520548627,"best_val_loss":0.37232760636373,"train_accuracy":0.8906111111111111,"val_loss":0.4016404187508681,"best_val_accuracy":0.877,"best_epoch":12}