{"_timestamp":1.7413777499502034e+09,"epoch":20,"best_epoch":15,"train_loss":0.18820959885664829,"_step":20,"best_val_accuracy":0.891,"_runtime":46.747159,"best_val_loss":0.3323654785210338,"val_loss":0.36070271085501177,"val_accuracy":0.8803333333333333,"best_train_loss":0.21432792960748925,"_wandb":{"runtime":46},"train_accuracy":0.9290185185185185,"best_train_accuracy":0.9201666666666667}