{"best_val_loss":0.43855322379408473,"train_loss":0.442027998620746,"best_epoch":4,"val_loss":0.43855322379408473,"val_accuracy":0.8446666666666667,"train_accuracy":0.8442222222222222,"epoch":5,"_step":5,"best_train_loss":0.442027998620746,"_wandb":{"runtime":7},"_runtime":7.6082349,"best_train_accuracy":0.8442222222222222,"_timestamp":1.741367642231379e+09,"best_val_accuracy":0.8446666666666667}