{"_runtime":24.2261356,"best_train_loss":0.21789561586197184,"val_accuracy":0.8891666666666667,"val_loss":0.33259905094218234,"train_accuracy":0.928537037037037,"_timestamp":1.7413786297861707e+09,"best_val_loss":0.3052927904079634,"best_train_accuracy":0.9178333333333333,"best_val_accuracy":0.894,"_wandb":{"runtime":24},"best_epoch":15,"_step":20,"epoch":20,"train_loss":0.19052344106210356}