{"best_val_accuracy":0.6598333333333334,"epoch":15,"train_accuracy":0.6413518518518518,"_wandb":{"runtime":21},"_timestamp":1.7412600196078844e+09,"val_accuracy":0.6598333333333334,"best_val_loss":0.9402339037651968,"best_train_accuracy":0.6413518518518518,"_step":15,"best_train_loss":0.9742882384603494,"val_loss":0.9402339037651968,"best_epoch":14,"_runtime":21.1719062,"train_loss":0.9742882384603494}