{"epoch":15,"val_loss":2.303205416416257,"val_accuracy":0.10083333333333333,"_wandb":{"runtime":120},"best_val_accuracy":0.18316666666666667,"best_train_accuracy":0.1020925925925926,"train_loss":2.3029621015587924,"best_epoch":8,"best_train_loss":2.303212199813913,"_timestamp":1.7412677430509806e+09,"_runtime":120.1429077,"best_val_loss":2.3023353193591825,"_step":15,"train_accuracy":0.10118518518518518}