{"_step":20,"train_loss":0.1728598786169147,"best_train_loss":0.1828829858029631,"best_val_accuracy":0.8946666666666667,"best_train_accuracy":0.9314074074074075,"best_val_loss":0.33100931990689814,"epoch":20,"_timestamp":1.741397539685579e+09,"val_loss":0.3364191715103916,"best_epoch":17,"_runtime":56.3582656,"train_accuracy":0.9352037037037036,"_wandb":{"runtime":56},"val_accuracy":0.8898333333333334}