{"best_epoch":13,"_wandb":{"runtime":90},"best_train_loss":0.39899913596062825,"_runtime":90.7014922,"_timestamp":1.7412753512101352e+09,"_step":15,"best_val_loss":0.40645149182891716,"train_accuracy":0.862,"best_val_accuracy":0.8535,"best_train_accuracy":0.860574074074074,"train_loss":0.39309159708769154,"epoch":15,"val_accuracy":0.8481666666666666,"val_loss":0.42493392681837294}