{"_runtime":10.3261839,"best_train_loss":0.3913301128427339,"_wandb":{"runtime":10},"best_val_loss":0.39444149687523544,"train_accuracy":0.8653148148148149,"_timestamp":1.7413657638403668e+09,"val_loss":0.39444149687523544,"train_loss":0.3913301128427339,"epoch":10,"val_accuracy":0.8626666666666667,"best_train_accuracy":0.8653148148148149,"_step":10,"best_epoch":9,"best_val_accuracy":0.8626666666666667}