{"best_train_loss":0.1633361866588751,"_wandb":{"runtime":24},"best_val_accuracy":0.8966666666666666,"_runtime":23.9825121,"epoch":20,"val_loss":0.32626859058337904,"best_epoch":18,"val_accuracy":0.8916666666666667,"train_loss":0.158049088177805,"_step":20,"best_train_accuracy":0.9397222222222222,"best_val_loss":0.3164227102036154,"train_accuracy":0.9415370370370371,"_timestamp":1.7413993685022476e+09}