{"_timestamp":1.7413913214360995e+09,"best_epoch":19,"best_train_accuracy":0.9276481481481481,"_runtime":22.9741378,"_step":20,"val_loss":0.31317730482522166,"train_loss":0.19261304673833046,"best_val_loss":0.31317730482522166,"val_accuracy":0.8918333333333334,"epoch":20,"best_train_loss":0.19261304673833046,"_wandb":{"runtime":23},"train_accuracy":0.9276481481481481,"best_val_accuracy":0.8918333333333334}