{"train_accuracy":0.891962962962963,"epoch":15,"best_val_accuracy":0.8798333333333334,"train_loss":0.2966164095572631,"val_loss":0.33893883745772163,"_wandb":{"runtime":203},"_runtime":203.6656998,"best_train_accuracy":0.8882222222222222,"_timestamp":1.7412871409510047e+09,"best_epoch":12,"_step":15,"best_train_loss":0.3065769220407885,"val_accuracy":0.8786666666666667,"best_val_loss":0.3370924989346769}