{"val_accuracy":0.8921666666666667,"_step":20,"best_val_loss":0.32806981163561805,"_timestamp":1.7414070282440848e+09,"val_loss":0.3279701292893885,"train_accuracy":0.9425555555555556,"epoch":20,"best_train_loss":0.16057258920086728,"_wandb":{"runtime":28},"best_val_accuracy":0.8978333333333334,"train_loss":0.15459180743771075,"best_train_accuracy":0.9395740740740741,"_runtime":28.2264428,"best_epoch":18}