{"_timestamp":1.7412776234872878e+09,"val_loss":0.36256104897378183,"best_val_loss":0.3554415301423929,"val_accuracy":0.8681666666666666,"_wandb":{"runtime":112},"best_epoch":13,"epoch":15,"_step":15,"train_accuracy":0.8813333333333333,"best_train_accuracy":0.8786666666666667,"best_train_loss":0.3373509612725197,"_runtime":112.2700787,"train_loss":0.33168825498076,"best_val_accuracy":0.8706666666666667}