{"_runtime":24.0284389,"best_val_loss":0.3208178948330306,"train_accuracy":0.9407592592592593,"best_train_loss":0.16589886974559595,"val_loss":0.32465693747914304,"best_epoch":18,"val_accuracy":0.8935,"epoch":20,"best_train_accuracy":0.9388333333333333,"train_loss":0.16119846499480145,"best_val_accuracy":0.8938333333333334,"_wandb":{"runtime":24},"_timestamp":1.741376984421681e+09,"_step":20}