{"_timestamp":1.7412576455329323e+09,"val_accuracy":0.8641666666666666,"_step":15,"train_loss":0.43480526031868044,"best_train_accuracy":0.8715555555555555,"best_val_loss":0.4476382423320456,"best_train_loss":0.4130847586679903,"_runtime":97.9783133,"epoch":15,"train_accuracy":0.8789814814814815,"_wandb":{"runtime":98},"val_loss":0.48663248902592826,"best_val_accuracy":0.8691666666666666,"best_epoch":7}