{"best_val_accuracy":0.8931666666666667,"train_loss":0.15870204371761823,"best_epoch":14,"best_train_accuracy":0.9284074074074075,"epoch":20,"best_train_loss":0.19301481132751752,"_wandb":{"runtime":23},"best_val_loss":0.31335311175570885,"val_loss":0.3369095045171777,"_step":20,"val_accuracy":0.8876666666666667,"_timestamp":1.7413802355431497e+09,"train_accuracy":0.9413518518518519,"_runtime":23.73613}