{"best_epoch":19,"best_val_loss":0.3165053944371501,"train_accuracy":0.9227407407407408,"_timestamp":1.7413753044997895e+09,"val_loss":0.3165053944371501,"val_accuracy":0.8955,"_runtime":28.9769709,"best_train_accuracy":0.9227407407407408,"_step":20,"train_loss":0.20374499282639988,"best_val_accuracy":0.8955,"_wandb":{"runtime":29},"best_train_loss":0.20374499282639988,"epoch":20}