{"best_val_loss":0.3950486754091364,"_runtime":29.7821478,"epoch":10,"train_accuracy":0.8752222222222222,"best_train_loss":0.364269179554803,"val_accuracy":0.865,"best_epoch":6,"best_val_accuracy":0.8718333333333333,"_step":10,"train_loss":0.3672009794037727,"best_train_accuracy":0.8721296296296296,"_wandb":{"runtime":29},"_timestamp":1.7413676813497617e+09,"val_loss":0.41890150884606214}