{"train_loss":0.3542711836888537,"best_train_accuracy":0.8732592592592593,"best_train_loss":0.3542711836888537,"_timestamp":1.7412774974351351e+09,"train_accuracy":0.8732592592592593,"epoch":15,"best_val_accuracy":0.8683333333333333,"_runtime":59.6038672,"_wandb":{"runtime":59},"val_accuracy":0.8683333333333333,"_step":15,"best_val_loss":0.3691190377986702,"best_epoch":14,"val_loss":0.3691190377986702}