{"best_epoch":13,"_runtime":25.2236011,"_step":20,"_wandb":{"runtime":25},"train_accuracy":0.9379074074074074,"_timestamp":1.741400225105262e+09,"best_val_loss":0.31979243224038845,"val_loss":0.35946491294216404,"best_train_accuracy":0.9242222222222222,"best_val_accuracy":0.8943333333333333,"val_accuracy":0.8873333333333333,"epoch":20,"train_loss":0.16321705090270064,"best_train_loss":0.1998047113695727}