{"best_train_accuracy":0.9046481481481482,"val_accuracy":0.8783333333333333,"best_epoch":13,"best_train_loss":0.2577711576204483,"best_val_accuracy":0.8828333333333334,"_wandb":{"runtime":32},"train_accuracy":0.9082407407407408,"train_loss":0.2527168096400288,"epoch":15,"_runtime":32.9019257,"val_loss":0.370062802811241,"_timestamp":1.74127385192091e+09,"best_val_loss":0.3323603702596025,"_step":15}