{"best_val_accuracy":0.895,"train_loss":0.1621061008917888,"_runtime":64.3082691,"train_accuracy":0.9387592592592593,"_step":20,"val_accuracy":0.8918333333333334,"best_train_accuracy":0.9272592592592592,"_timestamp":1.741405351430677e+09,"best_epoch":14,"best_train_loss":0.19243525416476717,"epoch":20,"_wandb":{"runtime":64},"val_loss":0.3349233443476364,"best_val_loss":0.32335334380695074}