{"_timestamp":1.7413665218347247e+09,"train_accuracy":0.8880555555555556,"_wandb":{"runtime":50},"val_accuracy":0.8781666666666667,"best_train_accuracy":0.8880555555555556,"best_train_loss":0.32692765454123124,"best_val_loss":0.36405701119006234,"train_loss":0.32692765454123124,"best_val_accuracy":0.8781666666666667,"epoch":10,"best_epoch":9,"val_loss":0.36405701119006234,"_step":10,"_runtime":50.4541086}