{"_runtime":14.2156284,"_step":10,"epoch":10,"_timestamp":1.7413640747571025e+09,"train_loss":0.405412895246941,"best_train_loss":0.39066852494232374,"best_val_accuracy":0.8653333333333333,"best_epoch":7,"val_accuracy":0.8328333333333333,"best_train_accuracy":0.8676666666666667,"train_accuracy":0.8666296296296296,"_wandb":{"runtime":14},"val_loss":0.5330078670775312,"best_val_loss":0.4221835646750179}