{"_runtime":31.5143474,"_step":20,"_wandb":{"runtime":31},"best_train_loss":0.18557638702211166,"best_train_accuracy":0.9296111111111112,"val_accuracy":0.891,"epoch":20,"val_loss":0.3275952888451289,"train_accuracy":0.9315185185185185,"best_epoch":18,"_timestamp":1.7414021758698692e+09,"best_val_loss":0.30620446334614687,"best_val_accuracy":0.8951666666666667,"train_loss":0.18211277047973526}