{"best_val_loss":0.32046525593000574,"train_loss":0.15302661917660132,"train_accuracy":0.943462962962963,"val_accuracy":0.8951666666666667,"_runtime":33.1273206,"val_loss":0.3356233978006153,"best_train_loss":0.17143699771895834,"best_train_accuracy":0.9357777777777778,"epoch":20,"_wandb":{"runtime":33},"_timestamp":1.7413979319782577e+09,"best_epoch":16,"best_val_accuracy":0.8958333333333334,"_step":20}