{"best_val_loss":0.3224477068637221,"val_accuracy":0.8876666666666667,"best_train_loss":0.19467200994814768,"best_epoch":16,"_step":20,"train_loss":0.17770160256799925,"best_train_accuracy":0.9262222222222222,"train_accuracy":0.9325925925925926,"best_val_accuracy":0.8935,"val_loss":0.34727903409676353,"_wandb":{"runtime":19},"epoch":20,"_runtime":19.1899062,"_timestamp":1.7414073784432952e+09}