{"best_val_loss":0.3161013857754091,"_step":20,"best_val_accuracy":0.8966666666666666,"best_epoch":17,"train_loss":0.15871061308509227,"train_accuracy":0.940962962962963,"epoch":20,"val_accuracy":0.8958333333333334,"_timestamp":1.741409384546516e+09,"best_train_loss":0.17043433045530512,"val_loss":0.32848111537399144,"_runtime":23.7368306,"best_train_accuracy":0.9365185185185185,"_wandb":{"runtime":23}}