{"_runtime":40.0861061,"train_accuracy":0.904962962962963,"_step":10,"val_loss":0.3490758334327737,"_timestamp":1.7413664369434874e+09,"_wandb":{"runtime":40},"epoch":10,"best_val_loss":0.33986717262719224,"train_loss":0.26284525671130154,"best_train_accuracy":0.8967777777777778,"best_train_loss":0.28342909826914053,"best_epoch":7,"val_accuracy":0.8773333333333333,"best_val_accuracy":0.8835}