{"best_train_accuracy":0.9321296296296296,"best_epoch":16,"_wandb":{"runtime":39},"best_train_loss":0.18115534762742885,"epoch":20,"_timestamp":1.7413757623065922e+09,"best_val_loss":0.3288158807537716,"train_accuracy":0.9382592592592592,"train_loss":0.16378215957929107,"_runtime":39.824548300000004,"best_val_accuracy":0.8951666666666667,"_step":20,"val_loss":0.34014719360373596,"val_accuracy":0.8876666666666667}