{"best_val_loss":0.3203296742703719,"epoch":20,"val_loss":0.34003759370915393,"train_loss":0.15838963616122914,"best_val_accuracy":0.8931666666666667,"_runtime":42.8230251,"train_accuracy":0.9410185185185185,"best_epoch":15,"best_train_accuracy":0.9313703703703704,"_wandb":{"runtime":42},"val_accuracy":0.8916666666666667,"_step":20,"_timestamp":1.7413948883129275e+09,"best_train_loss":0.18229451129912833}