{"train_loss":0.2877113157787934,"epoch":20,"_wandb":{"runtime":41},"best_epoch":18,"val_accuracy":0.8788333333333334,"train_accuracy":0.894462962962963,"best_val_accuracy":0.8818333333333334,"_timestamp":1.7413940482603679e+09,"best_train_loss":0.2921610430525765,"_runtime":41.8414092,"_step":20,"best_train_accuracy":0.8939444444444444,"val_loss":0.32938617379289364,"best_val_loss":0.3283778273433812}