{"_runtime":22.8158294,"epoch":15,"_step":15,"val_accuracy":0.8603333333333333,"_wandb":{"runtime":22},"best_train_loss":0.38616803694974855,"train_accuracy":0.8638703703703704,"train_loss":0.38616803694974855,"val_loss":0.3933920544498988,"_timestamp":1.7412591201701436e+09,"best_val_accuracy":0.8603333333333333,"best_epoch":14,"best_train_accuracy":0.8638703703703704,"best_val_loss":0.3933920544498988}