{"val_accuracy":0.8738333333333334,"train_loss":0.3115711425827594,"epoch":15,"val_loss":0.3571856142281761,"best_train_accuracy":0.8855,"train_accuracy":0.8892037037037037,"_timestamp":1.7412796186282165e+09,"best_val_loss":0.34759398957687654,"_step":15,"_wandb":{"runtime":45},"_runtime":45.5861724,"best_epoch":12,"best_val_accuracy":0.8761666666666666,"best_train_loss":0.3202646655209158}