{"best_val_loss":0.42099558225689226,"_step":15,"_timestamp":1.7412758116653123e+09,"val_accuracy":0.8423333333333334,"best_epoch":14,"_wandb":{"runtime":35},"_runtime":35.4047383,"train_loss":0.4167385805664967,"best_train_accuracy":0.8518703703703704,"train_accuracy":0.8518703703703704,"best_val_accuracy":0.8423333333333334,"epoch":15,"best_train_loss":0.4167385805664967,"val_loss":0.42099558225689226}