{"best_val_loss":0.3030637730472239,"val_loss":0.3030637730472239,"epoch":20,"_step":20,"val_accuracy":0.8926666666666667,"train_accuracy":0.9290555555555555,"train_loss":0.19083117341655234,"_runtime":23.9564092,"best_val_accuracy":0.8926666666666667,"best_epoch":19,"best_train_loss":0.19083117341655234,"_timestamp":1.7413901426000102e+09,"best_train_accuracy":0.9290555555555555,"_wandb":{"runtime":23}}