{"_wandb":{"runtime":23},"_step":20,"best_val_accuracy":0.8938333333333334,"best_train_accuracy":0.9382407407407407,"epoch":20,"train_accuracy":0.9405740740740741,"best_val_loss":0.3139325986844643,"val_loss":0.33088413747576606,"val_accuracy":0.8896666666666667,"train_loss":0.16064303501102006,"_timestamp":1.7413935174813478e+09,"best_train_loss":0.16773006510929955,"_runtime":23.8767513,"best_epoch":18}