{"best_epoch":16,"epoch":20,"val_accuracy":0.8913333333333333,"_wandb":{"runtime":22},"best_val_accuracy":0.8936666666666667,"best_train_loss":0.17476455209139122,"train_loss":0.1624920090928345,"_runtime":22.5190034,"_timestamp":1.741393580151035e+09,"_step":20,"best_val_loss":0.3425274275728572,"train_accuracy":0.9396296296296296,"best_train_accuracy":0.9332962962962963,"val_loss":0.34749636370716047}