{"_wandb":{"runtime":20},"best_val_accuracy":0.8748333333333334,"best_epoch":19,"epoch":20,"_timestamp":1.741409322284401e+09,"best_train_accuracy":0.884962962962963,"_runtime":20.459192,"val_accuracy":0.8748333333333334,"best_train_loss":0.3224201265594158,"train_accuracy":0.884962962962963,"train_loss":0.3224201265594158,"_step":20,"val_loss":0.346193910079906,"best_val_loss":0.346193910079906}