{"val_accuracy":0.8906666666666667,"best_epoch":17,"best_val_loss":0.32326399794734856,"_runtime":22.6064858,"_wandb":{"runtime":22},"_timestamp":1.7413983898112912e+09,"best_val_accuracy":0.8921666666666667,"best_train_accuracy":0.9259074074074074,"best_train_loss":0.19420960792822148,"_step":20,"val_loss":0.3350291859225079,"train_accuracy":0.9291666666666667,"epoch":20,"train_loss":0.18870206143334556}