{"train_loss":0.31074019145900356,"train_accuracy":0.8891111111111111,"best_val_accuracy":0.8733333333333333,"_runtime":23.2344917,"best_val_loss":0.3469712614561844,"_timestamp":1.7414071978692472e+09,"best_train_loss":0.31074019145900356,"val_accuracy":0.8733333333333333,"_wandb":{"runtime":23},"epoch":20,"_step":20,"best_epoch":19,"val_loss":0.3469712614561844,"best_train_accuracy":0.8891111111111111}