{"train_loss":0.37392659624462377,"_timestamp":1.7412611907699003e+09,"best_val_accuracy":0.859,"best_epoch":14,"epoch":15,"_wandb":{"runtime":46},"val_loss":0.3881071528170315,"_step":15,"_runtime":46.5684922,"best_train_loss":0.37392659624462377,"best_val_loss":0.3881071528170315,"best_train_accuracy":0.8664074074074074,"train_accuracy":0.8664074074074074,"val_accuracy":0.859}