{"val_loss":0.3360188420378852,"_step":20,"best_train_loss":0.22571038577389035,"train_accuracy":0.9220555555555555,"_wandb":{"runtime":26},"val_accuracy":0.8898333333333334,"train_loss":0.21050100939027155,"_runtime":26.4040243,"_timestamp":1.741406188206608e+09,"best_epoch":16,"best_val_accuracy":0.8911666666666667,"best_train_accuracy":0.9172037037037037,"epoch":20,"best_val_loss":0.31279760940141393}