{"train_accuracy":0.9517592592592593,"_step":30,"best_epoch":27,"best_val_accuracy":0.8951666666666667,"val_accuracy":0.894,"_runtime":815.2818682,"best_val_loss":0.3758828146394108,"epoch":30,"best_train_loss":0.125284249842989,"val_loss":0.37857450690813094,"train_loss":0.12760125257419713,"best_train_accuracy":0.9524259259259259,"_wandb":{"runtime":815},"_timestamp":1.7414189454805129e+09}