{"train_loss":0.1573126927256965,"best_val_loss":0.32280324118756215,"_wandb":{"runtime":23},"train_accuracy":0.9408888888888889,"epoch":20,"best_val_accuracy":0.8975,"_timestamp":1.7414095607568552e+09,"best_train_loss":0.1573126927256965,"best_epoch":19,"_runtime":23.6099894,"best_train_accuracy":0.9408888888888889,"val_accuracy":0.8975,"_step":20,"val_loss":0.32280324118756215}