{"_step":20,"best_val_loss":0.30565682446579673,"_wandb":{"runtime":33},"train_accuracy":0.9282037037037038,"best_epoch":19,"best_train_loss":0.19052659761947416,"best_val_accuracy":0.8923333333333333,"val_loss":0.30565682446579673,"_runtime":33.2018549,"best_train_accuracy":0.9282037037037038,"epoch":20,"train_loss":0.19052659761947416,"_timestamp":1.74139804353617e+09,"val_accuracy":0.8923333333333333}