{"epoch":10,"best_val_accuracy":0.8663333333333333,"best_epoch":9,"val_loss":0.3844468695643351,"_timestamp":1.741364883074373e+09,"val_accuracy":0.8663333333333333,"best_val_loss":0.3844468695643351,"_runtime":64.9543611,"best_train_accuracy":0.8668333333333333,"train_accuracy":0.8668333333333333,"best_train_loss":0.37639679751651633,"_wandb":{"runtime":64},"train_loss":0.37639679751651633,"_step":10}