{"epoch":10,"best_val_accuracy":0.8763333333333333,"val_accuracy":0.876,"test_loss":0.20502403817341447,"train_loss":0.17446210287509842,"best_train_accuracy":0.8793703703703704,"test_accuracy":0.867,"_wandb":{"runtime":224},"best_epoch":5,"_step":12,"_runtime":224.0619803,"train_accuracy":0.8878148148148148,"_timestamp":1.7414538326788006e+09,"best_train_loss":0.18571544513286378,"confusion_matrix":{"size":28804,"path":"media/plotly/confusion_matrix_12_b7f4773a02ae7cb4b591.plotly.json","_type":"plotly-file","sha256":"b7f4773a02ae7cb4b591bbe92372adb5382b1851c354fbf7eb13cd15c4b2f096"},"best_val_loss":0.1927470903597224,"val_loss":0.19524112648076994}