{"val_loss":0.4472720252745638,"best_epoch":14,"train_loss":0.4528207788163885,"val_accuracy":0.84,"epoch":15,"best_val_accuracy":0.84,"best_val_loss":0.4472720252745638,"_timestamp":1.7412684817380633e+09,"best_train_loss":0.4528207788163885,"_runtime":21.1811024,"best_train_accuracy":0.8424074074074074,"_step":15,"train_accuracy":0.8424074074074074,"_wandb":{"runtime":21}}