{"epoch":20,"_wandb":{"runtime":28},"train_accuracy":0.9297407407407408,"val_loss":0.3515399065374738,"_runtime":28.250056700000002,"_step":20,"best_val_accuracy":0.889,"val_accuracy":0.8795,"best_train_loss":0.23356463343532344,"train_loss":0.18795278066390866,"_timestamp":1.7413850264651418e+09,"best_train_accuracy":0.9120925925925926,"best_val_loss":0.3123014447235967,"best_epoch":13}