{"_timestamp":1.741368250485448e+09,"best_val_accuracy":0.10616666666666667,"best_train_loss":2.3031982528374,"_runtime":177.830418,"_wandb":{"runtime":177},"train_accuracy":0.10001851851851852,"epoch":10,"val_loss":2.302454745127681,"val_accuracy":0.10083333333333333,"best_val_loss":2.3024066383753232,"_step":10,"best_epoch":8,"best_train_accuracy":0.10101851851851852,"train_loss":2.303484019214654}