{"_wandb":{"runtime":62},"best_val_accuracy":0.8613333333333333,"val_loss":0.3745904016014846,"_step":15,"train_loss":0.36155168301623797,"train_accuracy":0.8720185185185185,"best_train_loss":0.36659064165183747,"_runtime":62.0448806,"best_val_loss":0.3739531687924433,"_timestamp":1.7412794206897535e+09,"best_epoch":13,"val_accuracy":0.861,"best_train_accuracy":0.8698703703703704,"epoch":15}