{"_step":20,"_wandb":{"runtime":22},"best_val_loss":0.3101722789993437,"best_train_accuracy":0.9331666666666667,"best_val_accuracy":0.8958333333333334,"best_train_loss":0.18197574508778572,"train_accuracy":0.9322777777777778,"train_loss":0.18096492684267038,"_runtime":22.6400075,"_timestamp":1.7414069582408915e+09,"epoch":20,"val_accuracy":0.893,"best_epoch":18,"val_loss":0.31766127361378776}