{"best_val_accuracy":0.8941666666666667,"val_loss":0.34670528498434805,"train_loss":0.15536877414606523,"_runtime":32.6402227,"epoch":20,"val_accuracy":0.8886666666666667,"best_val_loss":0.3269108116757011,"best_train_loss":0.17373385905141092,"best_epoch":16,"train_accuracy":0.9417592592592593,"_timestamp":1.741411753355287e+09,"_wandb":{"runtime":32},"_step":20,"best_train_accuracy":0.9339814814814815}