{"best_train_loss":0.195703734573905,"train_accuracy":0.9372592592592592,"val_accuracy":0.891,"_step":20,"_timestamp":1.741394290447205e+09,"best_val_accuracy":0.8911666666666667,"_wandb":{"runtime":22},"best_train_accuracy":0.9256111111111112,"val_loss":0.3338699392991113,"train_loss":0.16629036331061461,"_runtime":22.647428,"epoch":20,"best_epoch":14,"best_val_loss":0.32268526568997297}