{"_runtime":36.7429074,"train_loss":0.9178693738278582,"best_train_loss":0.5413692175071062,"_wandb":{"runtime":36},"_timestamp":1.7412526141277573e+09,"epoch":15,"val_accuracy":0.7846666666666666,"best_val_loss":0.5436487846846816,"val_loss":1.0079064019737065,"_step":15,"best_val_accuracy":0.8333333333333334,"train_accuracy":0.7612962962962962,"best_train_accuracy":0.832462962962963,"best_epoch":1}