{"epoch":20,"_step":20,"best_epoch":15,"best_train_accuracy":0.9299259259259259,"val_accuracy":0.888,"_timestamp":1.7414005529842548e+09,"best_val_loss":0.3286081017185576,"_wandb":{"runtime":48},"_runtime":48.5381596,"train_loss":0.16298513900952924,"train_accuracy":0.9388518518518518,"best_train_loss":0.18700813087289336,"best_val_accuracy":0.8941666666666667,"val_loss":0.34973720533841035}