{"val_accuracy":0.8938333333333334,"train_loss":0.15744377795694103,"best_epoch":18,"epoch":20,"_step":20,"train_accuracy":0.9416111111111111,"best_val_accuracy":0.899,"_timestamp":1.7414075202821617e+09,"_wandb":{"runtime":23},"_runtime":23.8081071,"best_train_accuracy":0.9385,"best_val_loss":0.31981431560533813,"val_loss":0.3506077266706232,"best_train_loss":0.16491193365451234}