{"best_val_accuracy":0.8906666666666667,"_runtime":22.8546819,"train_loss":0.18866478496502326,"best_train_accuracy":0.9227407407407408,"best_val_loss":0.3159747333691222,"val_accuracy":0.8833333333333333,"epoch":20,"best_train_loss":0.21073514887663483,"_wandb":{"runtime":22},"val_loss":0.3626602555479106,"train_accuracy":0.9310185185185185,"_timestamp":1.741376663076747e+09,"_step":20,"best_epoch":15}