{"_timestamp":1.741386685341784e+09,"_wandb":{"runtime":20},"best_train_loss":0.18158102084514063,"best_val_loss":0.34409690295009165,"epoch":20,"train_loss":0.17849176539782138,"best_train_accuracy":0.9311111111111111,"_runtime":20.6419377,"best_epoch":18,"best_val_accuracy":0.8945,"train_accuracy":0.9334814814814815,"_step":20,"val_loss":0.34472783758585474,"val_accuracy":0.8876666666666667}