{"best_val_accuracy":0.882,"val_accuracy":0.882,"train_loss":0.16923343121823672,"val_loss":0.18030952943920703,"train_accuracy":0.8942037037037037,"best_train_loss":0.16923343121823672,"_runtime":15.7095372,"test_loss":0.18875020870297596,"_wandb":{"runtime":15},"epoch":10,"_timestamp":1.7414520019386773e+09,"test_accuracy":0.8765,"best_train_accuracy":0.8942037037037037,"confusion_matrix":{"_type":"plotly-file","sha256":"f7ab86d7fa356752aff90fa2ef537567f9d50baaf35758f6f9c687111e9d9fe3","size":28800,"path":"media/plotly/confusion_matrix_12_f7ab86d7fa356752aff9.plotly.json"},"best_epoch":9,"best_val_loss":0.18030952943920703,"_step":12}