{"train_loss":0.33698316702736947,"epoch":15,"best_val_accuracy":0.8723333333333333,"_wandb":{"runtime":63},"val_loss":0.3877691542291871,"_step":15,"best_val_loss":0.35467773781571177,"_timestamp":1.741254405009345e+09,"val_accuracy":0.8608333333333333,"_runtime":63.8068157,"best_train_accuracy":0.8729814814814815,"best_train_loss":0.3508847034839843,"train_accuracy":0.8798333333333334,"best_epoch":9}