{"epoch":10,"train_loss":0.6728978205965962,"best_val_loss":0.6494312504421963,"best_train_loss":0.6728978205965962,"best_train_accuracy":0.7618518518518519,"val_loss":0.6494312504421963,"_wandb":{"runtime":11},"_runtime":11.4526383,"_step":10,"_timestamp":1.741365219996127e+09,"best_epoch":9,"train_accuracy":0.7618518518518519,"val_accuracy":0.7688333333333334,"best_val_accuracy":0.7688333333333334}