{"best_train_accuracy":0.8720925925925926,"val_loss":0.3964044263298463,"_wandb":{"runtime":40},"_timestamp":1.7412584089999437e+09,"best_epoch":13,"_runtime":40.8420167,"epoch":15,"best_val_accuracy":0.8641666666666666,"train_loss":0.36927384032326854,"train_accuracy":0.8727037037037036,"val_accuracy":0.8621666666666666,"best_train_loss":0.37188338057409165,"_step":15,"best_val_loss":0.39036708331673586}