{"_runtime":65.8259564,"_timestamp":1.7414092941318815e+09,"_step":20,"best_train_accuracy":0.9360740740740741,"train_loss":0.1532280956807674,"_wandb":{"runtime":65},"best_train_loss":0.17195537158654642,"best_val_loss":0.32392745150490526,"epoch":20,"best_val_accuracy":0.8963333333333333,"val_accuracy":0.8923333333333333,"val_loss":0.35334152541378655,"train_accuracy":0.9421481481481482,"best_epoch":16}