{"best_val_accuracy":0.8518333333333333,"val_accuracy":0.8506666666666667,"train_loss":0.399458669636393,"_wandb":{"runtime":19},"epoch":15,"best_train_accuracy":0.8593518518518518,"best_epoch":13,"val_loss":0.41488082632436674,"best_train_loss":0.4043606058272672,"best_val_loss":0.4206310934281562,"train_accuracy":0.8611296296296296,"_timestamp":1.741279128515851e+09,"_runtime":19.2996999,"_step":15}