{"_step":15,"val_loss":0.34464620870497464,"best_epoch":14,"best_train_loss":0.30256972937908766,"best_val_accuracy":0.8816666666666667,"train_accuracy":0.8920555555555556,"_timestamp":1.7412689686933496e+09,"best_train_accuracy":0.8920555555555556,"train_loss":0.30256972937908766,"epoch":15,"_wandb":{"runtime":39},"_runtime":39.3057206,"best_val_loss":0.34464620870497464,"val_accuracy":0.8816666666666667}