{"best_val_accuracy":0.8958333333333334,"best_val_loss":0.34477621505699,"train_loss":0.14965917989033295,"train_accuracy":0.943462962962963,"best_train_loss":0.155691292191388,"_wandb":{"runtime":49},"_runtime":49.3645555,"best_epoch":18,"_timestamp":1.7414062440486033e+09,"val_accuracy":0.8906666666666667,"_step":20,"val_loss":0.3541170097258122,"epoch":20,"best_train_accuracy":0.9410555555555555}