{"_step":20,"_timestamp":1.7413839750477605e+09,"best_train_accuracy":0.9251111111111111,"val_accuracy":0.8863333333333333,"val_loss":0.33648617062709657,"_wandb":{"runtime":23},"best_val_accuracy":0.8941666666666667,"best_epoch":13,"epoch":20,"best_train_loss":0.19958217943991013,"_runtime":23.9352345,"best_val_loss":0.2979856900988366,"train_loss":0.15993138243124547,"train_accuracy":0.9400555555555555}