{"best_epoch":15,"train_accuracy":0.9410925925925926,"val_accuracy":0.8888333333333334,"best_train_loss":0.1806177632990011,"val_loss":0.35503093391785984,"_timestamp":1.741387784433697e+09,"train_loss":0.15529794336539812,"best_val_loss":0.3300066665066767,"best_train_accuracy":0.9328148148148148,"epoch":20,"best_val_accuracy":0.897,"_wandb":{"runtime":54},"_runtime":54.594403,"_step":20}