{"best_epoch":6,"test_accuracy":0.8507,"val_loss":0.21123468109867655,"best_train_loss":0.20625430017593957,"train_loss":0.1966874575253605,"test_loss":0.22474596793682108,"epoch":10,"best_train_accuracy":0.8675925925925926,"train_accuracy":0.8718518518518519,"_runtime":53.0569338,"_wandb":{"runtime":53},"val_accuracy":0.8648333333333333,"confusion_matrix":{"path":"media/plotly/confusion_matrix_12_2c411b78675be32b82f8.plotly.json","_type":"plotly-file","sha256":"2c411b78675be32b82f84e7a8aecbff7d585f9289db8a4ab6270461003edc841","size":28796},"_timestamp":1.7414519477516332e+09,"best_val_accuracy":0.8681666666666666,"best_val_loss":0.2052519080637905,"_step":12}