{"best_train_accuracy":0.8903148148148148,"train_accuracy":0.8897592592592592,"best_epoch":14,"_wandb":{"runtime":186},"best_train_loss":0.30397149174984367,"epoch":20,"train_loss":0.30819340794143535,"val_accuracy":0.872,"val_loss":0.4007066388894337,"best_val_loss":0.3563602275226852,"best_val_accuracy":0.8758333333333334,"_step":20,"_timestamp":1.741405065901933e+09,"_runtime":186.8789831}