{"epoch":10,"best_val_loss":0.3348339251964416,"val_loss":0.35144393964766407,"_runtime":39.6472383,"_wandb":{"runtime":39},"best_epoch":4,"train_accuracy":0.9048888888888889,"_step":10,"best_val_accuracy":0.8838333333333334,"val_accuracy":0.8781666666666667,"best_train_accuracy":0.8834074074074074,"train_loss":0.2623126825869637,"best_train_loss":0.3182135983136335,"_timestamp":1.741366065975345e+09}