{"train_loss":0.747362692070236,"best_train_accuracy":0.7351481481481481,"_step":15,"val_loss":0.7289204886237683,"train_accuracy":0.7351481481481481,"val_accuracy":0.7441666666666666,"_wandb":{"runtime":25},"_runtime":25.4069314,"best_val_loss":0.7289204886237683,"best_train_loss":0.747362692070236,"_timestamp":1.7412532661520734e+09,"best_val_accuracy":0.7441666666666666,"epoch":15,"best_epoch":14}