{"train_accuracy":0.8793518518518518,"epoch":10,"_step":10,"best_val_loss":0.3518259589350067,"val_loss":0.3518259589350067,"best_val_accuracy":0.8736666666666667,"best_epoch":9,"_runtime":19.8555812,"best_train_accuracy":0.8793518518518518,"_timestamp":1.7413662750148005e+09,"_wandb":{"runtime":19},"train_loss":0.3386164337680217,"val_accuracy":0.8736666666666667,"best_train_loss":0.3386164337680217}