{"best_epoch":13,"_step":20,"val_accuracy":0.8755,"epoch":20,"_wandb":{"runtime":23},"train_accuracy":0.9276666666666666,"_timestamp":1.7414110682026892e+09,"_runtime":23.3247593,"best_val_loss":0.3114943843748604,"best_train_accuracy":0.9131296296296296,"best_val_accuracy":0.888,"best_train_loss":0.23217759104570884,"train_loss":0.19444665903113342,"val_loss":0.35822024537456265}