{"_step":12,"test_accuracy":0.8722,"val_accuracy":0.8826666666666667,"test_loss":0.1925960579475222,"_runtime":47.4365067,"best_train_accuracy":0.8964444444444445,"train_loss":0.15895467893828663,"_wandb":{"runtime":47},"best_train_loss":0.15895467893828663,"confusion_matrix":{"sha256":"1c8a8ecc12c190c113cb193b8829ae6c30e480aa0a9749967377fcfabe774db9","size":28801,"path":"media/plotly/confusion_matrix_12_1c8a8ecc12c190c113cb.plotly.json","_type":"plotly-file"},"best_epoch":9,"train_accuracy":0.8964444444444445,"best_val_accuracy":0.8826666666666667,"val_loss":0.17676328465734203,"best_val_loss":0.17676328465734203,"_timestamp":1.7414525101501667e+09,"epoch":10}