{"_step":20,"train_accuracy":0.8933518518518518,"best_train_accuracy":0.8911851851851852,"epoch":20,"train_loss":0.29954710612307084,"val_loss":0.34104089501871643,"best_val_loss":0.3398638892647043,"_wandb":{"runtime":19},"_runtime":19.5160999,"best_epoch":18,"_timestamp":1.741396937439531e+09,"val_accuracy":0.8753333333333333,"best_val_accuracy":0.8783333333333333,"best_train_loss":0.30397236981770476}