{"train_loss":0.22083624229136153,"_timestamp":1.7413730055534134e+09,"_runtime":17.0980773,"_wandb":{"runtime":17},"val_loss":0.32641847562902093,"best_train_accuracy":0.9173703703703704,"_step":20,"epoch":20,"val_accuracy":0.8878333333333334,"best_val_loss":0.32641847562902093,"best_train_loss":0.22083624229136153,"best_val_accuracy":0.8878333333333334,"best_epoch":19,"train_accuracy":0.9173703703703704}