{"train_loss":0.2898006784611069,"best_val_loss":0.3614637964230075,"_step":10,"train_accuracy":0.8948333333333334,"_wandb":{"runtime":68},"best_train_accuracy":0.8948333333333334,"_timestamp":1.741367611021414e+09,"best_val_accuracy":0.8803333333333333,"epoch":10,"_runtime":68.0796361,"best_epoch":9,"best_train_loss":0.2898006784611069,"val_accuracy":0.8803333333333333,"val_loss":0.3614637964230075}