{"best_val_loss":0.3542303130990224,"train_accuracy":0.8862777777777778,"train_loss":0.327594092215789,"_runtime":43.352522,"best_epoch":9,"val_loss":0.3542303130990224,"best_train_loss":0.327594092215789,"best_val_accuracy":0.8771666666666667,"_step":10,"best_train_accuracy":0.8862777777777778,"epoch":10,"val_accuracy":0.8771666666666667,"_timestamp":1.7413643702199879e+09,"_wandb":{"runtime":43}}