{"val_accuracy":0.8908333333333334,"best_epoch":13,"_runtime":32.8193373,"train_loss":0.15581642228000284,"epoch":20,"_wandb":{"runtime":32},"best_train_accuracy":0.9265925925925926,"best_train_loss":0.19523375906603455,"_timestamp":1.7414065097868345e+09,"_step":20,"train_accuracy":0.9410925925925926,"best_val_accuracy":0.8921666666666667,"val_loss":0.35503416870227367,"best_val_loss":0.31401200441936106}