{"val_accuracy":0.7771666666666667,"best_train_loss":0.6572590131046939,"train_accuracy":0.7727777777777778,"_timestamp":1.7412539811459038e+09,"_wandb":{"runtime":23},"_step":15,"epoch":15,"_runtime":23.7901719,"best_val_loss":0.6468960953329633,"val_loss":0.6468960953329633,"best_epoch":14,"best_train_accuracy":0.7727777777777778,"best_val_accuracy":0.7771666666666667,"train_loss":0.6572590131046939}