{"best_epoch":17,"train_loss":0.13319100603765818,"best_val_accuracy":0.8901666666666667,"best_val_loss":0.17162587165100493,"train_accuracy":0.9177592592592593,"_runtime":149.4553111,"best_train_accuracy":0.9154629629629629,"best_train_loss":0.13842636000192018,"test_loss":0.17791572762183636,"val_accuracy":0.89,"_wandb":{"runtime":149},"val_loss":0.1704614083888407,"epoch":20,"confusion_matrix":{"sha256":"72ddf1bd64068056905e4569426af9cae4612eb7a8ad8e0e4f1d2f7b84f7ff39","size":28787,"path":"media/plotly/confusion_matrix_22_72ddf1bd64068056905e.plotly.json","_type":"plotly-file"},"test_accuracy":0.884,"_step":22,"_timestamp":1.7414457215143383e+09}