{"best_train_accuracy":0.8778148148148148,"_runtime":10.418051,"train_accuracy":0.8778148148148148,"_step":10,"best_train_loss":0.33865491122629066,"_timestamp":1.7413655811603315e+09,"_wandb":{"runtime":10},"train_loss":0.33865491122629066,"best_val_accuracy":0.8721666666666666,"best_val_loss":0.3668522757641439,"best_epoch":9,"val_loss":0.3668522757641439,"epoch":10,"val_accuracy":0.8721666666666666}