{"best_train_accuracy":0.9301296296296296,"val_accuracy":0.8943333333333333,"_runtime":28.5413357,"best_epoch":14,"val_loss":0.34009205391473024,"_timestamp":1.7413945795418096e+09,"best_train_loss":0.1879897687158085,"train_loss":0.15386368945420248,"best_val_loss":0.33021238533099134,"_step":20,"_wandb":{"runtime":28},"train_accuracy":0.943037037037037,"epoch":20,"best_val_accuracy":0.8945}