{"best_val_accuracy":0.8923333333333333,"_runtime":22.2569535,"train_loss":0.1639970427656331,"best_epoch":11,"train_accuracy":0.9383148148148148,"_timestamp":1.7413819543336616e+09,"_step":20,"best_train_accuracy":0.918425925925926,"_wandb":{"runtime":22},"best_val_loss":0.32126238496624104,"epoch":20,"best_train_loss":0.21716653118329945,"val_loss":0.3868954797922163,"val_accuracy":0.8876666666666667}