{"epoch":10,"best_train_accuracy":0.8822592592592593,"val_accuracy":0.8745,"train_loss":0.3174786203454875,"best_epoch":8,"best_val_loss":0.3424296033563563,"_timestamp":1.7413638510822015e+09,"best_val_accuracy":0.8775,"_runtime":153.9248477,"train_accuracy":0.8851851851851852,"val_loss":0.34743815398412947,"best_train_loss":0.3255023112974015,"_step":10,"_wandb":{"runtime":153}}