{"epoch":20,"_step":20,"best_val_accuracy":0.8891666666666667,"train_accuracy":0.922037037037037,"_wandb":{"runtime":24},"val_loss":0.35456440406142,"_runtime":24.6933523,"_timestamp":1.7413781492323244e+09,"best_train_loss":0.21141909182927063,"best_train_accuracy":0.9201296296296296,"train_loss":0.20539102715199353,"best_val_loss":0.32026484145739337,"val_accuracy":0.8791666666666667,"best_epoch":18}