{"best_train_accuracy":0.8723333333333333,"best_val_loss":0.3741167911722101,"train_loss":0.37772627507444145,"best_val_accuracy":0.8738333333333334,"_timestamp":1.7413737798521562e+09,"best_epoch":4,"val_accuracy":0.8561666666666666,"_step":20,"_runtime":34.0042472,"_wandb":{"runtime":34},"train_accuracy":0.8779074074074074,"epoch":20,"val_loss":0.5764476097990476,"best_train_loss":0.35886859755147416}