{"epoch":15,"train_accuracy":0.8563888888888889,"_step":15,"_timestamp":1.7412542580290232e+09,"best_train_loss":0.38360103787843935,"train_loss":0.4617860950841192,"_runtime":24.2157247,"val_accuracy":0.8436666666666667,"best_train_accuracy":0.8658333333333333,"best_val_accuracy":0.8645,"best_epoch":5,"best_val_loss":0.3780851961033758,"_wandb":{"runtime":24},"val_loss":0.5132084860464435}