{"train_loss":0.1720589097504384,"train_accuracy":0.9335925925925926,"val_accuracy":0.8866666666666667,"best_train_accuracy":0.9231666666666667,"best_val_accuracy":0.8945,"_runtime":52.9061772,"best_train_loss":0.19987108233577233,"best_epoch":15,"best_val_loss":0.32877942547607925,"_step":20,"_timestamp":1.7413740504868531e+09,"epoch":20,"_wandb":{"runtime":52},"val_loss":0.356244516861282}