{"_wandb":{"runtime":23},"best_train_loss":0.21073997741046066,"_step":20,"train_accuracy":0.9294444444444444,"best_val_accuracy":0.8948333333333334,"best_val_loss":0.29742982810759844,"_runtime":23.0259376,"val_accuracy":0.8863333333333333,"train_loss":0.18638041048209192,"_timestamp":1.7414019862190907e+09,"best_train_accuracy":0.9204629629629629,"epoch":20,"best_epoch":15,"val_loss":0.328334725435211}