{"train_accuracy":0.9419074074074074,"best_val_accuracy":0.8943333333333333,"best_train_accuracy":0.923962962962963,"val_loss":0.34583044136430857,"_wandb":{"runtime":28},"_timestamp":1.7414037810795352e+09,"train_loss":0.1558923419258373,"best_epoch":12,"best_val_loss":0.30823068516126845,"_step":20,"best_train_loss":0.20443388621371836,"val_accuracy":0.8903333333333333,"epoch":20,"_runtime":28.2887603}