{"val_accuracy":0.8925,"_runtime":23.6316193,"epoch":20,"train_loss":0.16033802907917738,"best_train_loss":0.1941763400612019,"best_val_accuracy":0.8946666666666667,"best_val_loss":0.30308320634248076,"val_loss":0.31677070168440224,"_timestamp":1.7413776624405472e+09,"best_train_accuracy":0.9277592592592593,"best_epoch":14,"train_accuracy":0.9404259259259259,"_step":20,"_wandb":{"runtime":23}}