{"val_loss":0.3963372806389639,"_runtime":13.7199993,"best_epoch":8,"train_accuracy":0.8627222222222222,"best_train_loss":0.39360978991585366,"_wandb":{"runtime":13},"train_loss":0.38540804229420433,"val_accuracy":0.8556666666666667,"epoch":10,"best_train_accuracy":0.8597592592592592,"_timestamp":1.7413659771418915e+09,"best_val_loss":0.3965140327319362,"_step":10,"best_val_accuracy":0.8583333333333333}