{"best_train_accuracy":0.7028333333333333,"train_accuracy":0.7028333333333333,"train_loss":0.8421558014504471,"best_epoch":9,"val_accuracy":0.7103333333333334,"_timestamp":1.741360143831367e+09,"best_val_loss":0.8137556071961355,"_wandb":{"runtime":43},"epoch":10,"best_val_accuracy":0.7103333333333334,"best_train_loss":0.8421558014504471,"val_loss":0.8137556071961355,"_runtime":43.9436068,"_step":10}