{"_step":20,"val_loss":0.37250679290936317,"_wandb":{"runtime":130},"train_loss":0.1692474547448083,"val_accuracy":0.8885,"best_val_loss":0.33914463061900174,"best_train_accuracy":0.9295555555555556,"_runtime":130.2565933,"best_val_accuracy":0.8936666666666667,"best_epoch":16,"best_train_loss":0.18562280225510724,"train_accuracy":0.9352222222222222,"_timestamp":1.7413721293013794e+09,"epoch":20}