{"train_loss":0.4341749337033674,"_wandb":{"runtime":41},"_runtime":41.0155693,"best_val_accuracy":0.8528333333333333,"val_accuracy":0.85,"best_epoch":12,"_step":15,"best_val_loss":0.42557664546909124,"_timestamp":1.7412680027793953e+09,"val_loss":0.4407010190083449,"epoch":15,"best_train_loss":0.4285424770200117,"train_accuracy":0.8626666666666667,"best_train_accuracy":0.8618888888888889}