{"_wandb":{"runtime":72},"_runtime":72.7477844,"best_train_accuracy":0.8855555555555555,"best_val_loss":0.35442172771265473,"train_loss":0.3261029958206943,"best_val_accuracy":0.8758333333333334,"_timestamp":1.7413705177046084e+09,"val_accuracy":0.8758333333333334,"epoch":10,"best_epoch":9,"train_accuracy":0.8855555555555555,"val_loss":0.35442172771265473,"best_train_loss":0.3261029958206943,"_step":10}