{"_timestamp":1.7414034386523268e+09,"best_epoch":18,"_step":20,"best_train_accuracy":0.9377222222222222,"val_accuracy":0.8916666666666667,"best_val_accuracy":0.8948333333333334,"_wandb":{"runtime":32},"best_val_loss":0.33178048247887987,"epoch":20,"_runtime":32.6428195,"train_loss":0.15797608353803172,"best_train_loss":0.16417438147061433,"train_accuracy":0.9409259259259259,"val_loss":0.3320227126729351}