{"_wandb":{"runtime":20},"_timestamp":1.741272164536845e+09,"epoch":15,"best_train_loss":0.8815577258536748,"best_val_accuracy":0.7245,"best_val_loss":0.8577458405715482,"train_loss":0.8815577258536748,"_runtime":20.5143611,"train_accuracy":0.7172777777777778,"best_train_accuracy":0.7172777777777778,"val_loss":0.8577458405715482,"val_accuracy":0.7245,"best_epoch":14,"_step":15}