{"train_loss":0.1637143618865795,"_runtime":25.3205148,"val_accuracy":0.8781666666666667,"test_loss":0.19405182074787733,"_wandb":{"runtime":25},"train_accuracy":0.8918703703703704,"best_val_accuracy":0.8796666666666667,"best_val_loss":0.18500716575744502,"best_train_accuracy":0.8902962962962963,"test_accuracy":0.8716,"confusion_matrix":{"sha256":"9c76138c93c1f1cb4082abd99402a7721260737a76001f85a8bca93dabe520bf","size":28756,"path":"media/plotly/confusion_matrix_12_9c76138c93c1f1cb4082.plotly.json","_type":"plotly-file"},"_step":12,"best_train_loss":0.16597608819324194,"best_epoch":8,"_timestamp":1.74145061826673e+09,"epoch":10,"val_loss":0.18582090888680253}