{"best_train_loss":0.41159511789774567,"val_loss":0.4189492683636675,"best_epoch":4,"epoch":5,"best_val_accuracy":0.8496666666666667,"val_accuracy":0.8496666666666667,"_runtime":102.1093992,"_wandb":{"runtime":102},"best_train_accuracy":0.855574074074074,"_timestamp":1.741366974632078e+09,"best_val_loss":0.4189492683636675,"train_loss":0.41159511789774567,"train_accuracy":0.855574074074074,"_step":5}