{"_runtime":31.1101561,"train_accuracy":0.8756296296296296,"_wandb":{"runtime":31},"best_epoch":9,"best_val_accuracy":0.8685,"best_val_loss":0.36161979727355303,"val_loss":0.36161979727355303,"best_train_accuracy":0.8756296296296296,"_step":10,"best_train_loss":0.34815303881600373,"val_accuracy":0.8685,"train_loss":0.34815303881600373,"_timestamp":1.7413683642333193e+09,"epoch":10}