{"test_accuracy":0.8653,"val_loss":0.1917795572743404,"_step":7,"train_loss":0.18344678119984562,"confusion_matrix":{"sha256":"fec29c4c1e2a2a43f11dede8c8b1aeadb39ea9da44af729adbbf181216e34a42","size":28785,"path":"media/plotly/confusion_matrix_7_fec29c4c1e2a2a43f11d.plotly.json","_type":"plotly-file"},"best_val_loss":0.1917795572743404,"_runtime":43.28472,"best_val_accuracy":0.878,"_wandb":{"runtime":43},"_timestamp":1.7414590127784169e+09,"val_accuracy":0.878,"best_epoch":4,"train_accuracy":0.8828888888888888,"best_train_accuracy":0.8828888888888888,"best_train_loss":0.18344678119984562,"test_loss":0.2067952916773423,"epoch":5}