{"_runtime":37.8321036,"epoch":15,"train_accuracy":0.8565555555555555,"_timestamp":1.7412579023492887e+09,"best_train_accuracy":0.8470555555555556,"_wandb":{"runtime":37},"_step":15,"val_loss":0.7409127078570831,"best_train_loss":0.44978404744264355,"train_loss":0.5252063084045357,"best_val_accuracy":0.8553333333333333,"best_epoch":1,"best_val_loss":0.47937355073960136,"val_accuracy":0.8235}