{"best_val_accuracy":0.8645,"val_accuracy":0.8568333333333333,"best_train_loss":0.36456584472838,"_timestamp":1.7413679738824139e+09,"train_accuracy":0.8750185185185185,"val_loss":0.3968601577387163,"_runtime":147.7752882,"best_train_accuracy":0.8721666666666666,"train_loss":0.35953857826690944,"_wandb":{"runtime":147},"best_val_loss":0.3856466422106743,"best_epoch":8,"_step":10,"epoch":10}