{"train_loss":0.16226378050853435,"_timestamp":1.7413941422437246e+09,"val_loss":0.32444942779308517,"epoch":20,"train_accuracy":0.9396851851851852,"val_accuracy":0.8928333333333334,"_wandb":{"runtime":24},"best_val_loss":0.32444942779308517,"_step":20,"best_val_accuracy":0.8928333333333334,"best_epoch":19,"best_train_accuracy":0.9396851851851852,"best_train_loss":0.16226378050853435,"_runtime":24.0799918}