{"val_loss":0.3825131230184777,"train_loss":0.18095613436686783,"best_epoch":16,"best_train_accuracy":0.9213888888888889,"train_accuracy":0.9311111111111111,"epoch":20,"best_val_accuracy":0.8933333333333333,"_timestamp":1.7414011270207958e+09,"val_accuracy":0.8763333333333333,"_wandb":{"runtime":19},"best_train_loss":0.21209140613311045,"_step":20,"_runtime":19.0848373,"best_val_loss":0.3136185521233894}