{"_step":15,"best_train_loss":0.3101610957335128,"best_train_accuracy":0.8886111111111111,"best_epoch":13,"_wandb":{"runtime":40},"train_accuracy":0.8901296296296296,"val_loss":0.34093925326149604,"best_val_accuracy":0.8843333333333333,"epoch":15,"best_val_loss":0.3436250147618465,"val_accuracy":0.8795,"train_loss":0.3061369352951136,"_timestamp":1.7412700528646295e+09,"_runtime":40.2765544}