{"best_train_loss":0.32862822365011507,"val_loss":0.3530903714459337,"best_train_accuracy":0.8798148148148148,"best_val_accuracy":0.8748333333333334,"epoch":10,"train_accuracy":0.8853148148148148,"_runtime":8.02312,"_timestamp":1.7413645086772537e+09,"val_accuracy":0.8736666666666667,"_wandb":{"runtime":8},"best_epoch":7,"train_loss":0.31394141696825795,"_step":10,"best_val_loss":0.3546050616374308}