{"test_loss":0.1887120421773527,"val_accuracy":0.8826666666666667,"val_loss":0.17810102148324033,"_runtime":105.4142062,"best_val_loss":0.17626169184679266,"_wandb":{"runtime":105},"best_train_accuracy":0.8995185185185185,"epoch":10,"_step":12,"best_train_loss":0.15399143766654272,"best_val_accuracy":0.884,"best_epoch":8,"_timestamp":1.7414606154584432e+09,"confusion_matrix":{"size":28782,"path":"media/plotly/confusion_matrix_12_b97f8c8549b379fd942d.plotly.json","_type":"plotly-file","sha256":"b97f8c8549b379fd942d67d38482a547ac06123c6e2589c92cee0ba03190f692"},"train_accuracy":0.9036296296296297,"test_accuracy":0.875,"train_loss":0.1486080184925086}