{"_runtime":14.3795914,"val_loss":0.3237288550365884,"best_train_loss":0.2782105467110546,"best_train_accuracy":0.8979074074074074,"train_accuracy":0.8979074074074074,"best_val_loss":0.3237288550365884,"val_accuracy":0.8811666666666667,"best_epoch":19,"_wandb":{"runtime":14},"best_val_accuracy":0.8811666666666667,"_step":20,"train_loss":0.2782105467110546,"_timestamp":1.7413829288636985e+09,"epoch":20}