{"best_train_loss":0.16644963839206564,"train_loss":0.16644963839206564,"_wandb":{"runtime":126},"_timestamp":1.741449917975487e+09,"train_accuracy":0.888537037037037,"confusion_matrix":{"sha256":"f23f2bc553159d43a64a6ba7ce208794b44488a3eb7600a95fcfaad2c585d05a","size":28791,"path":"media/plotly/confusion_matrix_12_f23f2bc553159d43a64a.plotly.json","_type":"plotly-file"},"test_accuracy":0.8716,"best_val_loss":0.18078852032632453,"epoch":10,"val_accuracy":0.8771666666666667,"test_loss":0.1887442847706066,"best_val_accuracy":0.8771666666666667,"val_loss":0.18078852032632453,"best_epoch":9,"best_train_accuracy":0.888537037037037,"_step":12,"_runtime":126.402996}