{"best_val_accuracy":0.8813333333333333,"best_val_loss":0.34815228528824493,"best_epoch":12,"_wandb":{"runtime":50},"val_accuracy":0.8766666666666667,"_step":15,"_timestamp":1.7412674061606078e+09,"train_loss":0.30044018670381856,"train_accuracy":0.8933518518518518,"_runtime":50.7362058,"best_train_loss":0.3122130161076326,"val_loss":0.36058550186087635,"epoch":15,"best_train_accuracy":0.8876481481481482}