{"best_train_loss":0.28976600306833544,"_runtime":16.7654021,"train_loss":0.2806684945594212,"_timestamp":1.741369827320676e+09,"best_train_accuracy":0.8923148148148148,"best_val_accuracy":0.8815,"val_accuracy":0.8768333333333334,"epoch":10,"_wandb":{"runtime":16},"best_epoch":8,"train_accuracy":0.8968888888888888,"best_val_loss":0.3267518866706586,"_step":10,"val_loss":0.34344567310190677}