{"best_val_loss":2.2991786088156547,"best_train_loss":2.2997249740467427,"_timestamp":1.7412686837085652e+09,"_runtime":47.8259213,"best_val_accuracy":0.18983333333333333,"val_accuracy":0.10766666666666666,"train_loss":2.2982301694130904,"best_epoch":11,"_wandb":{"runtime":47},"val_loss":2.298831792587041,"best_train_accuracy":0.12498148148148149,"train_accuracy":0.13583333333333333,"epoch":15,"_step":15}