{"epoch":10,"best_val_loss":0.7283220614553291,"best_train_loss":0.7218478051792164,"best_val_accuracy":0.8258333333333333,"_runtime":72.6504911,"_step":10,"train_accuracy":0.6387777777777778,"_timestamp":1.741365471548099e+09,"best_epoch":1,"train_loss":1.7136802599621996,"best_train_accuracy":0.8057592592592593,"val_loss":1.314501427041724,"val_accuracy":0.613,"_wandb":{"runtime":72}}