{"best_epoch":18,"train_accuracy":0.9413148148148148,"_runtime":29.3039712,"val_loss":0.3552311576491069,"_step":20,"epoch":20,"_timestamp":1.741401608095406e+09,"best_val_loss":0.3443027950553839,"train_loss":0.1561737120161207,"_wandb":{"runtime":29},"val_accuracy":0.89,"best_val_accuracy":0.8903333333333333,"best_train_loss":0.1613042959189904,"best_train_accuracy":0.9397222222222222}