{"_step":20,"epoch":20,"best_epoch":18,"_wandb":{"runtime":38},"best_val_loss":0.32167065807447653,"best_train_accuracy":0.9362222222222222,"val_loss":0.3239569205161905,"train_loss":0.16579651147093397,"_timestamp":1.7414033646911314e+09,"train_accuracy":0.9375555555555556,"_runtime":38.3660464,"best_val_accuracy":0.897,"best_train_loss":0.17129583355216155,"val_accuracy":0.8956666666666667}