{"best_train_loss":0.18997795138328585,"val_accuracy":0.8923333333333333,"best_train_accuracy":0.9293703703703704,"_wandb":{"runtime":28},"best_val_loss":0.30037762043206634,"epoch":20,"val_loss":0.30037762043206634,"_step":20,"train_loss":0.18997795138328585,"train_accuracy":0.9293703703703704,"_timestamp":1.7413997888998508e+09,"best_val_accuracy":0.8923333333333333,"best_epoch":19,"_runtime":28.3671418}