{"best_train_loss":0.16455413274906275,"test_loss":0.39818561113593237,"best_val_loss":0.3607360605655283,"_wandb":{"runtime":197},"train_loss":0.16006805123764928,"best_epoch":28,"epoch":30,"val_accuracy":0.8888333333333334,"best_train_accuracy":0.9379444444444445,"confusion_matrix":{"path":"media/plotly/confusion_matrix_32_0eecb3fed91721b9c71c.plotly.json","_type":"plotly-file","sha256":"0eecb3fed91721b9c71c4c6592a664ac36afdc9c320d67916809dd49b0dd336a","size":28798},"best_val_accuracy":0.8923333333333333,"train_accuracy":0.9389444444444445,"val_loss":0.3745316149315767,"_runtime":197.9459393,"_timestamp":1.7414333452120903e+09,"test_accuracy":0.8854,"_step":32}