{"_runtime":23.9280479,"_timestamp":1.741382260169955e+09,"best_val_loss":0.3169395120959795,"train_accuracy":0.9394259259259259,"train_loss":0.16282931198311193,"best_train_loss":0.18093158343036256,"val_loss":0.32602885598489384,"epoch":20,"_wandb":{"runtime":23},"_step":20,"best_val_accuracy":0.8946666666666667,"best_epoch":16,"val_accuracy":0.8916666666666667,"best_train_accuracy":0.932962962962963}