{"_timestamp":1.7412536300190196e+09,"best_val_accuracy":0.8281666666666667,"best_train_loss":0.5010579347190519,"best_train_accuracy":0.8290555555555555,"val_accuracy":0.8281666666666667,"train_accuracy":0.8290555555555555,"best_val_loss":0.4930103430110903,"val_loss":0.4930103430110903,"best_epoch":14,"_step":15,"_runtime":23.8728926,"epoch":15,"train_loss":0.5010579347190519,"_wandb":{"runtime":23}}