{"val_loss":0.2197683019059281,"val_accuracy":0.852,"best_val_loss":0.20997095335244714,"_wandb":{"runtime":114},"best_epoch":8,"best_train_accuracy":0.8818333333333334,"test_accuracy":0.8515,"train_accuracy":0.8843148148148148,"_timestamp":1.7414605018121095e+09,"_runtime":114.0697454,"confusion_matrix":{"size":28800,"path":"media/plotly/confusion_matrix_12_35f37af32a485f464ab0.plotly.json","_type":"plotly-file","sha256":"35f37af32a485f464ab0c0f45acee8272bb1c9efa978bc9425f2a7f06417debc"},"train_loss":0.18347872715626234,"best_train_loss":0.18450004933117736,"test_loss":0.22376403460931865,"_step":12,"epoch":10,"best_val_accuracy":0.8705}