{"best_epoch":13,"best_train_loss":0.33630182151863164,"best_val_loss":0.3594453524223805,"train_loss":0.33318139010593506,"_wandb":{"runtime":35},"_step":15,"val_accuracy":0.8681666666666666,"val_loss":0.3614951631107606,"best_train_accuracy":0.8808518518518519,"_runtime":35.8117129,"epoch":15,"best_val_accuracy":0.87,"_timestamp":1.7412652349132497e+09,"train_accuracy":0.8823888888888889}