{"best_val_loss":0.3745492364352589,"val_loss":0.41798445053774796,"_step":30,"best_train_loss":0.07559986170006333,"_wandb":{"runtime":222},"best_train_accuracy":0.9726111111111111,"_runtime":222.1678019,"_timestamp":1.741428652240784e+09,"best_epoch":26,"val_accuracy":0.8963333333333333,"best_val_accuracy":0.8978333333333334,"epoch":30,"train_accuracy":0.9771851851851852,"train_loss":0.06422704683083211}