{"val_accuracy":0.8785,"epoch":5,"train_loss":0.33989723857880316,"best_epoch":4,"best_train_accuracy":0.8761296296296296,"train_accuracy":0.8761296296296296,"_wandb":{"runtime":13},"best_val_loss":0.35261863013509137,"_runtime":13.6291138,"_step":5,"_timestamp":1.741367729855402e+09,"best_train_loss":0.33989723857880316,"best_val_accuracy":0.8785,"val_loss":0.35261863013509137}