{"val_loss":0.450097619147525,"_step":10,"_wandb":{"runtime":13},"epoch":10,"train_loss":0.3737247699830549,"best_epoch":4,"best_val_accuracy":0.8691666666666666,"_runtime":13.4964392,"_timestamp":1.741364019918137e+09,"val_accuracy":0.8561666666666666,"best_train_loss":0.3677768000197218,"best_train_accuracy":0.8706296296296296,"best_val_loss":0.3697837454393605,"train_accuracy":0.8736111111111111}