{"best_train_accuracy":0.9044629629629629,"train_loss":0.18039463438149092,"train_accuracy":0.9324259259259259,"_timestamp":1.741377127207062e+09,"best_val_loss":0.3071128304513755,"_step":20,"val_loss":0.3211361813752557,"val_accuracy":0.8823333333333333,"_runtime":22.3992251,"best_val_accuracy":0.8916666666666667,"best_epoch":8,"best_train_loss":0.26180081995533594,"epoch":20,"_wandb":{"runtime":22}}