{"_wandb":{"runtime":11},"_step":5,"_runtime":11.6712836,"best_val_accuracy":0.8593333333333333,"val_loss":0.5090076558695749,"best_val_loss":0.41788633352902504,"best_epoch":3,"best_train_accuracy":0.8579444444444444,"train_accuracy":0.8546481481481482,"best_train_loss":0.4294496242275927,"train_loss":0.4524506852800383,"epoch":5,"_timestamp":1.7413698531643934e+09,"val_accuracy":0.8323333333333334}