{"_step":7,"_timestamp":1.7414502565313134e+09,"train_accuracy":0.8850185185185185,"epoch":5,"best_train_accuracy":0.8817407407407407,"val_loss":0.2037432599690443,"_runtime":47.3288716,"val_accuracy":0.8683333333333333,"_wandb":{"runtime":47},"confusion_matrix":{"sha256":"4c03b5295ce806986b3b720ae808e6421e8337b1b86e4485a11bb7656d356a3d","size":28783,"path":"media/plotly/confusion_matrix_7_4c03b5295ce806986b3b.plotly.json","_type":"plotly-file"},"best_train_loss":0.18073716263752368,"test_loss":0.20733201082194988,"train_loss":0.17329639956844659,"best_val_accuracy":0.8715,"best_val_loss":0.18902069453157222,"best_epoch":3,"test_accuracy":0.8666}