{"train_accuracy":0.8535925925925926,"val_accuracy":0.853,"best_epoch":4,"best_val_loss":0.4080614765601144,"_runtime":285.53658,"epoch":15,"best_train_accuracy":0.8507407407407407,"_step":15,"best_val_accuracy":0.8621666666666666,"val_loss":0.43325341101676024,"_timestamp":1.741271724681236e+09,"best_train_loss":0.43081408196378224,"_wandb":{"runtime":285},"train_loss":0.4323749717060343}