{"epoch":20,"_step":20,"best_train_loss":0.19814544224950698,"_runtime":28.416393,"val_loss":0.34303753446612933,"best_epoch":13,"train_loss":0.15757627060649987,"_timestamp":1.741406285871116e+09,"val_accuracy":0.8935,"_wandb":{"runtime":28},"best_val_accuracy":0.8956666666666667,"best_train_accuracy":0.9261666666666667,"train_accuracy":0.9411111111111111,"best_val_loss":0.3084839616767318}