{"best_val_loss":0.2885876992458995,"best_epoch":4,"test_loss":0.2999729095046896,"test_accuracy":0.8241,"best_val_accuracy":0.832,"epoch":5,"val_loss":0.2885876992458995,"train_loss":0.29552338901647474,"best_train_loss":0.29552338901647474,"_step":7,"_runtime":148.3139701,"_wandb":{"runtime":148},"val_accuracy":0.832,"train_accuracy":0.8317592592592593,"best_train_accuracy":0.8317592592592593,"confusion_matrix":{"size":28821,"path":"media/plotly/confusion_matrix_7_fd32354e99fc96cd407d.plotly.json","_type":"plotly-file","sha256":"fd32354e99fc96cd407d105e0f0de21e08bec93ec86cd5ebdaec8783463aa071"},"_timestamp":1.7414526645452485e+09}