{"_step":15,"best_val_loss":0.36910143647624305,"train_loss":0.33733761409744545,"epoch":15,"train_accuracy":0.8781296296296296,"_runtime":42.5908538,"val_accuracy":0.8696666666666667,"best_train_accuracy":0.8781296296296296,"_timestamp":1.741270905920642e+09,"_wandb":{"runtime":42},"best_epoch":14,"val_loss":0.36910143647624305,"best_val_accuracy":0.8696666666666667,"best_train_loss":0.33733761409744545}