{"val_loss":0.5517098881604722,"best_train_loss":0.5594237319757739,"epoch":10,"val_accuracy":0.7941666666666667,"train_loss":0.5394230542751779,"best_val_accuracy":0.8058333333333333,"train_accuracy":0.8093148148148148,"_wandb":{"runtime":27},"best_epoch":8,"best_train_accuracy":0.803537037037037,"_runtime":27.384481,"_step":10,"best_val_loss":0.5461163941813131,"_timestamp":1.7413645218134806e+09}