{"train_loss":0.38736995023454496,"_step":15,"train_accuracy":0.8637777777777778,"val_accuracy":0.853,"best_train_loss":0.3930605033752609,"_wandb":{"runtime":51},"best_train_accuracy":0.8611296296296296,"best_val_accuracy":0.8568333333333333,"_timestamp":1.7412695092199376e+09,"best_epoch":13,"epoch":15,"val_loss":0.40747951911079033,"_runtime":51.4371156,"best_val_loss":0.402057706919945}