{"train_loss":0.30889690278170456,"best_val_loss":0.3516345217349077,"_wandb":{"runtime":43},"_step":15,"val_loss":0.34806289606664526,"_runtime":43.8596655,"val_accuracy":0.8735,"train_accuracy":0.8880925925925925,"best_epoch":12,"epoch":15,"best_val_accuracy":0.8736666666666667,"_timestamp":1.7412649431437924e+09,"best_train_loss":0.31815198801932454,"best_train_accuracy":0.8842962962962962}