{"best_val_accuracy":0.8931666666666667,"train_accuracy":0.927537037037037,"_timestamp":1.7413952351578178e+09,"best_epoch":19,"best_train_accuracy":0.927537037037037,"val_accuracy":0.8931666666666667,"best_train_loss":0.1925078334428275,"train_loss":0.1925078334428275,"_step":20,"val_loss":0.31079655760343516,"_wandb":{"runtime":23},"best_val_loss":0.31079655760343516,"epoch":20,"_runtime":23.8232408}