{"_runtime":43.5316299,"best_epoch":18,"best_train_loss":0.16628162653121226,"best_val_loss":0.3431671562123064,"val_accuracy":0.8906666666666667,"train_accuracy":0.9358333333333333,"best_train_accuracy":0.9369074074074074,"val_loss":0.3687932602107115,"best_val_accuracy":0.894,"_step":20,"epoch":20,"train_loss":0.16514122796099154,"_timestamp":1.7413738276781042e+09,"_wandb":{"runtime":43}}