{"_step":20,"_runtime":27.1687223,"best_val_accuracy":0.8906666666666667,"best_train_loss":0.2194579742379097,"train_loss":0.18213929184865293,"best_val_loss":0.3064284889095558,"val_loss":0.3421821734577123,"_timestamp":1.7413767041762543e+09,"epoch":20,"train_accuracy":0.9319259259259259,"val_accuracy":0.8865,"_wandb":{"runtime":27},"best_epoch":13,"best_train_accuracy":0.9182222222222223}