{"best_val_accuracy":0.8821666666666667,"_step":15,"_runtime":29.6770819,"best_val_loss":0.3445288499411673,"epoch":15,"val_accuracy":0.878,"best_train_accuracy":0.8923703703703704,"_timestamp":1.741279490874731e+09,"best_epoch":12,"train_loss":0.2883094194631244,"train_accuracy":0.8957962962962963,"val_loss":0.3549000247343874,"_wandb":{"runtime":29},"best_train_loss":0.2985533239130492}