{"_wandb":{"runtime":94},"best_train_accuracy":0.8881851851851852,"best_val_accuracy":0.8775,"best_val_loss":0.36066462812361033,"epoch":15,"_timestamp":1.7412734872900603e+09,"_runtime":93.9960149,"val_accuracy":0.8766666666666667,"train_loss":0.32077991711290194,"best_train_loss":0.32257764784741827,"val_loss":0.35268907133741867,"train_accuracy":0.8883333333333333,"_step":15,"best_epoch":13}