{"_timestamp":1.7414292186212704e+09,"best_train_loss":0.12164445817336221,"val_loss":0.39245352722534693,"best_val_loss":0.3491530422460172,"_wandb":{"runtime":559},"_runtime":559.5770584,"_step":30,"train_loss":0.10012481566877086,"val_accuracy":0.8911666666666667,"train_accuracy":0.9622222222222222,"best_epoch":23,"epoch":30,"best_train_accuracy":0.955,"best_val_accuracy":0.893}