{"_step":20,"epoch":20,"best_train_loss":0.18912660281793453,"best_val_loss":0.3253573838792821,"best_val_accuracy":0.8928333333333334,"val_loss":0.35603115973784927,"train_loss":0.16454030916806836,"_timestamp":1.7414097824737425e+09,"train_accuracy":0.9375555555555556,"best_epoch":15,"_runtime":40.0841717,"best_train_accuracy":0.9296666666666666,"_wandb":{"runtime":40},"val_accuracy":0.885}