{"best_epoch":13,"val_accuracy":0.7511666666666666,"train_loss":0.6491004145739049,"best_train_accuracy":0.7509814814814815,"_runtime":88.077637,"_step":15,"epoch":15,"_wandb":{"runtime":88},"best_val_loss":0.6594673445376064,"val_loss":0.6532873975441225,"train_accuracy":0.7623148148148148,"best_val_accuracy":0.7535,"_timestamp":1.741276934634906e+09,"best_train_loss":0.6657551735940237}