{"_runtime":23.9212077,"_timestamp":1.7413938643699687e+09,"val_loss":0.340061571075618,"train_accuracy":0.9403703703703704,"epoch":20,"best_train_accuracy":0.9399074074074074,"best_val_loss":0.34178271192137183,"best_train_loss":0.16052854279198026,"_wandb":{"runtime":23},"_step":20,"val_accuracy":0.8946666666666667,"best_epoch":18,"best_val_accuracy":0.8975,"train_loss":0.1568060445132472}