{"train_loss":0.32265115627713015,"val_loss":0.37507502746153465,"best_val_accuracy":0.8748333333333334,"_timestamp":1.7413659406835222e+09,"epoch":5,"best_train_accuracy":0.8844074074074074,"_runtime":10.2520113,"val_accuracy":0.8748333333333334,"best_val_loss":0.37507502746153465,"_wandb":{"runtime":10},"best_train_loss":0.32265115627713015,"_step":5,"train_accuracy":0.8844074074074074,"best_epoch":4}