{"best_train_accuracy":0.8707962962962963,"train_accuracy":0.8771111111111111,"_step":10,"best_train_loss":0.3647390595728461,"val_accuracy":0.8683333333333333,"best_val_accuracy":0.869,"train_loss":0.34645933388426986,"best_val_loss":0.3702703288723158,"epoch":10,"_timestamp":1.7413667027689252e+09,"best_epoch":7,"_runtime":20.5307019,"val_loss":0.37516162425101385,"_wandb":{"runtime":20}}