{"_wandb":{"runtime":39},"best_train_accuracy":0.7696296296296297,"best_train_loss":0.6811559018464457,"_runtime":39.2784004,"train_accuracy":0.7696296296296297,"best_val_accuracy":0.7751666666666667,"val_accuracy":0.7751666666666667,"train_loss":0.6811559018464457,"best_epoch":14,"val_loss":0.6674286358227252,"epoch":15,"_timestamp":1.7412513583936694e+09,"_step":15,"best_val_loss":0.6674286358227252}