{"best_val_accuracy":0.8888333333333334,"best_epoch":10,"best_train_accuracy":0.9081111111111111,"_timestamp":1.741404595379429e+09,"_runtime":20.8153951,"train_accuracy":0.9299814814814815,"_wandb":{"runtime":20},"train_loss":0.19203709302368474,"_step":20,"val_loss":0.3146274639062947,"best_train_loss":0.24835401461686812,"best_val_loss":0.30963643939694113,"val_accuracy":0.8871666666666667,"epoch":20}