{"best_val_accuracy":0.8676666666666667,"best_val_loss":0.3690897224787268,"_wandb":{"runtime":30},"train_accuracy":0.8799259259259259,"_step":15,"epoch":15,"best_epoch":12,"val_accuracy":0.8663333333333333,"best_train_accuracy":0.8764074074074074,"_runtime":30.3487797,"_timestamp":1.7412540247556086e+09,"best_train_loss":0.3479742452230237,"train_loss":0.33811500427705304,"val_loss":0.36502622250404604}