{"best_train_loss":0.40070161237093654,"_wandb":{"runtime":31},"val_loss":0.5054157079058222,"_runtime":31.3960884,"_step":15,"best_epoch":4,"best_val_loss":0.4024911625601319,"val_accuracy":0.8441666666666666,"train_loss":0.49545484636281356,"train_accuracy":0.8538148148148148,"best_train_accuracy":0.8641111111111112,"_timestamp":1.7412645679425192e+09,"epoch":15,"best_val_accuracy":0.8673333333333333}