{"train_loss":0.26161320451488146,"_timestamp":1.7412639064062812e+09,"val_accuracy":0.8846666666666667,"best_val_loss":0.3573090147235627,"_wandb":{"runtime":552},"_runtime":552.3233163,"best_train_loss":0.26161320451488146,"train_accuracy":0.9091481481481481,"best_val_accuracy":0.8846666666666667,"best_epoch":14,"best_train_accuracy":0.9091481481481481,"_step":15,"val_loss":0.3573090147235627,"epoch":15}