{"epoch":20,"best_train_loss":0.24536742332728273,"_runtime":26.5003044,"val_loss":0.35075215040756325,"best_epoch":12,"_wandb":{"runtime":26},"best_val_loss":0.32145112048838836,"_step":20,"val_accuracy":0.8866666666666667,"_timestamp":1.7413719934633973e+09,"train_loss":0.20922515280361703,"best_train_accuracy":0.9076296296296297,"train_accuracy":0.9205,"best_val_accuracy":0.8885}