{"train_accuracy":0.9384444444444444,"_runtime":251.2660405,"val_accuracy":0.8883333333333333,"train_loss":0.11098060505869506,"_timestamp":1.741441391193188e+09,"best_train_accuracy":0.9351296296296296,"val_loss":0.1748621372477707,"test_loss":0.18079266923085657,"epoch":30,"best_val_loss":0.16750777398664113,"best_val_accuracy":0.896,"best_epoch":28,"_wandb":{"runtime":251},"test_accuracy":0.8875,"_step":32,"best_train_loss":0.11493749965660403,"confusion_matrix":{"_type":"plotly-file","sha256":"3b4ae1c01cb7f4f5c25d4a101fd3cefbcb5edd8ba36f15868ae4b57914e08a03","size":28797,"path":"media/plotly/confusion_matrix_32_3b4ae1c01cb7f4f5c25d.plotly.json"}}