{"train_loss":0.35121448597279725,"train_accuracy":0.8773703703703704,"best_val_accuracy":0.8653333333333333,"best_val_loss":0.38486916460779796,"_runtime":70.9790038,"val_accuracy":0.8646666666666667,"best_train_loss":0.3712537529497335,"best_train_accuracy":0.8692962962962963,"val_loss":0.38335492179702,"_step":10,"epoch":10,"_wandb":{"runtime":71},"best_epoch":6,"_timestamp":1.7413708907102597e+09}