{"val_loss":0.3344023687899694,"best_epoch":18,"train_accuracy":0.9313703703703704,"_runtime":31.4681218,"val_accuracy":0.8876666666666667,"_timestamp":1.7413752696943028e+09,"best_train_loss":0.18741637377600184,"best_val_loss":0.32670361581826873,"best_train_accuracy":0.9291296296296296,"_wandb":{"runtime":31},"best_val_accuracy":0.8913333333333333,"train_loss":0.18448959832251255,"_step":20,"epoch":20}