{"train_accuracy":0.8880740740740741,"best_val_accuracy":0.8776666666666667,"val_accuracy":0.875,"test_loss":0.2047862487591207,"epoch":10,"best_epoch":8,"test_accuracy":0.8664,"_runtime":140.8581289,"best_val_loss":0.19139998255281918,"_timestamp":1.7414613156203747e+09,"train_loss":0.1745250275640938,"_wandb":{"runtime":140},"best_train_accuracy":0.8861481481481481,"confusion_matrix":{"size":28796,"path":"media/plotly/confusion_matrix_12_65b3b864625fc80ed747.plotly.json","_type":"plotly-file","sha256":"65b3b864625fc80ed74767b70885a4d210446f44e476672f44f959e3cb85174d"},"_step":12,"val_loss":0.1945719513751218,"best_train_loss":0.17697141057152027}