{"best_train_loss":0.3850844149760547,"_wandb":{"runtime":27},"val_accuracy":0.8586666666666667,"epoch":15,"val_loss":0.4001137498259249,"_runtime":27.0889167,"best_epoch":14,"best_train_accuracy":0.8637037037037038,"best_val_accuracy":0.8586666666666667,"_step":15,"train_accuracy":0.8637037037037038,"train_loss":0.3850844149760547,"_timestamp":1.7412699649407365e+09,"best_val_loss":0.4001137498259249}