{"best_epoch":17,"_wandb":{"runtime":20},"best_val_loss":0.3158168464106877,"best_train_loss":0.20032858959036626,"train_loss":0.19019271204906496,"best_val_accuracy":0.8928333333333334,"_timestamp":1.7413751018521898e+09,"train_accuracy":0.9298888888888889,"epoch":20,"val_loss":0.3258246882987028,"val_accuracy":0.8848333333333334,"_step":20,"_runtime":20.0702048,"best_train_accuracy":0.9264814814814815}