{"val_accuracy":0.8946666666666667,"train_loss":0.15808496155691978,"best_val_loss":0.3399495048356139,"best_train_accuracy":0.9406851851851852,"_step":20,"_wandb":{"runtime":32},"best_train_loss":0.15808496155691978,"_timestamp":1.7413774688562193e+09,"best_epoch":19,"best_val_accuracy":0.8946666666666667,"train_accuracy":0.9406851851851852,"epoch":20,"val_loss":0.3399495048356139,"_runtime":32.2359494}