{"best_epoch":16,"best_val_loss":0.3071091116159646,"val_loss":0.3281075591735208,"best_train_loss":0.2099296675822842,"_runtime":22.9229784,"_wandb":{"runtime":22},"_step":20,"train_loss":0.19155230715158572,"val_accuracy":0.8903333333333333,"epoch":20,"best_val_accuracy":0.8946666666666667,"_timestamp":1.7413866507400274e+09,"best_train_accuracy":0.9215925925925926,"train_accuracy":0.9282592592592592}