{"val_loss":0.45600643917416256,"best_val_loss":0.45600643917416256,"_runtime":77.6282281,"best_train_loss":0.45479245071862673,"train_accuracy":0.8473518518518518,"best_epoch":14,"val_accuracy":0.8413333333333334,"epoch":15,"_wandb":{"runtime":77},"_step":15,"best_train_accuracy":0.8473518518518518,"_timestamp":1.7412770195849621e+09,"train_loss":0.45479245071862673,"best_val_accuracy":0.8413333333333334}