{"val_loss":0.4163567237774336,"best_val_loss":0.4163567237774336,"train_accuracy":0.8546481481481482,"_timestamp":1.7412532352613685e+09,"best_epoch":14,"best_train_accuracy":0.8546481481481482,"train_loss":0.41514580124052747,"_wandb":{"runtime":21},"epoch":15,"val_accuracy":0.8526666666666667,"best_train_loss":0.41514580124052747,"_step":15,"_runtime":21.5442597,"best_val_accuracy":0.8526666666666667}