{"best_val_accuracy":0.8938333333333334,"best_val_loss":0.32168766512867264,"best_train_loss":0.18159262497584872,"train_loss":0.16363778338978993,"val_loss":0.33010408930172175,"_wandb":{"runtime":39},"_step":20,"epoch":20,"train_accuracy":0.9387037037037037,"_timestamp":1.7413868703229947e+09,"best_train_accuracy":0.9313333333333333,"best_epoch":16,"_runtime":38.9807066,"val_accuracy":0.8883333333333333}