{"epoch":15,"best_train_accuracy":0.857925925925926,"best_epoch":13,"_step":15,"best_val_accuracy":0.8511666666666666,"val_accuracy":0.8501666666666666,"_runtime":43.4197498,"train_accuracy":0.8583703703703703,"best_train_loss":0.4439045156530269,"_timestamp":1.7412577032527368e+09,"train_loss":0.44314050058571797,"_wandb":{"runtime":43},"best_val_loss":0.45241041457958736,"val_loss":0.45970979624007696}