{"_wandb":{"runtime":23},"best_epoch":18,"best_val_accuracy":0.892,"best_val_loss":0.3084362645973218,"best_train_loss":0.1970133450304326,"train_loss":0.19006439099838285,"_runtime":23.7813747,"best_train_accuracy":0.9257407407407408,"val_accuracy":0.8908333333333334,"val_loss":0.31416713664605117,"epoch":20,"train_accuracy":0.9287592592592593,"_step":20,"_timestamp":1.741411354677599e+09}