{"test_accuracy":0.8603,"_wandb":{"runtime":132},"confusion_matrix":{"sha256":"4612471358bc5a3703d97cc22125f602554f9876faf743911b09d18ab1de53e9","size":28802,"path":"media/plotly/confusion_matrix_12_4612471358bc5a3703d9.plotly.json","_type":"plotly-file"},"_runtime":132.4137496,"best_epoch":8,"best_val_loss":0.19565359619342215,"best_train_loss":0.1719313178760807,"epoch":10,"_timestamp":1.7414608975540917e+09,"val_loss":0.21231743804200656,"_step":12,"train_accuracy":0.8897777777777778,"test_loss":0.21897753725203575,"best_val_accuracy":0.8766666666666667,"best_train_accuracy":0.8889074074074074,"val_accuracy":0.863,"train_loss":0.17096886273955603}