{"_runtime":25.3493015,"_step":20,"best_epoch":15,"epoch":20,"best_val_accuracy":0.8918333333333334,"_timestamp":1.7414067363582237e+09,"best_train_loss":0.19207494531953015,"best_train_accuracy":0.9272222222222222,"train_loss":0.16732942139699242,"best_val_loss":0.34581797598691416,"val_accuracy":0.8908333333333334,"_wandb":{"runtime":25},"val_loss":0.3471832548382371,"train_accuracy":0.9368333333333333}