{"train_accuracy":0.9596481481481481,"val_accuracy":0.8943333333333333,"best_val_accuracy":0.899,"val_loss":0.38311092412015146,"best_epoch":21,"_wandb":{"runtime":357},"_step":30,"train_loss":0.10852398480662062,"best_val_loss":0.34579187433980707,"best_train_loss":0.14360336589596026,"epoch":30,"best_train_accuracy":0.9458518518518518,"_runtime":357.4847412,"_timestamp":1.7414165545594919e+09}