{"train_loss":0.18860021917449482,"epoch":20,"best_train_accuracy":0.9239444444444445,"_wandb":{"runtime":32},"val_accuracy":0.8881666666666667,"best_val_accuracy":0.8936666666666667,"_runtime":32.5181677,"_timestamp":1.7414008967945132e+09,"val_loss":0.32859461110886845,"best_epoch":17,"_step":20,"train_accuracy":0.9275,"best_val_loss":0.31138448431905713,"best_train_loss":0.2006863452685124}