{"val_accuracy":0.8886666666666667,"train_accuracy":0.9385555555555556,"best_val_loss":0.3355373467885934,"best_epoch":18,"_step":20,"epoch":20,"_runtime":22.397556,"best_train_loss":0.1702070987225221,"train_loss":0.16365299512439763,"_timestamp":1.7414106074901302e+09,"best_train_accuracy":0.9358888888888889,"_wandb":{"runtime":22},"val_loss":0.35618504188586037,"best_val_accuracy":0.8983333333333333}