{"epoch":15,"_timestamp":1.741266869596683e+09,"best_epoch":1,"_wandb":{"runtime":26},"best_val_loss":2.3027598430768847,"val_loss":2.302817917153418,"best_train_accuracy":0.09937037037037037,"best_val_accuracy":0.09416666666666666,"train_loss":2.302622975559346,"_step":15,"_runtime":26.2498489,"best_train_loss":2.302628521470964,"val_accuracy":0.09416666666666666,"train_accuracy":0.09988888888888889}