{"_timestamp":1.7412805398491874e+09,"val_accuracy":0.8186666666666667,"best_epoch":13,"best_val_loss":0.4893095790737784,"best_train_accuracy":0.8293148148148148,"_wandb":{"runtime":45},"epoch":15,"val_loss":0.4994850492673949,"best_train_loss":0.48701772148404054,"_runtime":45.7491341,"best_val_accuracy":0.8273333333333334,"_step":15,"train_accuracy":0.8322592592592593,"train_loss":0.47873179593601295}