{"best_epoch":9,"train_loss":0.3818024988882017,"epoch":10,"_runtime":13.5881145,"train_accuracy":0.8642777777777778,"val_loss":0.3956259047576399,"_timestamp":1.7413664638747363e+09,"val_accuracy":0.8538333333333333,"best_train_accuracy":0.8642777777777778,"best_train_loss":0.3818024988882017,"_step":10,"best_val_loss":0.3956259047576399,"_wandb":{"runtime":13},"best_val_accuracy":0.8538333333333333}