{"best_val_accuracy":0.8915,"val_accuracy":0.89,"best_train_loss":0.17739660419658393,"epoch":20,"_timestamp":1.7414051027870367e+09,"_runtime":28.4681951,"_wandb":{"runtime":28},"best_epoch":15,"best_val_loss":0.33221836108920005,"_step":20,"val_loss":0.3412498022916947,"train_accuracy":0.9436851851851852,"best_train_accuracy":0.9339259259259259,"train_loss":0.1537941828807362}