{"best_train_accuracy":0.7985740740740741,"_runtime":48.6314356,"val_loss":0.6129311337163381,"best_train_loss":0.6280697864696314,"_timestamp":1.7412517079631758e+09,"val_accuracy":0.8071666666666667,"best_val_accuracy":0.8071666666666667,"best_epoch":14,"best_val_loss":0.6129311337163381,"train_accuracy":0.7985740740740741,"_wandb":{"runtime":48},"epoch":15,"train_loss":0.6280697864696314,"_step":15}