{"val_loss":0.32853136186665566,"_runtime":23.6507673,"train_loss":0.16041412558142507,"best_val_loss":0.30575805422904695,"train_accuracy":0.9405555555555556,"_timestamp":1.7414044425062077e+09,"best_train_accuracy":0.933037037037037,"best_epoch":15,"_wandb":{"runtime":23},"best_val_accuracy":0.8976666666666666,"val_accuracy":0.8913333333333333,"epoch":20,"best_train_loss":0.1834526417967413,"_step":20}