{"train_accuracy":0.9382777777777778,"val_loss":0.3492240955892629,"best_val_accuracy":0.8965,"_timestamp":1.7413873104233308e+09,"_step":20,"best_train_loss":0.16944854335384066,"_wandb":{"runtime":36},"_runtime":36.1480467,"best_train_accuracy":0.9356666666666666,"val_accuracy":0.8923333333333333,"train_loss":0.16292018164396566,"best_val_loss":0.33443484782034605,"best_epoch":17,"epoch":20}