{"_runtime":51.2191711,"val_loss":0.8114016484013395,"train_accuracy":0.6896666666666667,"best_train_loss":0.820268541223612,"best_epoch":14,"best_val_loss":0.8114016484013395,"best_val_accuracy":0.6933333333333334,"best_train_accuracy":0.6896666666666667,"_wandb":{"runtime":51},"val_accuracy":0.6933333333333334,"epoch":15,"_timestamp":1.741251848617564e+09,"train_loss":0.820268541223612,"_step":15}