{"_runtime":24.0368432,"_timestamp":1.7413942597826028e+09,"epoch":20,"best_val_accuracy":0.894,"train_loss":0.15903995632612092,"_wandb":{"runtime":24},"train_accuracy":0.9412407407407407,"val_loss":0.34023793302818384,"best_train_loss":0.16688657854953234,"best_epoch":18,"val_accuracy":0.8891666666666667,"best_val_loss":0.3186972806691107,"_step":20,"best_train_accuracy":0.9383888888888889}