{"best_train_accuracy":0.9152962962962963,"train_accuracy":0.9393703703703704,"val_loss":0.3483812432807962,"train_loss":0.16426745554741173,"best_val_accuracy":0.8911666666666667,"best_val_loss":0.3142911860211578,"epoch":20,"best_epoch":10,"best_train_loss":0.22656675105174814,"_wandb":{"runtime":19},"_timestamp":1.7414035439151714e+09,"_step":20,"_runtime":19.2779458,"val_accuracy":0.8885}