{"val_accuracy":0.8873333333333333,"best_val_loss":0.30922121256565893,"best_val_accuracy":0.8933333333333333,"train_accuracy":0.924537037037037,"_timestamp":1.7413795772813601e+09,"best_train_accuracy":0.9242962962962963,"best_epoch":18,"val_loss":0.3111631577353232,"_runtime":26.9822618,"best_train_loss":0.19740493697040823,"train_loss":0.2000096959697703,"_step":20,"epoch":20,"_wandb":{"runtime":27}}