{"best_epoch":12,"epoch":15,"train_accuracy":0.8768148148148148,"train_loss":0.36103929936286194,"best_val_accuracy":0.8678333333333333,"best_train_accuracy":0.8759444444444444,"val_accuracy":0.8661666666666666,"_runtime":51.1165497,"best_train_loss":0.36161753326971,"best_val_loss":0.3878140082588913,"_timestamp":1.7412597900949106e+09,"_step":15,"_wandb":{"runtime":51},"val_loss":0.3966934032635475}