{"train_loss":0.31880169287499627,"_wandb":{"runtime":9},"train_accuracy":0.8840740740740741,"best_val_accuracy":0.8803333333333333,"best_train_accuracy":0.8840740740740741,"best_val_loss":0.3427253283425163,"epoch":10,"val_accuracy":0.8803333333333333,"_timestamp":1.7413642918123784e+09,"best_train_loss":0.31880169287499627,"val_loss":0.3427253283425163,"best_epoch":9,"_runtime":9.4357158,"_step":10}