{"val_accuracy":0.6913333333333334,"epoch":10,"_runtime":62.1442345,"train_accuracy":0.6959074074074074,"train_loss":1.0775039934693866,"_wandb":{"runtime":62},"best_epoch":3,"_step":10,"best_train_loss":0.6412662182168871,"_timestamp":1.7413666300549295e+09,"best_train_accuracy":0.8220185185185185,"best_val_loss":0.5277584275031714,"best_val_accuracy":0.8231666666666667,"val_loss":1.0857083620598653}