{"train_loss":0.1697278126908008,"best_val_loss":0.31316657626420774,"_timestamp":1.7413973790291548e+09,"_wandb":{"runtime":39},"epoch":20,"_runtime":39.5442645,"val_accuracy":0.891,"_step":20,"train_accuracy":0.934962962962963,"val_loss":0.3675631836990038,"best_train_accuracy":0.9191851851851852,"best_epoch":12,"best_val_accuracy":0.8923333333333333,"best_train_loss":0.21195604636762744}