{"_wandb":{"runtime":13},"epoch":10,"best_epoch":8,"best_train_accuracy":0.8773333333333333,"train_accuracy":0.8762407407407408,"best_val_accuracy":0.8723333333333333,"val_loss":0.4091806682959055,"_timestamp":1.7413668030684981e+09,"_runtime":13.0756385,"_step":10,"train_loss":0.3645523837596778,"val_accuracy":0.8678333333333333,"best_train_loss":0.3610760309001734,"best_val_loss":0.395246584697606}