{"best_val_loss":0.3170865490509886,"train_loss":0.1861951380356814,"val_loss":0.3555283947785885,"best_epoch":15,"_wandb":{"runtime":27},"_timestamp":1.741389687510518e+09,"_runtime":27.3527049,"epoch":20,"val_accuracy":0.8818333333333334,"best_val_accuracy":0.8931666666666667,"best_train_loss":0.205912079983844,"_step":20,"train_accuracy":0.9304259259259259,"best_train_accuracy":0.9227407407407408}