{"epoch":15,"train_loss":0.33761273898237865,"train_accuracy":0.880425925925926,"_timestamp":1.7412727554088657e+09,"best_train_accuracy":0.880425925925926,"best_val_accuracy":0.8715,"best_train_loss":0.33761273898237865,"_runtime":84.3563528,"_step":15,"_wandb":{"runtime":84},"best_val_loss":0.35690997875681296,"val_accuracy":0.8715,"best_epoch":14,"val_loss":0.35690997875681296}