{"val_loss":0.4065906335439481,"_runtime":44.7678859,"val_accuracy":0.855,"best_val_accuracy":0.855,"best_train_loss":0.42690223905451513,"best_val_loss":0.4065906335439481,"train_loss":0.42690223905451513,"epoch":15,"best_epoch":14,"_timestamp":1.7412779295852969e+09,"train_accuracy":0.8492037037037037,"_wandb":{"runtime":44},"best_train_accuracy":0.8492037037037037,"_step":15}