{"_runtime":42.3671041,"train_accuracy":0.9448888888888889,"epoch":20,"_timestamp":1.7413942300297472e+09,"val_accuracy":0.8941666666666667,"best_val_accuracy":0.8943333333333333,"train_loss":0.14806086553071582,"_wandb":{"runtime":42},"_step":20,"best_epoch":17,"best_val_loss":0.3179428825097596,"best_train_loss":0.1640028002452169,"best_train_accuracy":0.9392592592592592,"val_loss":0.3254527471615049}