{"best_val_loss":0.3508994949313217,"_wandb":{"runtime":22},"val_accuracy":0.8625,"epoch":10,"_timestamp":1.7413678201619916e+09,"_step":10,"best_epoch":3,"_runtime":22.8429068,"train_loss":0.3624494023144021,"val_loss":0.4304173393199111,"best_val_accuracy":0.8751666666666666,"best_train_loss":0.3577273858401061,"best_train_accuracy":0.8717037037037038,"train_accuracy":0.8763703703703704}