{"best_val_accuracy":0.8485,"_wandb":{"runtime":50},"epoch":15,"best_epoch":7,"train_accuracy":0.7684814814814814,"_step":15,"val_accuracy":0.7496666666666667,"best_val_loss":0.5869815322113998,"_timestamp":1.7412545964214582e+09,"_runtime":50.5683391,"train_loss":0.8839562633665403,"best_train_accuracy":0.8194814814814815,"best_train_loss":0.6627802897813223,"val_loss":0.8624177513691063}