{"_runtime":367.654845,"val_accuracy":0.891,"best_val_loss":0.3338554126651573,"_timestamp":1.7414265132766414e+09,"train_accuracy":0.9702962962962963,"_step":30,"best_val_accuracy":0.8986666666666666,"_wandb":{"runtime":367},"val_loss":0.4186384286840395,"best_train_loss":0.14161410288862658,"best_epoch":17,"epoch":30,"train_loss":0.07893029763468232,"best_train_accuracy":0.9464259259259259}