{"_wandb":{"runtime":19},"train_accuracy":0.9389074074074074,"_step":20,"epoch":20,"best_val_accuracy":0.8938333333333334,"_runtime":19.2875783,"train_loss":0.16820349963129103,"_timestamp":1.7413771989355395e+09,"best_train_accuracy":0.9184444444444444,"val_accuracy":0.8855,"best_train_loss":0.21960441902065533,"val_loss":0.3749060267320218,"best_val_loss":0.31383081673765295,"best_epoch":11}