{"train_accuracy":0.9185555555555556,"epoch":20,"val_accuracy":0.8855,"train_loss":0.2191820142193767,"best_val_accuracy":0.8873333333333333,"best_epoch":10,"best_val_loss":0.32707665399222174,"_timestamp":1.7413732844689605e+09,"best_train_loss":0.2560848123958698,"_runtime":44.8882686,"_wandb":{"runtime":44},"val_loss":0.3520625882321736,"best_train_accuracy":0.9047592592592593,"_step":20}