{"_step":15,"best_train_loss":0.34780540132011517,"best_val_accuracy":0.8718333333333333,"val_accuracy":0.8576666666666667,"best_epoch":11,"best_val_loss":0.35829365010686254,"val_loss":0.37468105652817635,"best_train_accuracy":0.874,"train_accuracy":0.8810185185185185,"_wandb":{"runtime":45},"_runtime":45.0059496,"train_loss":0.32797107237871775,"epoch":15,"_timestamp":1.7412529623608267e+09}