{"val_loss":0.361879337770094,"train_accuracy":0.8762777777777778,"_timestamp":1.7413683545901775e+09,"_step":10,"_runtime":38.5013615,"val_accuracy":0.8673333333333333,"_wandb":{"runtime":38},"best_val_loss":0.361879337770094,"best_train_accuracy":0.8762777777777778,"epoch":10,"train_loss":0.3506174094136602,"best_train_loss":0.3506174094136602,"best_epoch":9,"best_val_accuracy":0.8673333333333333}