{"best_val_accuracy":0.8698333333333333,"train_accuracy":0.8790185185185185,"_runtime":46.7670629,"best_train_loss":0.3581394910489818,"epoch":15,"best_train_accuracy":0.8758703703703704,"val_accuracy":0.8666666666666667,"_wandb":{"runtime":46},"train_loss":0.35266211340789044,"_timestamp":1.741254839959529e+09,"best_epoch":11,"best_val_loss":0.3895435929659956,"val_loss":0.39707776289901675,"_step":15}