{"_step":15,"train_loss":0.34930333050045864,"_timestamp":1.741274872224822e+09,"train_accuracy":0.8767037037037037,"best_val_loss":0.3782950450666116,"val_loss":0.3808610995050992,"epoch":15,"_runtime":25.3368369,"best_train_loss":0.36388528441292267,"best_epoch":11,"_wandb":{"runtime":25},"best_train_accuracy":0.8722222222222222,"val_accuracy":0.8633333333333333,"best_val_accuracy":0.8653333333333333}