{"train_accuracy":0.8415555555555555,"best_train_accuracy":0.8327777777777777,"_runtime":8.3267326,"best_train_loss":0.47996267545389854,"val_loss":0.4516985943945968,"best_val_accuracy":0.839,"_timestamp":1.7413622207088954e+09,"epoch":5,"_wandb":{"runtime":8},"val_accuracy":0.8368333333333333,"_step":5,"best_val_loss":0.464560948606962,"train_loss":0.4515537245600256,"best_epoch":3}