{"_runtime":103.273392,"best_train_accuracy":0.8815,"_timestamp":1.741249146801437e+09,"_step":15,"best_val_accuracy":0.8756666666666667,"best_val_loss":0.37259497975687117,"best_epoch":13,"epoch":15,"train_loss":0.3368197516345433,"train_accuracy":0.8832037037037037,"best_train_loss":0.3411309170641258,"val_accuracy":0.8725,"val_loss":0.37333437831291566,"_wandb":{"runtime":103}}