{"_step":20,"best_val_accuracy":0.8951666666666667,"train_accuracy":0.9391481481481482,"best_train_accuracy":0.9391481481481482,"_runtime":72.8245215,"val_loss":0.33284499547956975,"train_loss":0.16046173901601873,"val_accuracy":0.8951666666666667,"_wandb":{"runtime":72},"best_val_loss":0.33284499547956975,"best_epoch":19,"best_train_loss":0.16046173901601873,"epoch":20,"_timestamp":1.7414012462404575e+09}