{"best_train_loss":0.22272159512024453,"_runtime":24.3165133,"val_loss":0.3374708113949078,"_timestamp":1.7413978541515467e+09,"epoch":20,"train_loss":0.15856389857504255,"train_accuracy":0.9405740740740741,"_step":20,"best_val_loss":0.297879117260608,"best_train_accuracy":0.9173518518518519,"_wandb":{"runtime":24},"best_val_accuracy":0.8953333333333333,"best_epoch":10,"val_accuracy":0.8891666666666667}