{"best_val_accuracy":0.895,"train_loss":0.14760455564008532,"epoch":20,"best_train_accuracy":0.9253518518518519,"train_accuracy":0.9455370370370371,"best_val_loss":0.305859629945299,"best_train_loss":0.19706266150405521,"_step":20,"_wandb":{"runtime":42},"val_accuracy":0.8928333333333334,"val_loss":0.34309090636461437,"best_epoch":12,"_timestamp":1.741380736258396e+09,"_runtime":42.934995}