{"train_accuracy":0.9367037037037037,"best_val_accuracy":0.894,"_step":20,"best_epoch":17,"best_train_loss":0.17960360894133548,"val_loss":0.3297525470226072,"val_accuracy":0.8931666666666667,"epoch":20,"_runtime":19.4204764,"best_train_accuracy":0.9332592592592592,"_wandb":{"runtime":19},"train_loss":0.16654370854327333,"_timestamp":1.7414088840625522e+09,"best_val_loss":0.3189099834235608}