{"best_epoch":11,"_timestamp":1.7413867415686822e+09,"train_loss":0.163106026677552,"_runtime":21.9720663,"epoch":20,"best_train_loss":0.21427286683729077,"best_val_accuracy":0.8918333333333334,"_step":20,"val_loss":0.34067127851170004,"_wandb":{"runtime":22},"val_accuracy":0.8905,"best_val_loss":0.30890756962673993,"train_accuracy":0.9378888888888889,"best_train_accuracy":0.9190185185185186}