{"train_loss":0.15518193650490067,"best_val_accuracy":0.8951666666666667,"train_accuracy":0.9418333333333333,"_wandb":{"runtime":33},"val_accuracy":0.8865,"_runtime":33.2285943,"best_val_loss":0.3379877480864672,"epoch":20,"best_epoch":17,"best_train_accuracy":0.9370555555555555,"best_train_loss":0.16703902665000225,"val_loss":0.3585081891019039,"_step":20,"_timestamp":1.741398476012538e+09}