{"val_loss":0.37148053763892613,"best_epoch":12,"_runtime":29.4916781,"best_val_loss":0.3729530023722752,"epoch":15,"_wandb":{"runtime":29},"best_val_accuracy":0.871,"train_loss":0.34957176265084733,"_step":15,"best_train_loss":0.3596966477465814,"val_accuracy":0.8688333333333333,"best_train_accuracy":0.8737222222222222,"train_accuracy":0.8768148148148148,"_timestamp":1.741279778782124e+09}