{"best_val_accuracy":0.8913333333333333,"train_accuracy":0.9412037037037037,"val_accuracy":0.8901666666666667,"_runtime":28.375424,"_wandb":{"runtime":28},"_step":20,"_timestamp":1.7414046302155964e+09,"best_train_accuracy":0.9288703703703703,"best_epoch":14,"best_val_loss":0.3152454683075274,"epoch":20,"val_loss":0.344998812447449,"train_loss":0.1563571502709899,"best_train_loss":0.19033014941578613}