{"_timestamp":1.741376635431547e+09,"_runtime":22.653954,"val_loss":0.32399519618469774,"val_accuracy":0.8913333333333333,"best_train_loss":0.19162085888519975,"best_val_accuracy":0.895,"best_epoch":17,"_step":20,"train_accuracy":0.9313518518518519,"best_train_accuracy":0.9280555555555555,"_wandb":{"runtime":22},"train_loss":0.18161671756635145,"epoch":20,"best_val_loss":0.3158380752367567}