{"best_train_accuracy":0.9277962962962963,"_runtime":22.516962200000002,"train_accuracy":0.9391296296296296,"best_epoch":15,"val_loss":0.3834236458743915,"_timestamp":1.7413879917266343e+09,"epoch":20,"train_loss":0.1620209464945071,"best_val_accuracy":0.8933333333333333,"_wandb":{"runtime":22},"val_accuracy":0.8861666666666667,"best_train_loss":0.1887939675861407,"best_val_loss":0.3238754112163629,"_step":20}