{"best_val_accuracy":0.8903333333333333,"best_train_loss":0.14167503995455655,"val_loss":0.16481840835375905,"best_train_accuracy":0.908962962962963,"best_epoch":13,"confusion_matrix":{"_type":"plotly-file","sha256":"c1da70e303bcaddbaaf93c7bb83c716271cec4e9abeba3c597406a748130323e","size":28792,"path":"media/plotly/confusion_matrix_22_c1da70e303bcaddbaaf9.plotly.json"},"best_val_loss":0.16596962434933224,"test_accuracy":0.8863,"val_accuracy":0.889,"test_loss":0.1701591335939037,"epoch":20,"train_accuracy":0.9242777777777778,"_step":22,"_runtime":109.8510159,"_timestamp":1.741453526654711e+09,"train_loss":0.1209870892612679,"_wandb":{"runtime":109}}