{"best_val_loss":0.21523576539015263,"_wandb":{"runtime":131},"best_epoch":3,"confusion_matrix":{"size":28804,"path":"media/plotly/confusion_matrix_12_d90ae12319accd73ab14.plotly.json","_type":"plotly-file","sha256":"d90ae12319accd73ab14e06d1086a2c8947b8527645d13bc64eed13639f07ba5"},"_step":12,"train_loss":0.20330479176255722,"val_loss":0.2345859517002442,"_timestamp":1.7414576434285476e+09,"best_train_loss":0.21118423528525582,"train_accuracy":0.8718333333333333,"best_train_accuracy":0.8651851851851852,"test_loss":0.24304318332366412,"val_accuracy":0.8513333333333334,"test_accuracy":0.8441,"best_val_accuracy":0.8661666666666666,"_runtime":131.0036412,"epoch":10}