{"_runtime":32.1142077,"_timestamp":1.741406156641266e+09,"best_epoch":19,"_wandb":{"runtime":32},"epoch":20,"best_train_accuracy":0.9275185185185185,"val_loss":0.32447490455680666,"_step":20,"val_accuracy":0.8921666666666667,"train_loss":0.18865857730433996,"best_train_loss":0.18865857730433996,"train_accuracy":0.9275185185185185,"best_val_accuracy":0.8921666666666667,"best_val_loss":0.32447490455680666}