{"best_val_loss":0.32709607192133533,"train_accuracy":0.9294259259259259,"_runtime":31.1937078,"val_accuracy":0.8893333333333333,"_timestamp":1.7413992423843899e+09,"best_epoch":14,"best_train_accuracy":0.9202777777777778,"_step":20,"best_train_loss":0.21048994377530947,"epoch":20,"_wandb":{"runtime":31},"train_loss":0.18721456049166219,"best_val_accuracy":0.8908333333333334,"val_loss":0.3354615661747853}