{"epoch":10,"_runtime":29.2143212,"val_loss":0.34945772460317387,"best_epoch":6,"_timestamp":1.741366549372721e+09,"_wandb":{"runtime":29},"val_accuracy":0.8778333333333334,"_step":10,"best_val_loss":0.3408975354883689,"train_loss":0.28946750706878593,"train_accuracy":0.8962962962962963,"best_train_loss":0.30954475886131266,"best_val_accuracy":0.8828333333333334,"best_train_accuracy":0.8895740740740741}