{"epoch":20,"best_val_accuracy":0.8895,"val_accuracy":0.8866666666666667,"train_accuracy":0.9291111111111111,"best_val_loss":0.31174362785245086,"train_loss":0.1878413134528989,"best_train_loss":0.21010656194327845,"best_epoch":16,"_wandb":{"runtime":28},"_timestamp":1.741374482625956e+09,"best_train_accuracy":0.9207962962962963,"_runtime":28.0598172,"_step":20,"val_loss":0.3256675286829403}