{"epoch":5,"_runtime":16.2597283,"val_loss":0.9000342622742576,"test_loss":0.9000384964185281,"_step":7,"best_val_accuracy":0.10316666666666667,"best_train_loss":0.9001259798419728,"val_accuracy":0.10316666666666667,"train_accuracy":0.09996296296296296,"test_accuracy":0.1,"best_train_accuracy":0.09977777777777778,"_wandb":{"runtime":16},"confusion_matrix":{"_type":"plotly-file","sha256":"d6cc4820721b0a8f7078acaa7e773e79b2216c9d301868b8985d2e429d014e8f","size":28411,"path":"media/plotly/confusion_matrix_7_d6cc4820721b0a8f7078.plotly.json"},"best_val_loss":0.9000319632114323,"train_loss":0.9001212915802316,"_timestamp":1.7414480953263311e+09,"best_epoch":3}