{"_wandb":{"runtime":9},"_runtime":9.6622058,"epoch":10,"_step":10,"best_train_accuracy":0.7795185185185185,"best_epoch":9,"val_accuracy":0.7826666666666666,"train_accuracy":0.7795185185185185,"best_val_loss":0.6358988581368189,"best_val_accuracy":0.7826666666666666,"train_loss":0.6522575404576028,"_timestamp":1.741364962982256e+09,"val_loss":0.6358988581368189,"best_train_loss":0.6522575404576028}