{"best_val_accuracy":0.874,"_step":12,"_runtime":120.1403779,"confusion_matrix":{"sha256":"b15240b1f139d92e95c0f4cfe603bed2ae89b052555f2169b25e5a170f60a3c9","size":28797,"path":"media/plotly/confusion_matrix_12_b15240b1f139d92e95c0.plotly.json","_type":"plotly-file"},"best_val_loss":0.19959708230981615,"train_accuracy":0.890537037037037,"test_loss":0.19791505829176473,"val_loss":0.19548814510647108,"train_loss":0.17128851822371804,"_timestamp":1.741458633322703e+09,"val_accuracy":0.8725,"_wandb":{"runtime":120},"best_epoch":7,"test_accuracy":0.8718,"best_train_loss":0.17502081669694036,"best_train_accuracy":0.8876111111111111,"epoch":10}