{"best_train_loss":0.1729916009094797,"best_epoch":17,"val_loss":0.32987184063811625,"_timestamp":1.7414094807457373e+09,"train_loss":0.15945503615856715,"_wandb":{"runtime":23},"best_val_accuracy":0.8921666666666667,"best_train_accuracy":0.9356481481481481,"epoch":20,"best_val_loss":0.31403447845312876,"train_accuracy":0.9408888888888889,"val_accuracy":0.8875,"_step":20,"_runtime":23.6221264}