{"best_epoch":22,"epoch":30,"val_accuracy":0.8936666666666667,"_step":30,"_runtime":403.0257383,"val_loss":0.40888812946331815,"best_val_accuracy":0.8965,"best_val_loss":0.36950172190455366,"best_train_accuracy":0.9527222222222222,"train_accuracy":0.9638148148148148,"_wandb":{"runtime":403},"train_loss":0.09496560708153437,"best_train_loss":0.12267062180207203,"_timestamp":1.7414272821996052e+09}