{"_step":20,"best_train_accuracy":0.9354444444444444,"best_val_loss":0.3221545225469016,"train_accuracy":0.9364074074074074,"_timestamp":1.7414053985103407e+09,"best_val_accuracy":0.8966666666666666,"best_epoch":18,"val_accuracy":0.8871666666666667,"_runtime":42.3636277,"val_loss":0.3480134837401395,"epoch":20,"best_train_loss":0.17147254357798575,"train_loss":0.16510616798435362,"_wandb":{"runtime":42}}