{"best_val_accuracy":0.8556666666666667,"_step":15,"val_accuracy":0.8556666666666667,"val_loss":0.40780999217584674,"_wandb":{"runtime":1335},"best_epoch":14,"_runtime":1334.9884237,"best_train_loss":0.3931508752814753,"epoch":15,"train_loss":0.3931508752814753,"_timestamp":1.7412843716306715e+09,"train_accuracy":0.8622037037037037,"best_train_accuracy":0.8622037037037037,"best_val_loss":0.40780999217584674}