{"best_epoch":19,"best_val_loss":0.31167857697786294,"_wandb":{"runtime":33},"best_val_accuracy":0.8916666666666667,"train_loss":0.1885453676918484,"_timestamp":1.741387559607546e+09,"train_accuracy":0.9285925925925926,"best_train_accuracy":0.9285925925925926,"best_train_loss":0.1885453676918484,"_runtime":33.0780848,"val_accuracy":0.8916666666666667,"epoch":20,"_step":20,"val_loss":0.31167857697786294}