{"_wandb":{"runtime":19},"best_val_loss":0.40253477208106087,"_step":15,"best_train_accuracy":0.8632592592592593,"train_accuracy":0.8632592592592593,"val_accuracy":0.8523333333333334,"best_epoch":14,"_runtime":19.7610415,"_timestamp":1.7412601412555666e+09,"train_loss":0.3869668043950035,"best_train_loss":0.3869668043950035,"val_loss":0.40253477208106087,"epoch":15,"best_val_accuracy":0.8523333333333334}