{"best_epoch":9,"train_loss":0.15595568628431,"epoch":10,"_step":12,"_wandb":{"runtime":68},"_timestamp":1.7414547440417273e+09,"_runtime":68.191737,"best_train_loss":0.15595568628431,"best_train_accuracy":0.8977777777777778,"val_loss":0.17727101068285495,"confusion_matrix":{"sha256":"a57cf209100e9e5619780bbb3790c8f5caa83f2088d5150729f423bb0dc755aa","size":28789,"path":"media/plotly/confusion_matrix_12_a57cf209100e9e561978.plotly.json","_type":"plotly-file"},"test_loss":0.1923250316261362,"train_accuracy":0.8977777777777778,"val_accuracy":0.884,"test_accuracy":0.8718,"best_val_accuracy":0.884,"best_val_loss":0.17727101068285495}