{"best_val_loss":0.32203468304303606,"_wandb":{"runtime":41},"_runtime":41.658914,"_timestamp":1.74138487869955e+09,"best_train_accuracy":0.9439074074074074,"best_val_accuracy":0.8943333333333333,"best_epoch":19,"train_loss":0.1500232166029164,"best_train_loss":0.1500232166029164,"epoch":20,"val_accuracy":0.8943333333333333,"train_accuracy":0.9439074074074074,"_step":20,"val_loss":0.32203468304303606}