{"_runtime":28.1728511,"best_val_loss":0.6985954830146002,"train_accuracy":0.7546851851851852,"val_loss":0.6985954830146002,"epoch":15,"best_val_accuracy":0.7586666666666667,"best_epoch":14,"_timestamp":1.741252433850125e+09,"train_loss":0.7141690753380028,"best_train_loss":0.7141690753380028,"val_accuracy":0.7586666666666667,"best_train_accuracy":0.7546851851851852,"_wandb":{"runtime":28},"_step":15}