{"best_val_loss":0.5472633197415347,"best_epoch":14,"epoch":15,"train_accuracy":0.8067407407407408,"val_accuracy":0.8098333333333333,"best_val_accuracy":0.8098333333333333,"train_loss":0.5507019169985985,"_timestamp":1.7412516538942115e+09,"val_loss":0.5472633197415347,"_runtime":36.9874506,"_wandb":{"runtime":37},"best_train_loss":0.5507019169985985,"_step":15,"best_train_accuracy":0.8067407407407408}