{"val_loss":0.32842744990011535,"train_loss":0.26835653294920114,"_wandb":{"runtime":11},"_runtime":11.4084538,"best_val_loss":0.3284447968670785,"train_accuracy":0.9013888888888889,"best_train_accuracy":0.894425925925926,"epoch":10,"val_accuracy":0.8818333333333334,"_step":10,"_timestamp":1.741364981140699e+09,"best_train_loss":0.28508681191558255,"best_val_accuracy":0.882,"best_epoch":7}