{"best_train_accuracy":0.9341851851851852,"epoch":20,"_wandb":{"runtime":37},"val_loss":0.367912580128546,"val_accuracy":0.8916666666666667,"best_epoch":17,"_timestamp":1.741395205993311e+09,"train_accuracy":0.9397222222222222,"_runtime":37.9308509,"best_val_accuracy":0.8948333333333334,"train_loss":0.15652105979325498,"_step":20,"best_val_loss":0.3285548282460235,"best_train_loss":0.17176599319817415}