{"_runtime":59.7428608,"val_accuracy":0.8768333333333334,"train_loss":0.3382997882660136,"best_train_accuracy":0.8817222222222222,"best_epoch":14,"train_accuracy":0.8817222222222222,"_wandb":{"runtime":59},"best_train_loss":0.3382997882660136,"val_loss":0.37412610881031483,"_step":15,"best_val_accuracy":0.8768333333333334,"_timestamp":1.741269575944718e+09,"best_val_loss":0.37412610881031483,"epoch":15}