{"best_train_accuracy":0.9449444444444445,"test_loss":0.17328703195817377,"best_val_accuracy":0.8981666666666667,"best_epoch":25,"train_accuracy":0.9483333333333334,"test_accuracy":0.8916,"best_val_loss":0.1577968476997168,"train_loss":0.08442037314884947,"confusion_matrix":{"path":"media/plotly/confusion_matrix_32_f567c8e00b5746a95934.plotly.json","_type":"plotly-file","sha256":"f567c8e00b5746a95934b7bd81b53518839a4b3eb8eb192e2114e9350bac4597","size":28768},"epoch":30,"_step":32,"_wandb":{"runtime":719},"_runtime":719.4094521,"val_loss":0.1658033331117787,"_timestamp":1.7414527997166758e+09,"val_accuracy":0.896,"best_train_loss":0.09021415747013312}