{"_wandb":{"runtime":28},"val_accuracy":0.8901666666666667,"train_loss":0.1536703153732707,"best_train_accuracy":0.9359814814814815,"_runtime":28.0728191,"_timestamp":1.741375340904501e+09,"best_train_loss":0.1727902460568633,"val_loss":0.33035244018535076,"best_val_accuracy":0.8938333333333334,"_step":20,"best_val_loss":0.3126403617361998,"epoch":20,"train_accuracy":0.9428518518518518,"best_epoch":16}