{"val_loss":0.35677211910396767,"train_loss":0.17834396701757702,"_step":30,"best_val_accuracy":0.8935,"_runtime":912.1723532,"epoch":30,"train_accuracy":0.9322777777777778,"best_train_loss":0.18087420356531614,"best_train_accuracy":0.9303518518518519,"_timestamp":1.7414225540167704e+09,"val_accuracy":0.8885,"best_epoch":28,"_wandb":{"runtime":912},"best_val_loss":0.353268531749057}