{"best_epoch":18,"_timestamp":1.7413732342747803e+09,"best_train_loss":0.3205338630123703,"_step":20,"_runtime":38.3576491,"best_val_loss":0.3578076612993203,"epoch":20,"train_accuracy":0.8867592592592592,"_wandb":{"runtime":38},"train_loss":0.31759024958829474,"val_loss":0.34967444029729217,"best_train_accuracy":0.8849259259259259,"best_val_accuracy":0.8771666666666667,"val_accuracy":0.876}