{"best_train_loss":0.2012460046195203,"_runtime":42.4755114,"best_val_loss":0.33538474794836,"best_val_accuracy":0.8878333333333334,"val_accuracy":0.8796666666666667,"val_loss":0.37015611923202285,"best_train_accuracy":0.9234814814814815,"epoch":20,"_step":20,"best_epoch":17,"_timestamp":1.7413992912939086e+09,"train_accuracy":0.9277962962962963,"_wandb":{"runtime":42},"train_loss":0.1912312332068339}