{"epoch":15,"best_train_loss":0.2367327602823509,"train_loss":0.22284074239785157,"train_accuracy":0.9171296296296296,"_timestamp":1.741271324036757e+09,"best_epoch":12,"best_train_accuracy":0.9134074074074074,"val_accuracy":0.8838333333333334,"best_val_accuracy":0.8858333333333334,"best_val_loss":0.33372175736097137,"_step":15,"_runtime":44.842311,"_wandb":{"runtime":44},"val_loss":0.3453390363035324}