{"val_accuracy":0.8921666666666667,"train_loss":0.15651266268208402,"epoch":20,"best_val_accuracy":0.8933333333333333,"_step":20,"_runtime":35.6878326,"train_accuracy":0.9401296296296296,"val_loss":0.3486328788957934,"_wandb":{"runtime":35},"best_epoch":17,"best_train_accuracy":0.9370925925925926,"best_train_loss":0.16912885219546028,"_timestamp":1.7413971141316338e+09,"best_val_loss":0.33901977208229095}