{"_runtime":20.6353659,"_wandb":{"runtime":20},"val_loss":0.41521975524237187,"best_val_accuracy":0.8643333333333333,"_step":10,"train_accuracy":0.877462962962963,"_timestamp":1.7413654999521549e+09,"train_loss":0.3632734182387824,"best_val_loss":0.41491791185188703,"best_epoch":6,"val_accuracy":0.8596666666666667,"best_train_loss":0.4044277059464715,"best_train_accuracy":0.8617592592592592,"epoch":10}