{"_runtime":30.9800292,"epoch":15,"best_train_loss":0.32892018493677083,"best_val_loss":0.37127384367954314,"train_accuracy":0.8861296296296296,"best_train_accuracy":0.8842962962962962,"best_val_accuracy":0.8728333333333333,"_wandb":{"runtime":31},"train_loss":0.32238687637218244,"val_accuracy":0.871,"val_loss":0.3650821538538518,"_step":15,"best_epoch":13,"_timestamp":1.7412620173507082e+09}