{"best_train_loss":0.16800711494269513,"best_val_loss":0.3290188983849703,"_wandb":{"runtime":29},"best_train_accuracy":0.9377222222222222,"_timestamp":1.7413845791572788e+09,"best_val_accuracy":0.8935,"_step":20,"train_accuracy":0.941962962962963,"val_accuracy":0.8913333333333333,"epoch":20,"val_loss":0.34164640593704637,"best_epoch":17,"_runtime":29.7202146,"train_loss":0.155238131221775}