{"_timestamp":1.7413629649165838e+09,"epoch":10,"train_accuracy":0.8837592592592592,"val_loss":0.4058443092909077,"best_train_accuracy":0.8736851851851852,"best_val_loss":0.3617383097676818,"_step":10,"_runtime":13.749195,"best_val_accuracy":0.8736666666666667,"best_epoch":4,"train_loss":0.33530177848302384,"val_accuracy":0.8675,"_wandb":{"runtime":13},"best_train_loss":0.35295526580298553}