{"best_val_accuracy":0.893,"_step":20,"train_accuracy":0.9425555555555556,"_timestamp":1.7413927300877657e+09,"best_train_accuracy":0.9328888888888889,"val_loss":0.36603476990626826,"_runtime":65.5666447,"epoch":20,"best_train_loss":0.1771148120876434,"train_loss":0.1515941559193598,"best_epoch":15,"_wandb":{"runtime":65},"best_val_loss":0.3215195420777283,"val_accuracy":0.8808333333333334}