{"_runtime":19.4305762,"best_train_loss":0.19988718964282,"best_train_accuracy":0.9248888888888889,"epoch":20,"best_val_loss":0.32166215934569775,"train_loss":0.16657910824585337,"_wandb":{"runtime":19},"best_val_accuracy":0.8916666666666667,"val_loss":0.36577661268674927,"_step":20,"_timestamp":1.7413803703980894e+09,"train_accuracy":0.9376666666666666,"val_accuracy":0.8875,"best_epoch":14}