{"best_train_loss":0.1949238124944943,"best_epoch":19,"best_val_loss":0.31368874351983606,"_timestamp":1.7413946554661086e+09,"_wandb":{"runtime":24},"val_accuracy":0.8913333333333333,"train_accuracy":0.9257222222222222,"train_loss":0.1949238124944943,"_step":20,"epoch":20,"best_val_accuracy":0.8913333333333333,"best_train_accuracy":0.9257222222222222,"val_loss":0.31368874351983606,"_runtime":24.0742693}