{"train_loss":0.180987048639469,"epoch":20,"best_train_loss":0.2307914642962887,"best_epoch":10,"best_val_accuracy":0.8885,"val_accuracy":0.8861666666666667,"val_loss":0.35560330843194987,"_runtime":19.5286055,"_wandb":{"runtime":19},"_timestamp":1.7413872196349378e+09,"_step":20,"best_train_accuracy":0.914074074074074,"best_val_loss":0.3237005966574228,"train_accuracy":0.9329259259259259}