{"val_accuracy":0.847,"best_train_accuracy":0.8484074074074074,"val_loss":0.5845767375540109,"_runtime":24.7067828,"train_loss":0.614379972709667,"best_val_accuracy":0.8506666666666667,"best_train_loss":0.45792659358397814,"best_val_loss":0.4469518550452619,"_wandb":{"runtime":24},"epoch":15,"_timestamp":1.7412521467407897e+09,"train_accuracy":0.8354074074074074,"best_epoch":2,"_step":15}