{"epoch":10,"train_accuracy":0.8880185185185185,"train_loss":0.1707872434212691,"test_loss":0.1941624206665359,"_step":12,"_wandb":{"runtime":60},"best_train_loss":0.1707872434212691,"best_val_loss":0.18237328641310888,"best_epoch":9,"_timestamp":1.741458051562611e+09,"best_val_accuracy":0.8816666666666667,"val_accuracy":0.8816666666666667,"test_accuracy":0.8734,"best_train_accuracy":0.8880185185185185,"_runtime":60.4046982,"val_loss":0.18237328641310888,"confusion_matrix":{"path":"media/plotly/confusion_matrix_12_d28cc1bf4af17c6d2e72.plotly.json","_type":"plotly-file","sha256":"d28cc1bf4af17c6d2e72bed5b393a57febc6bb1d73742da53e8b9d6a7fa2549a","size":28802}}