{"val_accuracy":0.8813333333333333,"best_val_loss":0.33036632661941395,"train_loss":0.29613186111135065,"_timestamp":1.7413638453019826e+09,"val_loss":0.33036632661941395,"best_epoch":9,"best_val_accuracy":0.8813333333333333,"_runtime":9.9626478,"_step":10,"train_accuracy":0.8934074074074074,"best_train_loss":0.29613186111135065,"best_train_accuracy":0.8934074074074074,"epoch":10,"_wandb":{"runtime":9}}