{"best_epoch":13,"epoch":15,"val_accuracy":0.8575,"_step":15,"best_train_accuracy":0.8651481481481481,"best_val_accuracy":0.8625,"train_loss":0.38673006346733246,"best_val_loss":0.40994050587306047,"train_accuracy":0.8671666666666666,"_wandb":{"runtime":24},"_runtime":24.4715059,"val_loss":0.4126349485023188,"_timestamp":1.741264810857889e+09,"best_train_loss":0.38986426312153855}