{"best_epoch":7,"best_train_accuracy":0.8753518518518518,"train_loss":0.38165753941317804,"best_val_accuracy":0.8676666666666667,"train_accuracy":0.8723888888888889,"_timestamp":1.7413700796927288e+09,"val_loss":0.41031217309424733,"_wandb":{"runtime":32},"epoch":10,"val_accuracy":0.867,"_step":10,"best_val_loss":0.4053810668735504,"best_train_loss":0.36763351071514455,"_runtime":32.8630469}