{"best_epoch":16,"epoch":20,"val_accuracy":0.8918333333333334,"_runtime":33.0554176,"best_val_loss":0.3129257726644033,"best_val_accuracy":0.8953333333333333,"val_loss":0.33940261927967386,"best_train_loss":0.17898380533333147,"train_loss":0.157564664862516,"train_accuracy":0.941462962962963,"_timestamp":1.7414028480529075e+09,"_wandb":{"runtime":33},"best_train_accuracy":0.9337037037037037,"_step":20}