{"best_val_loss":0.3643482325166805,"val_accuracy":0.8681666666666666,"_timestamp":1.7413655998189108e+09,"_step":10,"best_val_accuracy":0.8701666666666666,"epoch":10,"best_epoch":8,"_runtime":12.5738456,"best_train_accuracy":0.8768148148148148,"train_loss":0.3371041928648058,"val_loss":0.37126500077801877,"best_train_loss":0.3461647750965566,"train_accuracy":0.8793333333333333,"_wandb":{"runtime":12}}