{"best_epoch":16,"best_train_accuracy":0.9339814814814815,"epoch":20,"best_train_loss":0.17605321114227127,"best_val_accuracy":0.8941666666666667,"train_accuracy":0.9420925925925926,"_wandb":{"runtime":23},"_step":20,"_runtime":23.8678627,"val_accuracy":0.8858333333333334,"train_loss":0.15728376809981584,"_timestamp":1.741408985913412e+09,"val_loss":0.35779293673722984,"best_val_loss":0.31618894810540243}