{"_wandb":{"runtime":48},"_step":20,"best_val_loss":0.3411389995171613,"_timestamp":1.741380426600847e+09,"best_epoch":19,"best_train_loss":0.15323596225004427,"best_val_accuracy":0.8941666666666667,"epoch":20,"val_accuracy":0.8941666666666667,"train_accuracy":0.9425925925925925,"_runtime":48.6002222,"best_train_accuracy":0.9425925925925925,"train_loss":0.15323596225004427,"val_loss":0.3411389995171613}