{"_timestamp":1.741363164453906e+09,"best_epoch":0,"best_train_loss":0.5864828631873041,"best_train_accuracy":0.791037037037037,"val_loss":0.7196639182490218,"_step":10,"train_accuracy":0.8280925925925926,"val_accuracy":0.8033333333333333,"best_val_accuracy":0.8468333333333333,"best_val_loss":0.44100013656491327,"_runtime":29.645777,"epoch":10,"train_loss":0.6664260494519073,"_wandb":{"runtime":29}}