{"_step":20,"train_loss":0.17754932080606523,"best_val_loss":0.3305548459206682,"train_accuracy":0.9332222222222222,"val_accuracy":0.8923333333333333,"_timestamp":1.741390944511235e+09,"epoch":20,"val_loss":0.3305548459206682,"_runtime":41.7038672,"best_epoch":19,"best_val_accuracy":0.8923333333333333,"best_train_accuracy":0.9332222222222222,"_wandb":{"runtime":41},"best_train_loss":0.17754932080606523}