{"best_epoch":2,"train_accuracy":0.7111296296296297,"_runtime":84.0661313,"best_val_loss":0.5908064480894427,"val_accuracy":0.672,"_wandb":{"runtime":84},"best_train_loss":0.5809707475411864,"val_loss":0.9877461918267407,"train_loss":1.0568820080809675,"_timestamp":1.7413621569683955e+09,"best_val_accuracy":0.8476666666666667,"best_train_accuracy":0.8254444444444444,"_step":10,"epoch":10}