{"train_accuracy":0.931962962962963,"_timestamp":1.741388502638958e+09,"best_train_loss":0.18029613162694372,"best_train_accuracy":0.931962962962963,"best_val_loss":0.33951176992724286,"best_epoch":19,"best_val_accuracy":0.8938333333333334,"train_loss":0.18029613162694372,"val_accuracy":0.8938333333333334,"val_loss":0.33951176992724286,"epoch":20,"_wandb":{"runtime":19},"_runtime":19.6799094,"_step":20}