{"best_val_loss":0.1793522256261616,"train_loss":0.15286800910235723,"epoch":10,"val_loss":0.1838155175244198,"best_train_loss":0.15894570743843892,"_timestamp":1.741451381545938e+09,"train_accuracy":0.9015555555555556,"best_val_accuracy":0.8831666666666667,"confusion_matrix":{"sha256":"44bce58937b58878fbf60dd06b6993f527521f4d65228cc0a42d031ecf70acba","size":28778,"path":"media/plotly/confusion_matrix_12_44bce58937b58878fbf6.plotly.json","_type":"plotly-file"},"_runtime":70.9085219,"best_epoch":7,"best_train_accuracy":0.8966296296296297,"test_accuracy":0.8734,"_step":12,"val_accuracy":0.8778333333333334,"_wandb":{"runtime":70},"test_loss":0.192818502087056}