{"confusion_matrix":{"sha256":"f7f280c0907c208c2e4d5e41c5ee9fc994c829f55abc3ccb7c09fcb0c8018f82","size":28780,"path":"media/plotly/confusion_matrix_12_f7f280c0907c208c2e4d.plotly.json","_type":"plotly-file"},"train_loss":0.1516678414668955,"train_accuracy":0.900962962962963,"val_accuracy":0.8843333333333333,"best_train_loss":0.15895592909094722,"_wandb":{"runtime":13},"best_val_accuracy":0.8843333333333333,"_timestamp":1.7414571514347577e+09,"val_loss":0.17494560786275687,"test_loss":0.18261717152613352,"_runtime":13.1728406,"best_epoch":7,"_step":12,"epoch":10,"test_accuracy":0.8805,"best_train_accuracy":0.8955740740740741,"best_val_loss":0.17523575920374765}