{"best_val_accuracy":0.8673333333333333,"epoch":10,"val_loss":0.37459546523603027,"best_val_loss":0.37459546523603027,"_wandb":{"runtime":48},"best_epoch":9,"train_accuracy":0.8734814814814815,"best_train_accuracy":0.8734814814814815,"val_accuracy":0.8673333333333333,"best_train_loss":0.36095342250973234,"_timestamp":1.7413692866887636e+09,"train_loss":0.36095342250973234,"_step":10,"_runtime":48.0507836}