{"train_accuracy":0.8786851851851852,"best_epoch":12,"_timestamp":1.741261100358222e+09,"best_train_loss":0.34755761261253953,"_runtime":33.8993692,"_wandb":{"runtime":33},"best_train_accuracy":0.8769259259259259,"val_accuracy":0.8476666666666667,"epoch":15,"train_loss":0.34310479227025303,"val_loss":0.43047343984740366,"best_val_accuracy":0.8718333333333333,"_step":15,"best_val_loss":0.36803118993001416}