{"best_epoch":15,"val_accuracy":0.8888333333333334,"best_val_accuracy":0.8948333333333334,"best_train_accuracy":0.9350740740740741,"best_val_loss":0.3170065709067911,"_step":20,"_timestamp":1.7413808956722717e+09,"best_train_loss":0.1729122452825723,"val_loss":0.34968804017199406,"train_accuracy":0.9451296296296297,"epoch":20,"_runtime":42.9006917,"train_loss":0.14709783996589257,"_wandb":{"runtime":42}}