{"best_val_accuracy":0.8943333333333333,"best_train_loss":0.19312550472450513,"_wandb":{"runtime":23},"val_loss":0.3254224439200859,"best_val_loss":0.3095114654109368,"best_train_accuracy":0.9288888888888889,"_step":20,"_timestamp":1.741383740087866e+09,"_runtime":23.2715792,"val_accuracy":0.8873333333333333,"train_loss":0.18717655525822682,"best_epoch":18,"epoch":20,"train_accuracy":0.9304444444444444}