{"_wandb":{"runtime":24},"best_train_accuracy":0.9209259259259259,"_timestamp":1.741382362996854e+09,"best_val_accuracy":0.8936666666666667,"best_val_loss":0.3122163942028002,"val_accuracy":0.8891666666666667,"train_accuracy":0.9417407407407408,"epoch":20,"train_loss":0.157292216540192,"val_loss":0.3425441766321788,"best_epoch":11,"best_train_loss":0.21186830109360563,"_runtime":23.981403,"_step":20}