{"val_accuracy":0.8625,"_timestamp":1.7414556207425551e+09,"train_loss":0.21435809350617355,"best_epoch":9,"test_loss":0.23103686744265178,"val_loss":0.22084922100733112,"_step":12,"epoch":10,"best_val_loss":0.22084922100733112,"_wandb":{"runtime":444},"best_train_accuracy":0.8695,"confusion_matrix":{"path":"media/plotly/confusion_matrix_12_b581bccf97ebeb17ad92.plotly.json","_type":"plotly-file","sha256":"b581bccf97ebeb17ad920bc0b6691abbd9c27d202e3faede89a1ff20ebf97f1b","size":28804},"best_val_accuracy":0.8625,"_runtime":444.8039845,"best_train_loss":0.21435809350617355,"train_accuracy":0.8695,"test_accuracy":0.8573}