{"train_accuracy":0.8198703703703704,"best_epoch":2,"_wandb":{"runtime":25},"val_accuracy":0.8183333333333334,"best_val_accuracy":0.8571666666666666,"epoch":15,"best_train_loss":0.45105183826410755,"val_loss":0.6954381233344596,"_timestamp":1.7412660996555667e+09,"_step":15,"best_train_accuracy":0.8484444444444444,"_runtime":25.7603297,"best_val_loss":0.4305352549265058,"train_loss":0.6788034142247846}