{"train_loss":0.15746804168721396,"best_train_accuracy":0.9367037037037037,"best_val_accuracy":0.8953333333333333,"_wandb":{"runtime":28},"best_epoch":17,"_runtime":28.2611311,"train_accuracy":0.9415555555555556,"epoch":20,"_timestamp":1.7413754693236573e+09,"best_train_loss":0.17042495778012304,"best_val_loss":0.33202859280140495,"_step":20,"val_loss":0.3434472079418452,"val_accuracy":0.885}