{"epoch":10,"best_val_loss":0.420681684329584,"train_loss":0.41128527050006897,"_runtime":13.7686457,"val_loss":0.420681684329584,"best_val_accuracy":0.8518333333333333,"_wandb":{"runtime":13},"val_accuracy":0.8518333333333333,"best_train_loss":0.41128527050006897,"train_accuracy":0.8581296296296296,"best_train_accuracy":0.8581296296296296,"best_epoch":9,"_timestamp":1.7413652426677039e+09,"_step":10}