{"best_val_loss":0.3937404889714951,"_step":5,"_runtime":9.9484578,"best_train_accuracy":0.843462962962963,"val_loss":0.4515825565431663,"_wandb":{"runtime":9},"train_accuracy":0.8581851851851852,"epoch":5,"best_train_loss":0.43751307993568544,"best_epoch":1,"_timestamp":1.7413658235471036e+09,"val_accuracy":0.8528333333333333,"train_loss":0.42938258860277956,"best_val_accuracy":0.8583333333333333}