{"best_epoch":12,"best_val_loss":0.3041967336182715,"val_loss":0.359153506132103,"train_loss":0.16591692391917423,"_step":20,"val_accuracy":0.8856666666666667,"_timestamp":1.7413785969953773e+09,"best_train_loss":0.21138386796267716,"_runtime":39.6790713,"_wandb":{"runtime":39},"best_train_accuracy":0.9208148148148149,"epoch":20,"train_accuracy":0.9376666666666666,"best_val_accuracy":0.8921666666666667}