{"_step":7,"best_val_accuracy":0.8715,"test_loss":0.20961988999034178,"best_epoch":4,"epoch":5,"_runtime":17.4533799,"best_val_loss":0.19994647973362,"_wandb":{"runtime":17},"_timestamp":1.7414499960824475e+09,"train_accuracy":0.8761296296296296,"train_loss":0.19211039501964805,"best_train_accuracy":0.8761296296296296,"val_accuracy":0.8715,"confusion_matrix":{"path":"media/plotly/confusion_matrix_7_ad14b75e83859fc02a82.plotly.json","_type":"plotly-file","sha256":"ad14b75e83859fc02a82edf8ea0a05ffb4b6f4e2a0e085c2c3d802834793668c","size":28802},"best_train_loss":0.19211039501964805,"test_accuracy":0.8623,"val_loss":0.19994647973362}