{"epoch":15,"_timestamp":1.7412559539569955e+09,"_step":15,"train_accuracy":0.8783888888888889,"best_val_loss":0.37020981966684946,"_wandb":{"runtime":118},"val_loss":0.3713277465868503,"best_train_loss":0.3471391080358416,"best_epoch":13,"train_loss":0.34046514255985877,"best_val_accuracy":0.8673333333333333,"_runtime":118.8231566,"best_train_accuracy":0.8748888888888889,"val_accuracy":0.8643333333333333}