{"_runtime":18.465535,"best_val_loss":2.105889102463317,"train_loss":2.0968602808856964,"_wandb":{"runtime":18},"best_train_accuracy":0.42414814814814816,"_step":10,"train_accuracy":0.42414814814814816,"best_train_loss":2.0968602808856964,"val_accuracy":0.42683333333333334,"best_epoch":9,"val_loss":2.105889102463317,"best_val_accuracy":0.42683333333333334,"epoch":10,"_timestamp":1.741360070480505e+09}