{"_timestamp":1.7414282138741984e+09,"epoch":30,"best_train_accuracy":0.9609629629629629,"train_loss":0.07242875304262375,"best_epoch":23,"val_loss":0.37330410836361255,"best_val_accuracy":0.902,"_step":30,"train_accuracy":0.9742962962962963,"best_train_loss":0.10720683829221177,"best_val_loss":0.32939152497414353,"_runtime":195.0281766,"_wandb":{"runtime":195},"val_accuracy":0.9016666666666666}