{"_wandb":{"runtime":20},"best_train_loss":0.9776524796186784,"train_loss":0.9776524796186784,"epoch":15,"val_loss":0.9392693923488876,"_step":15,"best_val_accuracy":0.6778333333333333,"best_epoch":14,"_runtime":20.9255118,"best_train_accuracy":0.6495740740740741,"_timestamp":1.7412533806480958e+09,"val_accuracy":0.6778333333333333,"train_accuracy":0.6495740740740741,"best_val_loss":0.9392693923488876}