{"_runtime":184.1511395,"best_train_loss":0.19087856511889043,"best_epoch":18,"val_accuracy":0.89,"train_accuracy":0.9295555555555556,"best_val_accuracy":0.89,"train_loss":0.18549428943504354,"epoch":20,"val_loss":0.32976710937671455,"_timestamp":1.7414120172731934e+09,"_step":20,"_wandb":{"runtime":184},"best_train_accuracy":0.9289259259259259,"best_val_loss":0.32288321043305906}