{"train_accuracy":0.9421111111111111,"_wandb":{"runtime":28},"train_loss":0.15721505031392044,"_step":20,"best_val_accuracy":0.8935,"best_train_loss":0.15721505031392044,"val_loss":0.32728852628038796,"best_train_accuracy":0.9421111111111111,"best_val_loss":0.32728852628038796,"best_epoch":19,"epoch":20,"_timestamp":1.7414057625899107e+09,"val_accuracy":0.8935,"_runtime":28.1062988}