{"best_val_accuracy":0.8715,"best_train_loss":0.3368281012798647,"train_loss":0.33178219219096605,"best_val_loss":0.38259774129740665,"val_accuracy":0.8711666666666666,"train_accuracy":0.8857962962962963,"_runtime":49.9635325,"best_train_accuracy":0.8829074074074074,"_timestamp":1.7413641655155766e+09,"epoch":10,"_step":10,"best_epoch":8,"_wandb":{"runtime":49},"val_loss":0.37507380173319876}