{"_timestamp":1.7414273561972823e+09,"val_loss":0.3519239843787411,"best_train_loss":0.1667011983847904,"_runtime":66.9557804,"epoch":30,"train_accuracy":0.9489814814814815,"_step":30,"_wandb":{"runtime":67},"val_accuracy":0.8951666666666667,"best_val_loss":0.3239427646100587,"best_epoch":22,"best_val_accuracy":0.896,"train_loss":0.13795991741326735,"best_train_accuracy":0.9377962962962964}