{"val_loss":0.3669917564297166,"_runtime":42.9723327,"val_accuracy":0.8675,"best_val_loss":0.3669917564297166,"epoch":15,"best_train_loss":0.3372304598884882,"_timestamp":1.7412778796662567e+09,"best_epoch":14,"train_accuracy":0.8778148148148148,"_step":15,"_wandb":{"runtime":43},"train_loss":0.3372304598884882,"best_val_accuracy":0.8675,"best_train_accuracy":0.8778148148148148}