{"train_accuracy":0.8612037037037037,"train_loss":0.46041237895056564,"epoch":15,"val_accuracy":0.8515,"_runtime":31.0381315,"val_loss":0.5218174744519788,"best_val_accuracy":0.8686666666666667,"_timestamp":1.7412797104210265e+09,"best_val_loss":0.43525711102192843,"best_train_accuracy":0.8672407407407408,"best_train_loss":0.3943555145372459,"_step":15,"best_epoch":4,"_wandb":{"runtime":31}}