{"train_accuracy":0.9412407407407407,"val_accuracy":0.8906666666666667,"best_epoch":18,"epoch":20,"train_loss":0.1599155185883592,"best_val_accuracy":0.8926666666666667,"val_loss":0.329659199923142,"_runtime":23.777767,"_wandb":{"runtime":23},"best_val_loss":0.32406540859746336,"_step":20,"best_train_accuracy":0.9376111111111111,"best_train_loss":0.16692556902073027,"_timestamp":1.741399678955169e+09}