{"_runtime":27.1074274,"best_val_loss":0.35016792428204213,"val_loss":0.391476678250975,"best_train_loss":0.3311664356120014,"epoch":15,"_timestamp":1.7412722936562142e+09,"_step":15,"best_epoch":10,"best_val_accuracy":0.8733333333333333,"train_loss":0.3213101296265973,"train_accuracy":0.8835185185185185,"val_accuracy":0.8593333333333333,"best_train_accuracy":0.8805185185185185,"_wandb":{"runtime":27}}