{"val_loss":0.35518074970000846,"best_val_loss":0.3622093215189962,"train_accuracy":0.8797222222222222,"train_loss":0.33265409450425704,"best_epoch":8,"_step":10,"best_val_accuracy":0.8708333333333333,"best_train_accuracy":0.8775740740740741,"best_train_loss":0.3397822762060715,"_wandb":{"runtime":27},"_runtime":27.1333052,"val_accuracy":0.8691666666666666,"epoch":10,"_timestamp":1.7413638786411324e+09}