{"train_loss":0.16464512327796957,"best_train_accuracy":0.9332777777777778,"_wandb":{"runtime":42},"_runtime":42.6511195,"best_train_loss":0.17201608237989094,"best_val_accuracy":0.8961666666666667,"_timestamp":1.7414058095758145e+09,"best_epoch":18,"train_accuracy":0.9380185185185185,"best_val_loss":0.3305957246869686,"_step":20,"val_loss":0.3349757157293287,"val_accuracy":0.8931666666666667,"epoch":20}