{"train_loss":0.3950820454169891,"val_accuracy":0.8536666666666667,"best_val_accuracy":0.8536666666666667,"_step":15,"_runtime":26.1430538,"_timestamp":1.7412544808425398e+09,"train_accuracy":0.8657407407407407,"best_train_loss":0.3950820454169891,"epoch":15,"best_train_accuracy":0.8657407407407407,"best_val_loss":0.4231453098861673,"_wandb":{"runtime":26},"val_loss":0.4231453098861673,"best_epoch":14}