{"val_loss":0.36027726670613947,"best_epoch":9,"_runtime":30.5671274,"train_accuracy":0.8781666666666667,"best_val_loss":0.36027726670613947,"epoch":10,"best_train_loss":0.34126834201092016,"_wandb":{"runtime":30},"_timestamp":1.7413681177613876e+09,"best_val_accuracy":0.8711666666666666,"train_loss":0.34126834201092016,"best_train_accuracy":0.8781666666666667,"val_accuracy":0.8711666666666666,"_step":10}