{"best_val_accuracy":0.8648333333333333,"val_loss":0.39390850578106285,"train_loss":0.360416181004707,"epoch":15,"best_train_loss":0.3733265451969885,"best_epoch":12,"best_train_accuracy":0.8689814814814815,"_wandb":{"runtime":68},"_runtime":68.7881532,"train_accuracy":0.8739074074074074,"_step":15,"val_accuracy":0.8621666666666666,"best_val_loss":0.3834775379462491,"_timestamp":1.7412627346248543e+09}