{"best_val_loss":0.4814922127089472,"_runtime":125.495345,"train_accuracy":0.8670925925925926,"best_epoch":13,"best_train_accuracy":0.8676851851851852,"_timestamp":1.7412806728012512e+09,"epoch":15,"val_loss":0.560684084820104,"best_train_loss":0.4674548773678821,"train_loss":0.4701775947781644,"best_val_accuracy":0.8683333333333333,"val_accuracy":0.8376666666666667,"_wandb":{"runtime":125},"_step":15}