{"val_loss":0.40879053680438465,"val_accuracy":0.8541666666666666,"best_val_loss":0.40879053680438465,"best_train_loss":0.40248959634632936,"_timestamp":1.7412791022242358e+09,"epoch":15,"train_accuracy":0.8578333333333333,"train_loss":0.40248959634632936,"best_train_accuracy":0.8578333333333333,"best_val_accuracy":0.8541666666666666,"best_epoch":14,"_step":15,"_runtime":68.4099648,"_wandb":{"runtime":68}}