{"best_train_accuracy":0.8311481481481482,"train_loss":0.7160756635496891,"_wandb":{"runtime":26},"best_epoch":6,"train_accuracy":0.8101666666666667,"epoch":15,"_timestamp":1.7412574874719737e+09,"best_val_accuracy":0.8495,"best_val_loss":0.5338561034344075,"_runtime":26.0051247,"best_train_loss":0.5652718866887432,"_step":15,"val_loss":0.739464020309431,"val_accuracy":0.7798333333333334}