{"best_train_accuracy":0.9259444444444445,"_wandb":{"runtime":25},"_timestamp":1.7414082898423302e+09,"val_loss":0.34012669679184376,"train_loss":0.19191338262311175,"train_accuracy":0.9259444444444445,"_runtime":25.0556182,"best_epoch":19,"best_val_loss":0.34012669679184376,"_step":20,"best_train_loss":0.19191338262311175,"best_val_accuracy":0.8903333333333333,"epoch":20,"val_accuracy":0.8903333333333333}