{"best_train_accuracy":0.9352222222222222,"train_accuracy":0.9411851851851852,"best_train_loss":0.17392848031397878,"best_val_loss":0.3109304457907352,"val_accuracy":0.8928333333333334,"val_loss":0.31391774785389936,"train_loss":0.1606085553134995,"_runtime":23.7268204,"best_val_accuracy":0.8955,"epoch":20,"_timestamp":1.7413849358576894e+09,"_step":20,"best_epoch":17,"_wandb":{"runtime":23}}