{"_runtime":28.4561072,"_timestamp":1.7413823302146215e+09,"val_accuracy":0.8941666666666667,"best_epoch":19,"best_val_loss":0.3111969377858183,"best_train_loss":0.1885582608892235,"_step":20,"val_loss":0.3111969377858183,"epoch":20,"best_val_accuracy":0.8941666666666667,"best_train_accuracy":0.9274814814814815,"train_loss":0.1885582608892235,"_wandb":{"runtime":28},"train_accuracy":0.9274814814814815}