{"val_loss":0.5638529855607499,"best_train_accuracy":0.8654259259259259,"best_val_accuracy":0.867,"train_loss":0.4486292596809587,"train_accuracy":0.8627777777777778,"best_val_loss":0.3960300475275074,"epoch":15,"best_train_loss":0.39143003812235366,"_wandb":{"runtime":27},"_timestamp":1.741254631775367e+09,"_runtime":27.078176,"val_accuracy":0.8563333333333333,"_step":15,"best_epoch":4}