{"_runtime":12.1888376,"train_accuracy":0.8958888888888888,"best_train_loss":0.28330153482174486,"best_val_loss":0.3386192922527333,"val_accuracy":0.8846666666666667,"train_loss":0.28330153482174486,"val_loss":0.3386192922527333,"best_train_accuracy":0.8958888888888888,"_timestamp":1.7413677839301345e+09,"best_val_accuracy":0.8846666666666667,"epoch":10,"_step":10,"_wandb":{"runtime":12},"best_epoch":9}