{"_runtime":27.8193613,"epoch":20,"best_epoch":17,"best_val_loss":0.3109065028413668,"best_val_accuracy":0.895,"best_train_loss":0.19802843569331405,"_timestamp":1.7414091702635498e+09,"train_accuracy":0.9301296296296296,"val_loss":0.31259433491101873,"train_loss":0.1842472987310662,"_wandb":{"runtime":27},"best_train_accuracy":0.9255925925925926,"_step":20,"val_accuracy":0.8926666666666667}