{"val_accuracy":0.8591666666666666,"_timestamp":1.7413620591609318e+09,"best_val_loss":0.3888783593772608,"best_val_accuracy":0.8591666666666666,"best_train_loss":0.3728317217902048,"best_epoch":9,"best_train_accuracy":0.8691481481481481,"_runtime":44.0947989,"train_loss":0.3728317217902048,"train_accuracy":0.8691481481481481,"_step":10,"epoch":10,"_wandb":{"runtime":44},"val_loss":0.3888783593772608}