{"_wandb":{"runtime":18},"val_loss":0.3291127009189876,"train_accuracy":0.9326666666666666,"train_loss":0.17827228739962364,"best_val_loss":0.317127867571845,"best_val_accuracy":0.8976666666666666,"best_epoch":18,"_timestamp":1.741402200317787e+09,"_runtime":18.6941934,"val_accuracy":0.8935,"best_train_loss":0.18898634241132553,"epoch":20,"best_train_accuracy":0.9290185185185185,"_step":20}