{"val_loss":0.3731158148659957,"best_train_loss":0.33792787269501945,"_wandb":{"runtime":73},"epoch":15,"train_loss":0.3301114167474414,"best_epoch":13,"_runtime":73.2949884,"train_accuracy":0.8811851851851852,"_step":15,"best_val_accuracy":0.8741666666666666,"best_train_accuracy":0.8791481481481481,"best_val_loss":0.35627765846829873,"val_accuracy":0.8623333333333333,"_timestamp":1.7412608589714572e+09}