{"_step":10,"train_accuracy":0.8697962962962963,"_runtime":18.5407109,"_timestamp":1.741363946164744e+09,"best_val_accuracy":0.8631666666666666,"epoch":10,"val_accuracy":0.8631666666666666,"best_train_loss":0.3657684778035038,"best_train_accuracy":0.8697962962962963,"val_loss":0.3734028855383409,"_wandb":{"runtime":18},"best_val_loss":0.3734028855383409,"train_loss":0.3657684778035038,"best_epoch":9}