{"_step":20,"train_accuracy":0.9306666666666666,"_timestamp":1.74139859024792e+09,"epoch":20,"best_val_accuracy":0.8903333333333333,"_wandb":{"runtime":35},"_runtime":35.250646,"best_train_accuracy":0.9245555555555556,"train_loss":0.18472498355101158,"val_accuracy":0.889,"best_epoch":16,"val_loss":0.3346279478167644,"best_train_loss":0.20417214717163562,"best_val_loss":0.3251445173746357}