{"best_val_accuracy":0.8951666666666667,"best_epoch":18,"_wandb":{"runtime":25},"train_loss":0.18629548882100944,"_runtime":25.0311102,"_timestamp":1.74140520020246e+09,"epoch":20,"best_train_accuracy":0.9239259259259259,"val_loss":0.34808717589288185,"best_train_loss":0.19725192933666516,"train_accuracy":0.9288333333333333,"val_accuracy":0.886,"_step":20,"best_val_loss":0.3206110319681949}