{"test_loss":0.3978049496414588,"confusion_matrix":{"path":"media/plotly/confusion_matrix_7_12967fc1156063ab0276.plotly.json","_type":"plotly-file","sha256":"12967fc1156063ab0276bbb2186551998667cf1d214612334ce134e5c6ea5895","size":28871},"val_loss":0.3850627076834102,"best_train_accuracy":0.7714074074074074,"best_epoch":4,"val_accuracy":0.7795,"train_accuracy":0.7714074074074074,"train_loss":0.39968164027149994,"_timestamp":1.7414494324159129e+09,"_runtime":11.4710237,"test_accuracy":0.7664,"best_train_loss":0.39968164027149994,"_step":7,"best_val_accuracy":0.7795,"_wandb":{"runtime":11},"epoch":5,"best_val_loss":0.3850627076834102}