{"_timestamp":1.7413751321048915e+09,"_runtime":22.2342957,"epoch":20,"best_val_accuracy":0.8885,"val_loss":0.33513484016425,"best_val_loss":0.30731365573807384,"val_accuracy":0.8846666666666667,"train_loss":0.20246118942958277,"_wandb":{"runtime":22},"_step":20,"best_train_accuracy":0.9195555555555556,"train_accuracy":0.9249074074074074,"best_epoch":16,"best_train_loss":0.21754436753685574}