{"epoch":20,"train_accuracy":0.9341296296296296,"_step":20,"best_epoch":17,"best_train_loss":0.1875744412011782,"val_loss":0.31455549319808535,"_timestamp":1.741399165237286e+09,"val_accuracy":0.8923333333333333,"best_train_accuracy":0.9304629629629629,"best_val_loss":0.31065539347081833,"best_val_accuracy":0.8928333333333334,"_runtime":23.3651253,"train_loss":0.1784930578558338,"_wandb":{"runtime":23}}