{"best_val_loss":0.3793726336417971,"epoch":10,"_timestamp":1.7413649465581546e+09,"_step":10,"best_train_loss":0.31861389734682466,"best_train_accuracy":0.8861851851851852,"best_epoch":8,"val_loss":0.3674202841616854,"train_accuracy":0.8865555555555555,"val_accuracy":0.869,"best_val_accuracy":0.8771666666666667,"_runtime":9.9685296,"_wandb":{"runtime":9},"train_loss":0.3157252021470996}