{"train_accuracy":0.8666111111111111,"best_val_loss":0.38450515308710387,"best_val_accuracy":0.8625,"best_train_loss":0.37370146275147575,"_step":15,"val_loss":0.38450515308710387,"best_epoch":14,"val_accuracy":0.8625,"_wandb":{"runtime":73},"train_loss":0.37370146275147575,"best_train_accuracy":0.8666111111111111,"epoch":15,"_timestamp":1.7412681099585636e+09,"_runtime":72.9620287}