{"best_train_loss":0.34398024082945955,"val_accuracy":0.8706666666666667,"_runtime":35.5117978,"train_loss":0.34398024082945955,"best_val_accuracy":0.8706666666666667,"best_train_accuracy":0.8781481481481481,"_step":15,"epoch":15,"val_loss":0.3647936098302474,"best_epoch":14,"train_accuracy":0.8781481481481481,"best_val_loss":0.3647936098302474,"_timestamp":1.7412700960419428e+09,"_wandb":{"runtime":35}}