{"epoch":20,"best_train_accuracy":0.9255740740740741,"best_val_accuracy":0.8928333333333334,"_step":20,"best_epoch":17,"train_accuracy":0.9327962962962963,"best_train_loss":0.19579554151156164,"val_loss":0.35167874427059004,"_runtime":31.484153,"train_loss":0.17701653016764157,"_wandb":{"runtime":31},"_timestamp":1.741381194819305e+09,"val_accuracy":0.886,"best_val_loss":0.3324408274786211}