{"_timestamp":1.7413908485588636e+09,"best_val_loss":0.3407862568056872,"best_val_accuracy":0.8893333333333333,"train_accuracy":0.9254629629629629,"_runtime":46.8368323,"train_loss":0.19742776960771743,"best_train_accuracy":0.9175740740740741,"val_accuracy":0.8855,"_step":20,"best_epoch":15,"_wandb":{"runtime":46},"val_loss":0.3371502393462557,"epoch":20,"best_train_loss":0.21999466655402847}