{"best_epoch":12,"train_loss":0.155654013458597,"best_train_loss":0.20271250340046376,"train_accuracy":0.9417592592592593,"best_val_loss":0.301204541255718,"epoch":20,"val_accuracy":0.8905,"_step":20,"val_loss":0.33121241511741856,"best_val_accuracy":0.8943333333333333,"_runtime":32.4500639,"best_train_accuracy":0.9247222222222222,"_wandb":{"runtime":32},"_timestamp":1.741410794201151e+09}