{"_step":15,"best_epoch":7,"val_loss":0.7640796657237273,"best_val_loss":0.5281340668723464,"train_accuracy":0.845462962962963,"best_train_accuracy":0.8515,"best_val_accuracy":0.8501666666666666,"_wandb":{"runtime":63},"_runtime":63.0570338,"best_train_loss":0.5542676783221949,"val_accuracy":0.8036666666666666,"_timestamp":1.741278460816037e+09,"train_loss":0.637666156588475,"epoch":15}