{"best_epoch":6,"best_train_accuracy":0.8668148148148148,"_wandb":{"runtime":18},"val_loss":0.4048425932538682,"val_accuracy":0.861,"epoch":10,"_timestamp":1.7413650916244826e+09,"train_accuracy":0.8627037037037038,"best_val_accuracy":0.8676666666666667,"train_loss":0.41719187033152294,"best_train_loss":0.3911322011566024,"_step":10,"_runtime":18.4322876,"best_val_loss":0.465488424576375}