{"best_val_loss":0.44994191479713647,"_step":15,"train_accuracy":0.8443148148148149,"best_train_loss":0.4428906974865889,"_wandb":{"runtime":24},"_runtime":24.2851367,"best_val_accuracy":0.8425,"val_accuracy":0.8425,"train_loss":0.4428906974865889,"best_epoch":14,"epoch":15,"val_loss":0.44994191479713647,"_timestamp":1.7412690063407278e+09,"best_train_accuracy":0.8443148148148149}