{"_wandb":{"runtime":98},"_runtime":98.1317093,"train_accuracy":0.8861481481481481,"best_epoch":5,"best_val_accuracy":0.8743333333333333,"val_loss":0.1935562088939218,"best_train_accuracy":0.8794259259259259,"best_train_loss":0.18415713943717843,"_step":12,"best_val_loss":0.19016174137002084,"confusion_matrix":{"path":"media/plotly/confusion_matrix_12_d8673d42cc6bad8840c5.plotly.json","_type":"plotly-file","sha256":"d8673d42cc6bad8840c52db8c85ce0817dcceeea22d30b835ab2dfc8e9db00f2","size":28797},"val_accuracy":0.8723333333333333,"_timestamp":1.741451265247359e+09,"epoch":10,"test_accuracy":0.8712,"train_loss":0.17543203034825847,"test_loss":0.20048553167282393}