{"train_loss":0.2575109517972165,"_step":10,"best_val_loss":0.344138047894697,"_wandb":{"runtime":36},"_runtime":36.7558858,"best_val_accuracy":0.8866666666666667,"best_train_loss":0.2653282215720734,"epoch":10,"best_train_accuracy":0.9013148148148148,"val_loss":0.36305584160207466,"_timestamp":1.7413700171807818e+09,"best_epoch":8,"val_accuracy":0.8775,"train_accuracy":0.9061296296296296}