{"train_loss":0.17600649304670665,"_step":20,"best_val_loss":0.3433161269144981,"_timestamp":1.741407160766398e+09,"val_loss":0.36143276271059865,"best_train_loss":0.1925306374342131,"_runtime":86.29216,"best_val_accuracy":0.8905,"_wandb":{"runtime":86},"best_train_accuracy":0.9272777777777778,"val_accuracy":0.8821666666666667,"best_epoch":16,"epoch":20,"train_accuracy":0.9333518518518519}