{"val_accuracy":0.8851666666666667,"best_train_accuracy":0.9246296296296296,"train_accuracy":0.9295185185185185,"best_val_accuracy":0.8893333333333333,"train_loss":0.18834926355672574,"_timestamp":1.7414030955698056e+09,"_wandb":{"runtime":47},"epoch":20,"best_epoch":17,"best_val_loss":0.33203908676035304,"val_loss":0.3495662284589583,"best_train_loss":0.20322208291419108,"_step":20,"_runtime":47.0374485}