{"best_val_accuracy":0.892,"_step":20,"best_val_loss":0.31559775181662963,"epoch":20,"best_epoch":16,"best_train_loss":0.19183198477566402,"train_loss":0.17921644392886965,"train_accuracy":0.9325555555555556,"val_accuracy":0.8891666666666667,"best_train_accuracy":0.928074074074074,"val_loss":0.3321014139389427,"_wandb":{"runtime":27},"_runtime":27.107426,"_timestamp":1.741383439758328e+09}