{"best_val_accuracy":0.8626666666666667,"best_train_loss":0.1978596617047609,"_timestamp":1.7414599304858088e+09,"test_loss":0.22267583863262694,"confusion_matrix":{"_type":"plotly-file","sha256":"b504e500ed85755587e9c1d4efac2afad27db09607ec996410309f38f42009c8","size":28811,"path":"media/plotly/confusion_matrix_12_b504e500ed85755587e9.plotly.json"},"val_loss":0.21436715207852558,"train_loss":0.1978596617047609,"_step":12,"best_train_accuracy":0.8737222222222222,"_wandb":{"runtime":202},"epoch":10,"test_accuracy":0.8561,"train_accuracy":0.8737222222222222,"best_epoch":9,"best_val_loss":0.21436715207852558,"val_accuracy":0.8626666666666667,"_runtime":202.6235984}