{"best_train_accuracy":0.7887222222222222,"best_val_loss":0.9120329842027126,"_wandb":{"runtime":79},"train_loss":1.5507478106974024,"_step":10,"best_train_loss":0.8093279091940954,"epoch":10,"val_loss":1.159143021852305,"best_val_accuracy":0.8143333333333334,"_runtime":79.7836909,"best_epoch":1,"val_accuracy":0.6688333333333333,"_timestamp":1.741365747779135e+09,"train_accuracy":0.6588333333333334}