{"test_accuracy":0.8581,"val_loss":0.20121083861816844,"best_val_accuracy":0.8795,"val_accuracy":0.8623333333333333,"best_train_accuracy":0.8904444444444445,"test_loss":0.20917471445640462,"best_train_loss":0.16596506458536578,"train_loss":0.16254708890045744,"_timestamp":1.7414534711706533e+09,"confusion_matrix":{"path":"media/plotly/confusion_matrix_12_eb002544343c923bbb71.plotly.json","_type":"plotly-file","sha256":"eb002544343c923bbb716bdeceec424824fa8d2beca2795ce40743aba5bacacf","size":28794},"_wandb":{"runtime":494},"best_val_loss":0.18240655956398136,"_step":12,"epoch":10,"train_accuracy":0.8923703703703704,"best_epoch":8,"_runtime":494.1461062}