{"val_loss":0.36937210983836205,"train_loss":0.28196617228030507,"_timestamp":1.741369954094619e+09,"best_epoch":7,"best_val_accuracy":0.8808333333333334,"train_accuracy":0.8974074074074074,"_wandb":{"runtime":15},"best_train_accuracy":0.8952777777777777,"_step":10,"best_train_loss":0.2915223214570802,"val_accuracy":0.8765,"_runtime":15.5100082,"epoch":10,"best_val_loss":0.33966192521756833}