{"val_loss":0.33771451551978426,"best_train_loss":0.17945200228563513,"train_loss":0.1467947513796413,"best_val_accuracy":0.8943333333333333,"val_accuracy":0.8888333333333334,"_wandb":{"runtime":42},"_step":20,"train_accuracy":0.9456851851851852,"best_train_accuracy":0.9327592592592593,"best_epoch":14,"_runtime":42.1861783,"best_val_loss":0.3131175387565279,"_timestamp":1.741401406977193e+09,"epoch":20}