{"best_train_accuracy":0.8747037037037036,"val_loss":0.40458902595894,"epoch":15,"best_val_accuracy":0.8691666666666666,"best_train_loss":0.36299172505323846,"_wandb":{"runtime":49},"train_loss":0.35840880184448287,"best_val_loss":0.3782283018601031,"_runtime":49.8052031,"val_accuracy":0.8635,"_step":15,"train_accuracy":0.8800185185185185,"best_epoch":11,"_timestamp":1.741273379945493e+09}