{"best_val_accuracy":0.8858333333333334,"_timestamp":1.741379986035564e+09,"best_train_accuracy":0.9141111111111111,"_step":20,"best_epoch":18,"_wandb":{"runtime":15},"val_loss":0.33897318481029276,"train_loss":0.23421439135055105,"best_train_loss":0.23780427343818755,"best_val_loss":0.3325765932305387,"val_accuracy":0.8851666666666667,"train_accuracy":0.9161296296296296,"_runtime":15.6874301,"epoch":20}