{"best_epoch":8,"val_accuracy":0.8623333333333333,"_timestamp":1.7413689946163883e+09,"best_val_accuracy":0.8631666666666666,"_step":10,"best_train_accuracy":0.8720555555555556,"train_loss":0.3588830880982158,"train_accuracy":0.8732037037037037,"_wandb":{"runtime":625},"epoch":10,"best_train_loss":0.3649054196477257,"val_loss":0.38648805407582776,"_runtime":624.8647785,"best_val_loss":0.3776807450927222}