{"epoch":10,"_timestamp":1.7413682420313141e+09,"best_train_loss":0.4230414936643065,"_wandb":{"runtime":117},"_step":10,"best_epoch":6,"train_accuracy":0.8588518518518519,"val_loss":0.48312436069478143,"val_accuracy":0.853,"best_val_loss":0.41972542169860466,"best_val_accuracy":0.8683333333333333,"train_loss":0.44359737774458385,"best_train_accuracy":0.8613518518518518,"_runtime":117.5534282}