{"_timestamp":1.741408185377882e+09,"_wandb":{"runtime":42},"best_epoch":13,"train_loss":0.1467525655669284,"_runtime":42.471391,"val_loss":0.3479351108476679,"train_accuracy":0.9453518518518519,"best_val_loss":0.3121838330640807,"val_accuracy":0.8923333333333333,"best_train_accuracy":0.9292962962962963,"best_train_loss":0.1882595140133726,"best_val_accuracy":0.8938333333333334,"_step":20,"epoch":20}