{"best_epoch":19,"best_val_accuracy":0.8936666666666667,"train_loss":0.1611026456233298,"best_train_accuracy":0.9386296296296296,"best_train_loss":0.1611026456233298,"train_accuracy":0.9386296296296296,"_wandb":{"runtime":25},"val_accuracy":0.8936666666666667,"_timestamp":1.7413831108658514e+09,"_runtime":25.0267105,"_step":20,"best_val_loss":0.3464045228461354,"epoch":20,"val_loss":0.3464045228461354}