{"_timestamp":1.7412619722064445e+09,"_wandb":{"runtime":27},"best_epoch":14,"best_train_loss":0.3355666874433016,"best_train_accuracy":0.8816111111111111,"best_val_loss":0.3606951337036519,"val_accuracy":0.8748333333333334,"train_loss":0.3355666874433016,"train_accuracy":0.8816111111111111,"best_val_accuracy":0.8748333333333334,"epoch":15,"val_loss":0.3606951337036519,"_runtime":27.2195066,"_step":15}