{"best_train_loss":0.2321369508760837,"best_epoch":13,"best_val_loss":0.30297127316279054,"_timestamp":1.7413992028066845e+09,"_runtime":24.0524277,"_step":20,"train_accuracy":0.9276481481481481,"best_val_accuracy":0.8915,"val_accuracy":0.8913333333333333,"val_loss":0.30945189535032297,"_wandb":{"runtime":24},"train_loss":0.1920440476737756,"best_train_accuracy":0.9117407407407407,"epoch":20}