{"best_train_loss":0.40397411891850576,"_runtime":40.3083744,"val_loss":0.4370396737643541,"best_val_accuracy":0.854,"best_epoch":8,"train_loss":0.3948914619257102,"val_accuracy":0.8438333333333333,"best_val_loss":0.42245438824944576,"_step":10,"_wandb":{"runtime":40},"best_train_accuracy":0.8587777777777778,"_timestamp":1.7413633495709386e+09,"epoch":10,"train_accuracy":0.8612037037037037}