{"_wandb":{"runtime":26},"_timestamp":1.7413651536864579e+09,"train_loss":0.2489819039574123,"best_val_accuracy":0.888,"epoch":10,"val_loss":0.33423750925198925,"best_val_loss":0.3125781345556989,"best_train_loss":0.25826734159419773,"_step":10,"_runtime":26.3265798,"train_accuracy":0.9084444444444445,"best_epoch":8,"best_train_accuracy":0.9026851851851851,"val_accuracy":0.8841666666666667}