{"train_loss":0.4865949674417919,"best_val_accuracy":0.8328333333333333,"best_train_loss":0.4865949674417919,"_step":5,"val_loss":0.48053223804169626,"best_train_accuracy":0.8311851851851851,"best_val_loss":0.48053223804169626,"_runtime":8.9526726,"_timestamp":1.74136449313477e+09,"epoch":5,"val_accuracy":0.8328333333333333,"_wandb":{"runtime":8},"best_epoch":4,"train_accuracy":0.8311851851851851}