{"val_accuracy":0.8875,"_wandb":{"runtime":22},"val_loss":0.37564815554648856,"epoch":20,"_timestamp":1.7413837714867027e+09,"_step":20,"train_accuracy":0.9410185185185185,"best_val_loss":0.33267453218751425,"best_epoch":17,"best_train_loss":0.17165700410571513,"_runtime":22.5640755,"best_train_accuracy":0.9362777777777778,"best_val_accuracy":0.8926666666666667,"train_loss":0.15901212663141126}