{"best_train_accuracy":0.9203148148148148,"best_val_loss":0.2943045627406432,"_runtime":23.8632895,"best_train_loss":0.21161198646104917,"_step":20,"val_loss":0.31758823507625206,"_timestamp":1.741410054650761e+09,"train_loss":0.19289898636089892,"_wandb":{"runtime":23},"val_accuracy":0.887,"epoch":20,"train_accuracy":0.9283333333333333,"best_val_accuracy":0.8973333333333333,"best_epoch":16}