{"best_train_accuracy":0.9299814814814815,"_runtime":34.0474832,"best_val_loss":0.3320330963806387,"train_loss":0.16845057979545952,"train_accuracy":0.9352962962962963,"_timestamp":1.7413989784909081e+09,"_step":20,"best_train_loss":0.18113679177379208,"val_accuracy":0.8948333333333334,"best_epoch":17,"_wandb":{"runtime":34},"val_loss":0.34751443576991276,"epoch":20,"best_val_accuracy":0.8948333333333334}