{"best_epoch":13,"train_accuracy":0.883,"val_accuracy":0.8726666666666667,"_runtime":41.4096805,"best_train_loss":0.33088444048515053,"train_loss":0.32738921590543923,"val_loss":0.3482517109366073,"best_train_accuracy":0.8815925925925926,"best_val_loss":0.35299032085734505,"_wandb":{"runtime":41},"_timestamp":1.7412663370070035e+09,"best_val_accuracy":0.8736666666666667,"epoch":15,"_step":15}