{"epoch":10,"_timestamp":1.7413666163625739e+09,"best_train_accuracy":0.8758333333333334,"_runtime":25.6005838,"train_loss":0.3583155494266048,"best_val_loss":0.3706596125550578,"best_val_accuracy":0.8703333333333333,"best_train_loss":0.3583155494266048,"val_accuracy":0.8703333333333333,"_wandb":{"runtime":25},"train_accuracy":0.8758333333333334,"best_epoch":9,"val_loss":0.3706596125550578,"_step":10}