{"_wandb":{"runtime":160},"_runtime":160.8064357,"_timestamp":1.7412563082583263e+09,"train_loss":0.35245160851917307,"best_train_loss":0.3582594665537752,"best_train_accuracy":0.8766481481481482,"best_val_loss":0.38835433022707094,"epoch":15,"val_accuracy":0.867,"best_epoch":11,"best_val_accuracy":0.8706666666666667,"_step":15,"train_accuracy":0.8796111111111111,"val_loss":0.3955270559586842}