{"train_accuracy":0.9222777777777778,"best_epoch":17,"best_val_accuracy":0.893,"val_accuracy":0.8875,"_timestamp":1.7413778191364648e+09,"train_loss":0.20727194463833265,"best_val_loss":0.3104077681135842,"epoch":20,"val_loss":0.31770407669205536,"best_train_accuracy":0.9183333333333333,"best_train_loss":0.21899520275269851,"_wandb":{"runtime":20},"_runtime":20.8520888,"_step":20}