{"val_loss":0.3567860225801941,"_step":15,"train_loss":0.3197307011333778,"best_epoch":14,"best_val_accuracy":0.8746666666666667,"best_val_loss":0.3567860225801941,"train_accuracy":0.8852962962962962,"val_accuracy":0.8746666666666667,"_runtime":43.7326435,"best_train_loss":0.3197307011333778,"_wandb":{"runtime":43},"best_train_accuracy":0.8852962962962962,"epoch":15,"_timestamp":1.7412513146138294e+09}