{"val_accuracy":0.895,"best_epoch":18,"best_train_loss":0.16501112794567646,"best_val_accuracy":0.8973333333333333,"train_accuracy":0.9391851851851852,"epoch":20,"_timestamp":1.7413878732327993e+09,"val_loss":0.33443985496073714,"_step":20,"_runtime":74.8491172,"train_loss":0.16018087718145937,"best_val_loss":0.32893991064735806,"_wandb":{"runtime":74},"best_train_accuracy":0.9382037037037037}