{"_timestamp":1.7412525699090393e+09,"_step":15,"val_accuracy":0.8096666666666666,"_runtime":51.5699323,"_wandb":{"runtime":51},"best_train_accuracy":0.8110185185185185,"epoch":15,"best_epoch":14,"best_val_accuracy":0.8096666666666666,"val_loss":0.5471899120348424,"train_accuracy":0.8110185185185185,"best_val_loss":0.5471899120348424,"train_loss":0.5576103399874232,"best_train_loss":0.5576103399874232}