{"_wandb":{"runtime":25},"train_accuracy":0.8681111111111111,"best_train_loss":0.3795732672661308,"epoch":15,"train_loss":0.3795732672661308,"best_val_loss":0.3972267567440795,"val_loss":0.3972267567440795,"best_epoch":14,"best_train_accuracy":0.8681111111111111,"val_accuracy":0.8621666666666666,"_timestamp":1.7412694510589347e+09,"best_val_accuracy":0.8621666666666666,"_runtime":25.3741568,"_step":15}