{"best_train_accuracy":0.880537037037037,"train_accuracy":0.880537037037037,"best_val_loss":0.35915319388002837,"train_loss":0.33603531973831163,"_wandb":{"runtime":32},"best_val_accuracy":0.8726666666666667,"val_accuracy":0.8726666666666667,"best_train_loss":0.33603531973831163,"val_loss":0.35915319388002837,"_timestamp":1.7412651040693243e+09,"_step":15,"epoch":15,"best_epoch":14,"_runtime":32.2293631}