{"_runtime":23.0519086,"train_accuracy":0.8855555555555555,"train_loss":0.31967164777049023,"_step":15,"best_epoch":11,"best_train_accuracy":0.882,"_timestamp":1.7412602674269905e+09,"best_train_loss":0.32613347687419675,"val_loss":0.3644769576706677,"val_accuracy":0.871,"_wandb":{"runtime":23},"best_val_loss":0.3572981519200476,"epoch":15,"best_val_accuracy":0.8748333333333334}