{"best_train_accuracy":0.9294259259259259,"_step":20,"_timestamp":1.741377883478238e+09,"_wandb":{"runtime":31},"best_val_accuracy":0.8911666666666667,"train_loss":0.17757681166388609,"best_epoch":18,"best_train_loss":0.18683165950902741,"best_val_loss":0.33126009634401443,"val_accuracy":0.8881666666666667,"_runtime":31.2914391,"epoch":20,"train_accuracy":0.9334814814814815,"val_loss":0.35432188386055874}