{"_wandb":{"runtime":22},"train_accuracy":0.9293703703703704,"epoch":20,"val_loss":0.3289607392013173,"best_train_loss":0.188371396371204,"best_val_accuracy":0.8918333333333334,"best_train_accuracy":0.9293703703703704,"val_accuracy":0.8918333333333334,"_timestamp":1.741393895679669e+09,"_runtime":22.6646848,"train_loss":0.188371396371204,"best_epoch":19,"best_val_loss":0.3289607392013173,"_step":20}