{"best_train_loss":0.16610898434748333,"best_val_loss":0.32704996017859,"best_val_accuracy":0.8945,"val_accuracy":0.8931666666666667,"val_loss":0.34033692446446934,"train_accuracy":0.9430740740740741,"_step":20,"best_epoch":17,"epoch":20,"_runtime":32.6335668,"_wandb":{"runtime":32},"train_loss":0.15346834359688913,"best_train_accuracy":0.9386296296296296,"_timestamp":1.7414052815174148e+09}