{"train_loss":0.19541648349204402,"best_train_accuracy":0.8725555555555555,"test_accuracy":0.8517,"best_val_accuracy":0.8671666666666666,"epoch":5,"_step":7,"_timestamp":1.7414501947146745e+09,"_wandb":{"runtime":11},"_runtime":11.8823772,"val_loss":0.22162776629646241,"train_accuracy":0.8768148148148148,"confusion_matrix":{"size":28784,"path":"media/plotly/confusion_matrix_7_98e47c807b49c619f6bc.plotly.json","_type":"plotly-file","sha256":"98e47c807b49c619f6bc7fe36554a672c485ff9b7339a38488759c2491258230"},"best_val_loss":0.2156040524933515,"best_epoch":3,"best_train_loss":0.2065339178483024,"test_loss":0.22943867710205237,"val_accuracy":0.8601666666666666}