{"val_accuracy":0.8806666666666667,"_timestamp":1.741456250552007e+09,"val_loss":0.18896077558464075,"_step":12,"test_accuracy":0.8726,"train_accuracy":0.8998333333333334,"best_val_accuracy":0.8818333333333334,"confusion_matrix":{"_type":"plotly-file","sha256":"0d8f8b83d2a3672443a5ad042821a7940d0d96ba83be072976473b7c22f7d316","size":28786,"path":"media/plotly/confusion_matrix_12_0d8f8b83d2a3672443a5.plotly.json"},"best_val_loss":0.1876964221656011,"best_train_loss":0.16236339282271559,"epoch":10,"best_epoch":8,"_wandb":{"runtime":614},"test_loss":0.20094940515595672,"best_train_accuracy":0.897962962962963,"_runtime":614.0202844,"train_loss":0.15854836253028545}