{"epoch":20,"best_val_accuracy":0.895,"best_train_accuracy":0.9278703703703703,"_runtime":22.964349,"_wandb":{"runtime":22},"train_accuracy":0.9309259259259259,"val_loss":0.31793641030247943,"_timestamp":1.7414007802046487e+09,"train_loss":0.18195769643940946,"best_epoch":17,"best_val_loss":0.31193770340469856,"val_accuracy":0.8923333333333333,"_step":20,"best_train_loss":0.19249993694077366}