{"val_accuracy":0.8938333333333334,"_timestamp":1.741386518339413e+09,"best_val_accuracy":0.8938333333333334,"train_accuracy":0.9407037037037037,"best_val_loss":0.3274031597953289,"best_train_loss":0.16215228982792282,"val_loss":0.3274031597953289,"_wandb":{"runtime":24},"_runtime":24.14271,"train_loss":0.16215228982792282,"_step":20,"best_epoch":19,"epoch":20,"best_train_accuracy":0.9407037037037037}