{"best_val_accuracy":0.8906666666666667,"val_accuracy":0.8881666666666667,"_timestamp":1.7413936043559954e+09,"best_epoch":16,"epoch":20,"best_train_loss":0.18190862835031074,"train_loss":0.16262613140524892,"val_loss":0.344322018793173,"_wandb":{"runtime":19},"best_train_accuracy":0.9324074074074075,"_runtime":19.7841422,"train_accuracy":0.94,"_step":20,"best_val_loss":0.3364481310037098}