{"_runtime":24.0104739,"best_epoch":18,"val_loss":0.3380297722251944,"_step":20,"best_train_loss":0.30882386910256426,"train_loss":0.30462727899030795,"_timestamp":1.7414003095262103e+09,"val_accuracy":0.8763333333333333,"_wandb":{"runtime":24},"best_val_accuracy":0.88,"best_val_loss":0.3370315537175792,"epoch":20,"best_train_accuracy":0.8893518518518518,"train_accuracy":0.8905555555555555}