{"_timestamp":1.7413894108324404e+09,"_runtime":65.4899882,"epoch":20,"best_val_loss":0.3162520834832582,"val_loss":0.34146523906510756,"_step":20,"best_train_loss":0.19367770608044624,"val_accuracy":0.8883333333333333,"best_train_accuracy":0.9268333333333333,"train_loss":0.1623422461499326,"best_epoch":14,"_wandb":{"runtime":65},"best_val_accuracy":0.8943333333333333,"train_accuracy":0.9387222222222222}