{"test_loss":0.20007451369165738,"_step":12,"test_accuracy":0.8661,"confusion_matrix":{"size":28806,"path":"media/plotly/confusion_matrix_12_3e34fbb694f5646b296f.plotly.json","_type":"plotly-file","sha256":"3e34fbb694f5646b296fc2a2a37e5bcc4bf51e14fa155581bcb80bcb706a44f5"},"best_train_accuracy":0.8863703703703704,"best_val_accuracy":0.872,"best_train_loss":0.1740165692084457,"train_accuracy":0.8863703703703704,"best_val_loss":0.18807754357863493,"epoch":10,"_wandb":{"runtime":25},"best_epoch":9,"val_loss":0.18807754357863493,"val_accuracy":0.872,"_timestamp":1.741449678618256e+09,"_runtime":25.9557411,"train_loss":0.1740165692084457}