{"_runtime":40.1342583,"best_epoch":14,"best_val_loss":0.34609836671140665,"best_val_accuracy":0.8783333333333333,"train_accuracy":0.8880185185185185,"val_accuracy":0.8783333333333333,"_timestamp":1.7412798749475951e+09,"_wandb":{"runtime":40},"best_train_loss":0.31537060272240336,"train_loss":0.31537060272240336,"_step":15,"best_train_accuracy":0.8880185185185185,"epoch":15,"val_loss":0.34609836671140665}