{"best_val_accuracy":0.8395,"best_train_accuracy":0.8385925925925926,"_timestamp":1.741274918374395e+09,"_runtime":39.428531,"best_epoch":13,"train_accuracy":0.8417962962962963,"best_train_loss":0.4584278254413062,"_step":15,"val_accuracy":0.8361666666666666,"best_val_loss":0.4557534639673869,"val_loss":0.45397692915505583,"_wandb":{"runtime":39},"train_loss":0.4507986881989255,"epoch":15}