{"_wandb":{"runtime":132},"train_accuracy":0.09966666666666667,"best_train_accuracy":0.10014814814814815,"_step":15,"val_loss":2.3026691777853707,"_runtime":132.0129304,"epoch":15,"train_loss":2.3026167124871693,"best_epoch":2,"best_val_accuracy":0.1055,"best_train_loss":2.302599152393052,"val_accuracy":0.0925,"_timestamp":1.7412746206557715e+09,"best_val_loss":2.302524424812359}