{"_wandb":{"runtime":23},"best_val_loss":0.3062033334807132,"val_loss":0.3361877913111619,"val_accuracy":0.8813333333333333,"_step":20,"epoch":20,"best_train_loss":0.20309612609912986,"train_loss":0.19149416979197956,"_timestamp":1.741379082975776e+09,"best_epoch":17,"train_accuracy":0.9289444444444445,"best_val_accuracy":0.8911666666666667,"_runtime":23.589926900000002,"best_train_accuracy":0.9233333333333333}