{"epoch":15,"val_accuracy":0.8216666666666667,"best_val_accuracy":0.863,"best_epoch":4,"train_loss":0.4760466565378796,"best_train_loss":0.3850734770276533,"best_val_loss":0.39245337601171526,"_wandb":{"runtime":24},"train_accuracy":0.8525925925925926,"best_train_accuracy":0.8652037037037037,"_timestamp":1.74125973106596e+09,"val_loss":0.6858660120107123,"_step":15,"_runtime":24.5516751}