{"train_accuracy":0.8136111111111111,"best_val_loss":0.5242421402168987,"best_val_accuracy":0.8076666666666666,"train_loss":0.5235203406670318,"_timestamp":1.7412586878782518e+09,"epoch":15,"val_accuracy":0.8076666666666666,"val_loss":0.5242421402168987,"best_train_accuracy":0.8136111111111111,"best_train_loss":0.5235203406670318,"_wandb":{"runtime":21},"_runtime":21.6080218,"best_epoch":14,"_step":15}