{"_timestamp":1.74137581594445e+09,"val_loss":0.333949912075802,"best_epoch":15,"_wandb":{"runtime":18},"best_train_accuracy":0.9243703703703704,"val_accuracy":0.8913333333333333,"_step":20,"train_loss":0.17730804607564843,"best_val_loss":0.3176179188287812,"train_accuracy":0.9337962962962963,"best_val_accuracy":0.894,"epoch":20,"_runtime":18.8908467,"best_train_loss":0.2029837204145735}