{"val_accuracy":0.8926666666666667,"_wandb":{"runtime":49},"_timestamp":1.7414059701941197e+09,"_step":20,"best_train_accuracy":0.9276666666666666,"best_epoch":13,"_runtime":49.2162158,"train_loss":0.1504902132730864,"best_train_loss":0.19133278669072018,"best_val_loss":0.30750257695775196,"val_loss":0.34467413836614724,"epoch":20,"train_accuracy":0.9439444444444445,"best_val_accuracy":0.8973333333333333}