{"train_loss":0.3417451522997455,"_runtime":12.1946183,"best_epoch":5,"_timestamp":1.7413649984203963e+09,"_step":10,"val_accuracy":0.8671666666666666,"val_loss":0.3963308374718137,"_wandb":{"runtime":12},"best_val_accuracy":0.8696666666666667,"best_val_loss":0.38378828526046166,"epoch":10,"train_accuracy":0.8813703703703704,"best_train_loss":0.3566209763084551,"best_train_accuracy":0.8735740740740741}