{"best_train_accuracy":0.9323888888888889,"best_val_loss":0.30624647278392386,"_wandb":{"runtime":28},"epoch":20,"val_accuracy":0.8915,"train_loss":0.15570072340213237,"best_train_loss":0.1801250380215351,"_step":20,"train_accuracy":0.9418888888888889,"val_loss":0.34298411597969236,"best_epoch":15,"best_val_accuracy":0.8948333333333334,"_runtime":28.6714832,"_timestamp":1.7414096718817894e+09}