{"_timestamp":1.7414484247116067e+09,"best_train_accuracy":0.8867777777777778,"epoch":10,"best_epoch":9,"test_loss":0.20082952418451605,"best_val_loss":0.18979408774775822,"_wandb":{"runtime":41},"train_loss":0.17810288736579782,"val_accuracy":0.8803333333333333,"_runtime":41.8299679,"best_val_accuracy":0.8803333333333333,"best_train_loss":0.17810288736579782,"val_loss":0.18979408774775822,"test_accuracy":0.87,"_step":12,"confusion_matrix":{"sha256":"c2d7d4b4a291e563d3afabaaf3bd900982b298717d308e74e78be72fbc158878","size":28784,"path":"media/plotly/confusion_matrix_12_c2d7d4b4a291e563d3af.plotly.json","_type":"plotly-file"},"train_accuracy":0.8867777777777778}