{"_step":15,"val_accuracy":0.8741666666666666,"best_val_loss":0.34887551538226286,"_wandb":{"runtime":47},"_runtime":47.9285566,"best_train_loss":0.3166383525342055,"best_train_accuracy":0.8863518518518518,"epoch":15,"best_epoch":11,"train_accuracy":0.8916666666666667,"_timestamp":1.7412615666936166e+09,"best_val_accuracy":0.8788333333333334,"val_loss":0.36590820234584803,"train_loss":0.3039545498943248}