{"best_train_accuracy":0.9296851851851852,"_step":20,"val_accuracy":0.8923333333333333,"val_loss":0.31642451271484456,"_timestamp":1.741382552412505e+09,"best_val_accuracy":0.893,"train_accuracy":0.935037037037037,"best_train_loss":0.1876455278505429,"best_val_loss":0.3197696582216482,"_runtime":27.2408279,"best_epoch":17,"_wandb":{"runtime":27},"epoch":20,"train_loss":0.1746415640698853}