{"_timestamp":1.7413666747024064e+09,"best_val_accuracy":0.8538333333333333,"_step":10,"train_accuracy":0.8573703703703703,"val_accuracy":0.8528333333333333,"best_val_loss":0.4278969669407796,"best_epoch":8,"_runtime":15.3684344,"_wandb":{"runtime":15},"epoch":10,"train_loss":0.41056336040695113,"val_loss":0.41385669372987716,"best_train_accuracy":0.8547592592592592,"best_train_loss":0.418312114314455}