{"_step":20,"_timestamp":1.7414104138943157e+09,"epoch":20,"_wandb":{"runtime":25},"_runtime":25.3402508,"best_train_loss":0.21175506491095838,"best_val_loss":0.31258253969704825,"best_val_accuracy":0.8926666666666667,"train_loss":0.15722254367497862,"best_train_accuracy":0.9218333333333333,"best_epoch":11,"val_loss":0.36125648108284697,"val_accuracy":0.8905,"train_accuracy":0.9402037037037037}