{"best_epoch":14,"train_loss":0.4293338587310403,"best_train_accuracy":0.8491851851851852,"_wandb":{"runtime":50},"epoch":15,"val_accuracy":0.842,"best_val_accuracy":0.842,"val_loss":0.4351368376494435,"train_accuracy":0.8491851851851852,"best_val_loss":0.4351368376494435,"best_train_loss":0.4293338587310403,"_timestamp":1.7412672995846567e+09,"_runtime":50.6238397,"_step":15}