{"best_val_accuracy":0.8898333333333334,"best_train_accuracy":0.9364444444444444,"val_accuracy":0.8898333333333334,"epoch":20,"train_loss":0.1644826182658377,"best_train_loss":0.1644826182658377,"_runtime":66.0907805,"val_loss":0.3337079218696511,"_wandb":{"runtime":66},"_timestamp":1.7414042197478645e+09,"train_accuracy":0.9364444444444444,"best_epoch":19,"best_val_loss":0.3337079218696511,"_step":20}