{"test_accuracy":0.8829,"best_val_accuracy":0.8911666666666667,"best_val_loss":0.35630450011039033,"val_loss":0.40931094979460514,"_wandb":{"runtime":272},"train_accuracy":0.939962962962963,"best_epoch":21,"epoch":30,"train_loss":0.15571089225540705,"val_accuracy":0.8888333333333334,"confusion_matrix":{"path":"media/plotly/confusion_matrix_32_02d221636095a1241c2a.plotly.json","_type":"plotly-file","sha256":"02d221636095a1241c2a7fb908c8e16446b18f7a6ad91e6599f202911953321a","size":28786},"best_train_loss":0.19014600710395557,"_runtime":272.3316372,"best_train_accuracy":0.9272777777777778,"_timestamp":1.7414336588428695e+09,"_step":32,"test_loss":0.4247870683331812}