{"best_train_loss":0.20162906486703128,"epoch":20,"val_accuracy":0.8926666666666667,"best_epoch":14,"_wandb":{"runtime":53},"best_val_accuracy":0.8946666666666667,"_step":20,"_runtime":53.0463851,"best_val_loss":0.31935102121442827,"best_train_accuracy":0.925537037037037,"_timestamp":1.7413739481898592e+09,"train_loss":0.16651562477047072,"val_loss":0.3404366976138942,"train_accuracy":0.9380185185185185}