{"_runtime":32.7740127,"train_loss":0.15559479284325112,"train_accuracy":0.9426851851851852,"_step":20,"best_train_accuracy":0.9426851851851852,"best_epoch":19,"best_val_accuracy":0.8941666666666667,"val_accuracy":0.8941666666666667,"epoch":20,"val_loss":0.33167680416279255,"best_val_loss":0.33167680416279255,"_wandb":{"runtime":32},"best_train_loss":0.15559479284325112,"_timestamp":1.7413780453740084e+09}