{"test_accuracy":0.8918,"_timestamp":1.7414354418106163e+09,"best_epoch":18,"train_accuracy":0.9745185185185186,"_step":32,"_runtime":203.0376459,"val_loss":0.38541360591406837,"val_accuracy":0.8931666666666667,"epoch":30,"train_loss":0.0706728503721151,"best_val_accuracy":0.8993333333333333,"best_train_loss":0.13627629846914552,"best_train_accuracy":0.9490185185185185,"best_val_loss":0.30920797024930946,"test_loss":0.39426980698724207,"confusion_matrix":{"path":"media/plotly/confusion_matrix_32_c46549af62aacaa34ced.plotly.json","_type":"plotly-file","sha256":"c46549af62aacaa34cedb73414226fa1b63ca7c78bc7fd0c6fe621f336f2f13c","size":28749},"_wandb":{"runtime":203}}