{"_step":5,"best_val_accuracy":0.7555,"best_epoch":4,"best_train_accuracy":0.7361851851851852,"val_accuracy":0.7555,"_timestamp":1.7413639206716352e+09,"train_accuracy":0.7361851851851852,"_wandb":{"runtime":4},"val_loss":0.7084019619215776,"train_loss":0.7480956199336894,"best_train_loss":0.7480956199336894,"_runtime":4.7527601,"best_val_loss":0.7084019619215776,"epoch":5}