{"best_val_accuracy":0.8555,"val_accuracy":0.8555,"val_loss":0.4030074781665765,"best_val_loss":0.4030074781665765,"epoch":15,"_timestamp":1.7412813385525858e+09,"_wandb":{"runtime":168},"_runtime":168.1530708,"best_train_loss":0.39834788050335096,"train_loss":0.39834788050335096,"train_accuracy":0.8603703703703703,"best_train_accuracy":0.8603703703703703,"_step":15,"best_epoch":14}