{"best_epoch":4,"best_train_accuracy":0.8791296296296296,"_wandb":{"runtime":13},"confusion_matrix":{"_type":"plotly-file","sha256":"917529d175db0864c8bbe07d84973c16f88a01a1b0d60a7ce82fe60295c8dd49","size":28801,"path":"media/plotly/confusion_matrix_7_917529d175db0864c8bb.plotly.json"},"best_val_loss":0.18936200150778504,"_runtime":13.729019300000001,"best_val_accuracy":0.8781666666666667,"_step":7,"train_loss":0.18587542017464784,"val_loss":0.18936200150778504,"val_accuracy":0.8781666666666667,"best_train_loss":0.18587542017464784,"_timestamp":1.7414495316121116e+09,"epoch":5,"test_loss":0.2005964229361828,"test_accuracy":0.8655,"train_accuracy":0.8791296296296296}