{"train_accuracy":0.9106481481481481,"best_train_accuracy":0.9047037037037037,"train_loss":0.24502895557039975,"best_val_loss":0.3181961289731355,"epoch":20,"_runtime":63.9652263,"best_val_accuracy":0.8836666666666667,"val_accuracy":0.8768333333333334,"_step":20,"best_epoch":16,"best_train_loss":0.2606902972088049,"val_loss":0.33994624952151703,"_wandb":{"runtime":63},"_timestamp":1.7413731546233168e+09}