{"best_train_accuracy":0.9279444444444445,"val_loss":0.3203780864845378,"epoch":20,"val_accuracy":0.8933333333333333,"train_accuracy":0.9279444444444445,"_step":20,"best_val_accuracy":0.8933333333333333,"best_val_loss":0.3203780864845378,"_wandb":{"runtime":32},"_timestamp":1.741387260341365e+09,"best_train_loss":0.18996232137475447,"best_epoch":19,"train_loss":0.18996232137475447,"_runtime":32.966546}