{"epoch":5,"train_loss":0.3749815008633222,"val_loss":0.3926442628315132,"best_train_loss":0.39273907770041755,"best_train_accuracy":0.8596481481481482,"_runtime":4.8904305,"_timestamp":1.7413652831636255e+09,"_step":5,"best_val_loss":0.4005999348220066,"best_epoch":3,"_wandb":{"runtime":4},"best_val_accuracy":0.8561666666666666,"train_accuracy":0.8667962962962963,"val_accuracy":0.8556666666666667}