{"_timestamp":1.7414036577700052e+09,"train_accuracy":0.9402777777777778,"val_loss":0.34016581172825244,"best_train_loss":0.18167542401149736,"best_val_accuracy":0.8951666666666667,"_step":20,"train_loss":0.1589341422057694,"val_accuracy":0.8926666666666667,"best_epoch":15,"epoch":20,"_wandb":{"runtime":32},"best_val_loss":0.3092001595751082,"best_train_accuracy":0.9308518518518518,"_runtime":32.6447721}