{"_step":20,"best_train_accuracy":0.9292222222222222,"train_loss":0.1563582641812684,"val_loss":0.33439151427705943,"_wandb":{"runtime":32},"best_val_loss":0.31507471348197497,"_timestamp":1.7413805757426078e+09,"best_train_loss":0.18953432192054434,"best_epoch":14,"train_accuracy":0.9417407407407408,"_runtime":32.850869,"val_accuracy":0.8936666666666667,"epoch":20,"best_val_accuracy":0.8936666666666667}