{"best_train_loss":0.16569730837958258,"_wandb":{"runtime":23},"_timestamp":1.7414002557085664e+09,"train_loss":0.15480054220981102,"best_val_accuracy":0.895,"val_loss":0.33654827262739007,"best_train_accuracy":0.9378888888888889,"epoch":20,"best_epoch":17,"val_accuracy":0.8916666666666667,"train_accuracy":0.9422592592592592,"_step":20,"best_val_loss":0.3210549656462358,"_runtime":23.8247135}