{"best_train_accuracy":0.8648148148148148,"best_train_loss":0.3946623476528025,"_runtime":17.3338988,"_wandb":{"runtime":17},"best_epoch":9,"val_loss":0.41277623007466246,"_step":10,"train_loss":0.3946623476528025,"train_accuracy":0.8648148148148148,"epoch":10,"_timestamp":1.7413679845327828e+09,"best_val_accuracy":0.8583333333333333,"val_accuracy":0.8583333333333333,"best_val_loss":0.41277623007466246}