{"val_loss":0.3616461451479086,"_wandb":{"runtime":22},"best_epoch":8,"best_val_loss":0.31108744172227637,"_runtime":22.5393689,"train_loss":0.1593978617026155,"_timestamp":1.741410570919177e+09,"best_train_loss":0.23994496408168747,"epoch":20,"_step":20,"best_train_accuracy":0.9107962962962963,"val_accuracy":0.888,"best_val_accuracy":0.8913333333333333,"train_accuracy":0.9391296296296296}