{"train_loss":2.186264604290053,"_wandb":{"runtime":18},"best_val_loss":1.8532629809823862,"_timestamp":1.7413611185011675e+09,"train_accuracy":0.29853703703703705,"best_train_loss":1.9816402358314888,"_runtime":18.4406237,"val_loss":2.2176194239312785,"best_epoch":0,"best_val_accuracy":0.5771666666666667,"epoch":5,"_step":5,"best_train_accuracy":0.43975925925925924,"val_accuracy":0.237}