{"val_loss":0.3425517042791667,"best_train_accuracy":0.927537037037037,"_timestamp":1.7413881582595606e+09,"best_train_loss":0.19163270961072862,"train_loss":0.15127787186269592,"train_accuracy":0.9429074074074074,"_step":20,"_runtime":50.3143597,"epoch":20,"best_epoch":13,"val_accuracy":0.8893333333333333,"_wandb":{"runtime":50},"best_val_loss":0.30944774353696713,"best_val_accuracy":0.8953333333333333}