{"_timestamp":1.741454870281426e+09,"test_accuracy":0.8804,"val_accuracy":0.8916666666666667,"best_val_accuracy":0.8925,"_runtime":61.8535005,"epoch":20,"val_loss":0.1674159302006905,"best_train_accuracy":0.9187222222222222,"best_val_loss":0.16517090519235994,"best_train_loss":0.12859740200270886,"_step":22,"test_loss":0.17672482682177848,"_wandb":{"runtime":61},"confusion_matrix":{"size":28781,"path":"media/plotly/confusion_matrix_22_a99e16f23098f488a07c.plotly.json","_type":"plotly-file","sha256":"a99e16f23098f488a07c646580ade5fe4f08ad0db5dc85b51bed702cfcc8137f"},"train_accuracy":0.9233148148148148,"best_epoch":17,"train_loss":0.12219897845716528}