{"train_loss":0.14801548192981342,"best_train_loss":0.16689752619041698,"val_accuracy":0.8936666666666667,"_wandb":{"runtime":48},"best_val_loss":0.33737174290176497,"best_epoch":16,"train_accuracy":0.9443333333333334,"_runtime":48.1437731,"_step":20,"_timestamp":1.741376901803576e+09,"best_train_accuracy":0.9370740740740741,"best_val_accuracy":0.8946666666666667,"val_loss":0.3314894441852747,"epoch":20}