{"val_loss":0.33649754579092134,"best_train_accuracy":0.8867777777777778,"train_loss":0.31291444125785534,"best_val_accuracy":0.8823333333333333,"best_train_loss":0.31291444125785534,"best_epoch":9,"_step":10,"_timestamp":1.741366691220036e+09,"val_accuracy":0.8823333333333333,"_runtime":20.85346,"train_accuracy":0.8867777777777778,"best_val_loss":0.33649754579092134,"_wandb":{"runtime":20},"epoch":10}