{"best_train_loss":0.4927217084231267,"best_train_accuracy":0.8269444444444445,"train_accuracy":0.8269444444444445,"best_epoch":14,"_timestamp":1.7412531049902482e+09,"_step":15,"train_loss":0.4927217084231267,"best_val_accuracy":0.8215,"best_val_loss":0.49160449915908094,"_runtime":21.0009222,"_wandb":{"runtime":21},"val_loss":0.49160449915908094,"epoch":15,"val_accuracy":0.8215}