{"best_train_loss":0.4793520371396906,"_timestamp":1.7412693173960083e+09,"train_loss":0.4793520371396906,"epoch":15,"best_val_accuracy":0.8271666666666667,"_step":15,"_runtime":51.7524231,"val_loss":0.4815692785694193,"best_epoch":14,"_wandb":{"runtime":51},"best_val_loss":0.4815692785694193,"val_accuracy":0.8271666666666667,"train_accuracy":0.8322222222222222,"best_train_accuracy":0.8322222222222222}