{"_timestamp":1.7412582459400253e+09,"val_accuracy":0.8415,"best_train_loss":0.43943150455346014,"best_val_loss":0.4394296690499109,"best_epoch":13,"_wandb":{"runtime":21},"best_val_accuracy":0.8428333333333333,"epoch":15,"_runtime":21.6477614,"_step":15,"best_train_accuracy":0.844574074074074,"val_loss":0.44305451676957797,"train_accuracy":0.8489629629629629,"train_loss":0.4323865855782558}