{"best_val_loss":0.3668774410940549,"_runtime":805.6810796,"best_train_accuracy":0.9421481481481482,"train_loss":0.13943103157113895,"val_loss":0.3796095246529153,"_timestamp":1.7414216272602246e+09,"best_val_accuracy":0.8953333333333333,"_step":30,"best_train_loss":0.15065661578195783,"val_accuracy":0.8905,"_wandb":{"runtime":805},"epoch":30,"best_epoch":25,"train_accuracy":0.9462777777777778}