{"_runtime":59.2807118,"_timestamp":1.7413733519349504e+09,"train_accuracy":0.9158888888888889,"val_loss":0.34825944761755445,"epoch":20,"_step":20,"train_loss":0.22241695125216313,"best_epoch":11,"best_val_accuracy":0.8856666666666667,"best_val_loss":0.323480536237655,"best_train_accuracy":0.906074074074074,"val_accuracy":0.8823333333333333,"best_train_loss":0.2522105801197872,"_wandb":{"runtime":59}}