{"val_loss":0.4470944331346306,"best_val_loss":0.39215760957666945,"val_accuracy":0.8895,"_timestamp":1.7414295301365647e+09,"best_train_loss":0.08814887069947658,"best_val_accuracy":0.8936666666666667,"epoch":30,"_step":30,"best_train_accuracy":0.9670740740740741,"train_accuracy":0.9745925925925926,"train_loss":0.06722340987087883,"_wandb":{"runtime":297},"_runtime":297.6999836,"best_epoch":24}