{"val_accuracy":0.8946666666666667,"best_val_loss":0.3423388888291403,"val_loss":0.3423388888291403,"_runtime":42.0234662,"train_loss":0.14659687061517335,"best_val_accuracy":0.8946666666666667,"train_accuracy":0.9455555555555556,"best_train_loss":0.14659687061517335,"_wandb":{"runtime":42},"epoch":20,"_timestamp":1.7413866218234313e+09,"best_epoch":19,"best_train_accuracy":0.9455555555555556,"_step":20}