{"best_val_accuracy":0.7343333333333333,"best_train_accuracy":0.7235925925925926,"val_accuracy":0.7343333333333333,"_runtime":11.5182611,"confusion_matrix":{"sha256":"827d4b00739af1f22b9b1323a6de60a582dd344e01409788197c1a199756b42e","size":28873,"path":"media/plotly/confusion_matrix_7_827d4b00739af1f22b9b.plotly.json","_type":"plotly-file"},"best_val_loss":0.45131809241335913,"train_loss":0.46506837936325923,"_wandb":{"runtime":11},"_step":7,"best_epoch":4,"test_loss":0.4600021615802553,"train_accuracy":0.7235925925925926,"best_train_loss":0.46506837936325923,"val_loss":0.45131809241335913,"_timestamp":1.741448892520072e+09,"epoch":5,"test_accuracy":0.7263}