{"val_accuracy":0.8801666666666667,"test_accuracy":0.8745,"best_train_loss":0.16267415394149165,"best_train_accuracy":0.8963333333333333,"train_accuracy":0.8963333333333333,"_step":12,"epoch":10,"best_val_accuracy":0.8801666666666667,"best_val_loss":0.17858759024704124,"_wandb":{"runtime":34},"_runtime":34.9222794,"val_loss":0.17858759024704124,"_timestamp":1.7414520426716213e+09,"test_loss":0.18988866974601065,"confusion_matrix":{"path":"media/plotly/confusion_matrix_12_5a1f3da4bc94a052b801.plotly.json","_type":"plotly-file","sha256":"5a1f3da4bc94a052b801537f559c2aef721f98fa881b8b8d750d4625d08347a1","size":28773},"best_epoch":9,"train_loss":0.16267415394149165}