{"_step":20,"_timestamp":1.7413862343703e+09,"train_accuracy":0.9292777777777778,"_runtime":51.3655802,"train_loss":0.1944789589790237,"best_val_loss":0.3313469593393963,"best_val_accuracy":0.8896666666666667,"val_accuracy":0.8728333333333333,"best_train_accuracy":0.9171111111111111,"best_epoch":14,"best_train_loss":0.22344350452981027,"_wandb":{"runtime":51},"epoch":20,"val_loss":0.37964849118095184}