{"epoch":10,"val_accuracy":0.846,"best_train_loss":0.38407367565152006,"best_train_accuracy":0.875462962962963,"_wandb":{"runtime":26},"train_accuracy":0.8783703703703704,"_timestamp":1.741366248552628e+09,"train_loss":0.3897363263121269,"_step":10,"best_val_loss":0.41775070229676536,"_runtime":26.7003279,"val_loss":0.49917812136911954,"best_val_accuracy":0.8728333333333333,"best_epoch":7}