{"_timestamp":1.741394381091687e+09,"epoch":20,"_step":20,"train_accuracy":0.9431666666666667,"val_accuracy":0.892,"best_val_loss":0.2994201860870393,"_wandb":{"runtime":28},"train_loss":0.15308943639298742,"best_train_loss":0.19469632428249517,"best_val_accuracy":0.8951666666666667,"best_train_accuracy":0.926962962962963,"_runtime":28.1793308,"val_loss":0.3313030740062964,"best_epoch":13}