{"train_loss":0.3533244499342844,"best_train_accuracy":0.8773333333333333,"val_loss":0.3734402503088866,"epoch":15,"val_accuracy":0.8698333333333333,"best_val_loss":0.3734402503088866,"best_epoch":14,"_step":15,"train_accuracy":0.8773333333333333,"best_train_loss":0.3533244499342844,"_timestamp":1.741252179448036e+09,"_runtime":25.465828899999998,"best_val_accuracy":0.8698333333333333,"_wandb":{"runtime":25}}