{"_timestamp":1.7412631064313436e+09,"_runtime":237.8819821,"best_train_loss":0.39544331186997617,"best_epoch":13,"best_val_loss":0.396673585840102,"_step":15,"epoch":15,"val_accuracy":0.8571666666666666,"train_loss":0.3883436955632262,"train_accuracy":0.8615,"best_val_accuracy":0.8608333333333333,"_wandb":{"runtime":237},"best_train_accuracy":0.8601666666666666,"val_loss":0.4025226442226291}