{"val_loss":0.34120776927963903,"best_train_accuracy":0.9207407407407407,"_timestamp":1.7413911715611787e+09,"train_accuracy":0.9266666666666666,"best_train_loss":0.20666954880429217,"_step":20,"epoch":20,"train_loss":0.19623343887388658,"best_val_loss":0.30654049520959575,"best_val_accuracy":0.8945,"best_epoch":16,"val_accuracy":0.8868333333333334,"_runtime":28.4518315,"_wandb":{"runtime":28}}