{"_timestamp":1.7414063333632572e+09,"best_train_accuracy":0.9430185185185185,"best_epoch":19,"_step":20,"best_val_loss":0.3231095960607308,"best_train_loss":0.15065691478024532,"_wandb":{"runtime":42},"train_loss":0.15065691478024532,"val_loss":0.3231095960607308,"train_accuracy":0.9430185185185185,"best_val_accuracy":0.8993333333333333,"_runtime":42.570479,"val_accuracy":0.8993333333333333,"epoch":20}