{"_runtime":36.264084,"_wandb":{"runtime":36},"best_val_accuracy":0.8918333333333334,"train_accuracy":0.9378148148148148,"_timestamp":1.741396981018004e+09,"val_accuracy":0.8898333333333334,"best_train_accuracy":0.9328333333333333,"val_loss":0.3545191502200516,"best_epoch":17,"best_val_loss":0.3353447563708008,"_step":20,"epoch":20,"train_loss":0.16147732434963966,"best_train_loss":0.17670444901327537}