{"train_accuracy":0.9398518518518518,"_step":20,"epoch":20,"best_epoch":15,"_runtime":36.6058176,"best_train_accuracy":0.9306851851851852,"best_val_accuracy":0.8918333333333334,"_timestamp":1.7413951608899095e+09,"_wandb":{"runtime":36},"val_loss":0.3704895485177939,"best_val_loss":0.3301645885415639,"train_loss":0.15699801262077495,"best_train_loss":0.18090212456521645,"val_accuracy":0.8906666666666667}