{"best_train_accuracy":0.9007222222222222,"train_accuracy":0.902962962962963,"best_train_loss":0.1613984002830408,"_runtime":35.2471636,"test_loss":0.188617892380127,"epoch":10,"best_val_loss":0.1849557282210036,"_wandb":{"runtime":35},"confusion_matrix":{"size":28797,"path":"media/plotly/confusion_matrix_12_aa92d866e8784ea1a571.plotly.json","_type":"plotly-file","sha256":"aa92d866e8784ea1a57126a1d86d9a32db862cda219c06db17975f7b712269e3"},"_timestamp":1.7414578406766114e+09,"test_accuracy":0.8762,"val_accuracy":0.8805,"best_epoch":8,"train_loss":0.1569955343461981,"val_loss":0.18322345360223527,"best_val_accuracy":0.8843333333333333,"_step":12}