{"val_loss":0.35988721467100676,"epoch":20,"best_val_loss":0.32564264963679035,"_step":20,"best_epoch":18,"_runtime":23.879913,"train_accuracy":0.9431296296296297,"_wandb":{"runtime":23},"val_accuracy":0.8885,"best_train_accuracy":0.9385925925925926,"_timestamp":1.7413789923957896e+09,"best_val_accuracy":0.8948333333333334,"train_loss":0.15386301015902082,"best_train_loss":0.16224659474060452}