{"_step":12,"confusion_matrix":{"path":"media/plotly/confusion_matrix_12_6102cf9555482db8d2e0.plotly.json","_type":"plotly-file","sha256":"6102cf9555482db8d2e0bac548f56cda19664d44ef4a47ffb14b291c9ca7dbad","size":28790},"_wandb":{"runtime":45},"val_loss":0.18976530895165164,"epoch":10,"best_epoch":8,"_runtime":45.8688914,"val_accuracy":0.87,"best_train_accuracy":0.8877407407407407,"test_loss":0.19952618101404815,"best_train_loss":0.16913465196531452,"train_accuracy":0.8893148148148148,"_timestamp":1.7414499705197668e+09,"best_val_accuracy":0.8783333333333333,"train_loss":0.1660828383595692,"test_accuracy":0.8604,"best_val_loss":0.17910477035759273}