{"_step":20,"epoch":20,"_runtime":84.9428213,"train_accuracy":0.9337407407407408,"best_val_accuracy":0.8895,"best_epoch":16,"_wandb":{"runtime":84},"_timestamp":1.7413918348912442e+09,"val_accuracy":0.8873333333333333,"best_train_accuracy":0.9285555555555556,"best_train_loss":0.18757611258484766,"best_val_loss":0.3271332739687975,"train_loss":0.1764307640334823,"val_loss":0.3465050037054222}