{"_runtime":12.8244653,"best_train_loss":0.34280302876917346,"best_train_accuracy":0.8778888888888889,"_step":10,"best_epoch":8,"val_loss":0.3746428972538864,"best_val_loss":0.3596069323492605,"train_loss":0.33423749104642453,"val_accuracy":0.8688333333333333,"best_val_accuracy":0.8705,"_timestamp":1.7413653854226453e+09,"train_accuracy":0.8811111111111111,"_wandb":{"runtime":12},"epoch":10}