{"train_accuracy":0.8593888888888889,"_runtime":41.6361266,"val_loss":0.591653719541878,"epoch":15,"val_accuracy":0.8378333333333333,"_wandb":{"runtime":41},"best_train_loss":0.5156751551413713,"_timestamp":1.7412687837681797e+09,"best_val_accuracy":0.8651666666666666,"best_val_loss":0.5700044301858347,"_step":15,"best_epoch":12,"best_train_accuracy":0.8584074074074074,"train_loss":0.5382266921744199}