{"_wandb":{"runtime":23},"_step":20,"val_accuracy":0.8915,"best_val_accuracy":0.8941666666666667,"_timestamp":1.741379712867542e+09,"epoch":20,"train_accuracy":0.9407037037037037,"_runtime":23.843253400000002,"best_train_accuracy":0.9399814814814815,"best_train_loss":0.164924410803548,"best_val_loss":0.3217642148007549,"val_loss":0.3261944319614889,"train_loss":0.1611286281290703,"best_epoch":18}