{"best_epoch":13,"best_train_loss":0.19328764348024646,"val_loss":0.34146278843073724,"best_val_accuracy":0.894,"_step":20,"best_train_accuracy":0.9276666666666666,"epoch":20,"_timestamp":1.7413750678771803e+09,"train_accuracy":0.9436851851851852,"_runtime":27.9404714,"train_loss":0.15244153916107622,"best_val_loss":0.3146289711433356,"val_accuracy":0.8931666666666667,"_wandb":{"runtime":27}}