{"train_loss":0.43173326700588777,"val_loss":0.46956738233408524,"best_val_loss":0.450959559628157,"train_accuracy":0.8629814814814815,"val_accuracy":0.853,"_wandb":{"runtime":44},"best_epoch":11,"_runtime":44.7659824,"epoch":15,"_step":15,"best_val_accuracy":0.8546666666666667,"best_train_loss":0.42612417989058726,"_timestamp":1.7412514164306865e+09,"best_train_accuracy":0.8606296296296296}