{"val_accuracy":0.8696666666666667,"_wandb":{"runtime":28},"best_val_loss":0.36535742145603095,"train_accuracy":0.8782407407407408,"epoch":15,"_runtime":28.6792926,"best_val_accuracy":0.872,"train_loss":0.3394778353330564,"val_loss":0.36655398465531136,"best_train_loss":0.3439105678341068,"_timestamp":1.7412590362978916e+09,"best_epoch":13,"best_train_accuracy":0.8773703703703704,"_step":15}