{"best_val_accuracy":0.8618333333333333,"val_accuracy":0.8613333333333333,"_step":15,"train_loss":0.3570605181772404,"best_epoch":13,"val_loss":0.37968798985696783,"_wandb":{"runtime":32},"_runtime":32.3481736,"epoch":15,"train_accuracy":0.8726296296296296,"best_train_loss":0.36159272339963855,"best_train_accuracy":0.8709629629629629,"_timestamp":1.7412699327532246e+09,"best_val_loss":0.37468655165048886}