{"train_accuracy":0.8778518518518519,"best_val_accuracy":0.868,"val_loss":0.5221976724246943,"_wandb":{"runtime":55},"epoch":15,"best_epoch":12,"best_train_loss":0.37750205855042535,"val_accuracy":0.8393333333333334,"best_train_accuracy":0.8726666666666667,"train_loss":0.3623949310280924,"_step":15,"best_val_loss":0.42236552893338514,"_runtime":55.869063,"_timestamp":1.7412586258457837e+09}