{"val_loss":0.44507973928314254,"train_accuracy":0.846037037037037,"best_val_accuracy":0.8398333333333333,"_wandb":{"runtime":173},"best_train_loss":0.44938665978895403,"best_train_accuracy":0.842,"val_accuracy":0.8381666666666666,"best_epoch":8,"_step":10,"best_val_loss":0.4442260443003869,"train_loss":0.43991413082202346,"_runtime":173.0868974,"epoch":10,"_timestamp":1.741369790059696e+09}