{"_timestamp":1.7413625020940933e+09,"best_train_accuracy":0.8728703703703704,"_runtime":103.6879219,"train_accuracy":0.8728703703703704,"val_accuracy":0.8665,"train_loss":0.35475520270548,"best_val_accuracy":0.8665,"_step":10,"epoch":10,"best_epoch":9,"best_val_loss":0.3692595900309072,"best_train_loss":0.35475520270548,"_wandb":{"runtime":103},"val_loss":0.3692595900309072}