{"best_val_loss":0.3074325154553798,"val_loss":0.3074325154553798,"val_accuracy":0.8961666666666667,"_wandb":{"runtime":23},"train_accuracy":0.9275555555555556,"best_epoch":19,"train_loss":0.19396024549903507,"best_val_accuracy":0.8961666666666667,"_timestamp":1.7413960857865975e+09,"best_train_loss":0.19396024549903507,"epoch":20,"_runtime":23.8972674,"best_train_accuracy":0.9275555555555556,"_step":20}