{"train_loss":0.15430533073598107,"_wandb":{"runtime":54},"_runtime":54.6786916,"val_accuracy":0.8871666666666667,"best_val_loss":0.3143889746249841,"val_loss":0.3586456251534926,"best_train_loss":0.20200482553899757,"best_train_accuracy":0.9235740740740741,"_timestamp":1.7413967319488156e+09,"best_epoch":12,"_step":20,"train_accuracy":0.941462962962963,"best_val_accuracy":0.8908333333333334,"epoch":20}