{"best_train_accuracy":0.9392962962962963,"_step":20,"val_loss":0.3401541077352745,"best_epoch":18,"_wandb":{"runtime":32},"best_val_accuracy":0.8948333333333334,"train_loss":0.1555891239462974,"_runtime":32.16062,"_timestamp":1.7414099864987612e+09,"train_accuracy":0.941462962962963,"best_train_loss":0.161967376908039,"val_accuracy":0.8926666666666667,"epoch":20,"best_val_loss":0.3291519507853652}