{"_wandb":{"runtime":138},"_step":12,"train_accuracy":0.9015555555555556,"test_loss":0.19179106375281027,"test_accuracy":0.8776,"val_accuracy":0.883,"train_loss":0.15809854540579005,"_runtime":138.0188608,"epoch":10,"_timestamp":1.7414607597497046e+09,"best_train_loss":0.16729690691482835,"confusion_matrix":{"path":"media/plotly/confusion_matrix_12_5af5f191a6cd3cf263f3.plotly.json","_type":"plotly-file","sha256":"5af5f191a6cd3cf263f331581b37898c0624fdf8b4aae8d2d146d7bb53d3c272","size":28779},"best_val_loss":0.1856471867553426,"val_loss":0.18370922050023786,"best_val_accuracy":0.8845,"best_epoch":7,"best_train_accuracy":0.8955185185185185}