{"best_val_loss":0.3715936328642648,"_wandb":{"runtime":12},"epoch":10,"train_accuracy":0.8784814814814815,"_timestamp":1.7413667414937127e+09,"best_epoch":6,"best_train_accuracy":0.8761666666666666,"_step":10,"train_loss":0.3498204871934816,"best_train_loss":0.35459135709665274,"val_loss":0.435368883353654,"val_accuracy":0.8671666666666666,"best_val_accuracy":0.876,"_runtime":12.3515301}