{"_wandb":{"runtime":21},"best_train_loss":0.4345974096718808,"_runtime":21.3527918,"train_loss":0.4345974096718808,"_step":15,"val_loss":0.43721198590438143,"best_val_accuracy":0.8481666666666666,"_timestamp":1.741275770350412e+09,"best_epoch":14,"train_accuracy":0.8473703703703703,"best_train_accuracy":0.8473703703703703,"best_val_loss":0.43721198590438143,"val_accuracy":0.8481666666666666,"epoch":15}