{"best_train_loss":0.16902852729981216,"val_accuracy":0.8828333333333334,"_runtime":46.4518582,"_timestamp":1.7413991348219392e+09,"_wandb":{"runtime":46},"val_loss":0.358602357411517,"epoch":20,"best_val_accuracy":0.8936666666666667,"train_accuracy":0.9360740740740741,"best_epoch":18,"_step":20,"train_loss":0.16687287462539774,"best_train_accuracy":0.9349814814814815,"best_val_loss":0.31994128577678965}