{"epoch":20,"val_accuracy":0.8895,"_wandb":{"runtime":18},"best_val_loss":0.31578685879729895,"_step":20,"val_loss":0.3220385886094661,"best_train_accuracy":0.9292592592592592,"best_val_accuracy":0.8923333333333333,"train_accuracy":0.9337222222222222,"best_epoch":17,"_runtime":18.1966567,"best_train_loss":0.18930939032223232,"train_loss":0.1767114714414314,"_timestamp":1.7414116320333009e+09}