{"best_val_accuracy":0.8668333333333333,"best_train_loss":0.36348751655267697,"val_loss":0.3812397295242473,"_runtime":47.830628,"epoch":15,"_timestamp":1.741258218982121e+09,"best_train_accuracy":0.870462962962963,"_wandb":{"runtime":47},"train_loss":0.35753251443056283,"train_accuracy":0.8728518518518519,"val_accuracy":0.8646666666666667,"_step":15,"best_epoch":13,"best_val_loss":0.37851229775268785}