{"_timestamp":1.7412605772184532e+09,"best_val_accuracy":0.8546666666666667,"best_train_accuracy":0.8563148148148149,"val_accuracy":0.8521666666666666,"_runtime":25.9184163,"train_loss":0.40548997689884336,"best_epoch":13,"_step":15,"_wandb":{"runtime":25},"epoch":15,"best_val_loss":0.41664445403609496,"val_loss":0.41403251239731903,"train_accuracy":0.8590555555555556,"best_train_loss":0.41264172594600224}