{"train_loss":0.3390645050956538,"train_accuracy":0.8770185185185185,"val_loss":0.41401709189680636,"_step":15,"_timestamp":1.741265904360368e+09,"best_train_accuracy":0.8753148148148148,"best_val_accuracy":0.8713333333333333,"_wandb":{"runtime":59},"val_accuracy":0.8463333333333334,"best_epoch":13,"best_train_loss":0.34223827754591785,"best_val_loss":0.3558864451903115,"epoch":15,"_runtime":59.635088}