{"_step":10,"best_val_loss":0.36408948310795725,"train_loss":0.34868720119613583,"_timestamp":1.7413665743512175e+09,"best_epoch":8,"train_accuracy":0.8773518518518518,"_wandb":{"runtime":16},"_runtime":16.6748591,"epoch":10,"val_accuracy":0.8701666666666666,"best_train_accuracy":0.8752222222222222,"best_train_loss":0.3565434312793861,"val_loss":0.3643559830187769,"best_val_accuracy":0.8731666666666666}