{"val_loss":0.7766754200656137,"best_train_accuracy":0.8348333333333333,"best_val_loss":0.552368703077885,"_wandb":{"runtime":70},"train_accuracy":0.8430740740740741,"val_accuracy":0.8168333333333333,"epoch":15,"_timestamp":1.7412574476443043e+09,"best_epoch":8,"train_loss":0.604795560590543,"best_train_loss":0.6431388130268256,"_step":15,"best_val_accuracy":0.856,"_runtime":70.4831144}