{"_step":10,"val_accuracy":0.33716666666666667,"best_val_accuracy":0.38616666666666666,"_runtime":16.1710176,"_wandb":{"runtime":16},"best_epoch":7,"best_train_loss":2.2898811603918396,"val_loss":2.2971254362209286,"epoch":10,"train_accuracy":0.36553703703703705,"best_val_loss":2.291867401264156,"best_train_accuracy":0.3957962962962963,"train_loss":2.295963425910848,"_timestamp":1.7413607422645507e+09}