{"best_train_accuracy":0.9242592592592592,"_timestamp":1.7413916930017793e+09,"best_val_loss":0.3136055335244001,"val_loss":0.33776769043329563,"epoch":20,"best_train_loss":0.20525271578639775,"train_accuracy":0.9281296296296296,"best_epoch":17,"_wandb":{"runtime":23},"train_loss":0.19364524022014,"best_val_accuracy":0.8903333333333333,"_step":20,"val_accuracy":0.8805,"_runtime":23.9710547}