{"val_loss":0.3154439996067284,"best_train_accuracy":0.9387037037037037,"val_accuracy":0.8926666666666667,"best_val_loss":0.31414911275576135,"epoch":20,"_wandb":{"runtime":24},"train_loss":0.16020859190640266,"_step":20,"best_val_accuracy":0.8943333333333333,"_timestamp":1.7413947887164977e+09,"best_epoch":18,"_runtime":24.4337723,"train_accuracy":0.9406111111111111,"best_train_loss":0.16584581483421856}