{"best_epoch":8,"val_accuracy":0.8803333333333333,"_runtime":10.482019,"best_val_accuracy":0.882,"_step":10,"train_accuracy":0.8942962962962963,"val_loss":0.3383106085781371,"best_val_loss":0.33703405551146415,"train_loss":0.29271528513803946,"best_train_accuracy":0.8911481481481481,"_wandb":{"runtime":10},"_timestamp":1.7413654001637642e+09,"best_train_loss":0.2997877339831633,"epoch":10}