{"val_loss":0.35604618118308184,"_wandb":{"runtime":46},"best_train_loss":0.1846809918442605,"best_val_loss":0.32509936533330613,"best_epoch":16,"train_accuracy":0.9381111111111111,"_runtime":46.0391312,"epoch":20,"best_train_accuracy":0.930074074074074,"_timestamp":1.7413746767643833e+09,"train_loss":0.16487797741027524,"_step":20,"best_val_accuracy":0.8968333333333334,"val_accuracy":0.8893333333333333}