{"val_accuracy":0.8661666666666666,"_runtime":19.9108261,"best_val_loss":0.3996882271563078,"_timestamp":1.7413666569485743e+09,"train_loss":0.4009216476774765,"best_train_loss":0.37641323789762166,"epoch":10,"best_epoch":3,"train_accuracy":0.870537037037037,"val_loss":0.4231008797782735,"best_val_accuracy":0.87,"_step":10,"_wandb":{"runtime":19},"best_train_accuracy":0.8709444444444444}