{"best_val_loss":0.37104389416759,"best_train_accuracy":0.8726296296296296,"_step":10,"best_val_accuracy":0.8651666666666666,"best_epoch":9,"val_accuracy":0.8651666666666666,"epoch":10,"_timestamp":1.7413659080812662e+09,"val_loss":0.37104389416759,"_runtime":20.7516192,"_wandb":{"runtime":20},"best_train_loss":0.3605433309450366,"train_loss":0.3605433309450366,"train_accuracy":0.8726296296296296}