{"best_train_accuracy":0.9228888888888889,"val_accuracy":0.8798333333333334,"best_train_loss":0.20975891861255389,"epoch":20,"best_val_accuracy":0.8881666666666667,"_step":20,"val_loss":0.3648344306994287,"best_epoch":17,"_runtime":59.9718239,"train_loss":0.19960937885899685,"train_accuracy":0.9273518518518519,"_timestamp":1.741373520243687e+09,"_wandb":{"runtime":60},"best_val_loss":0.3513438647620955}