{"test_accuracy":0.8586,"_step":7,"val_loss":0.21868748905968766,"best_train_loss":0.22439273628284576,"best_val_accuracy":0.8601666666666666,"val_accuracy":0.8601666666666666,"best_train_accuracy":0.8557407407407407,"train_loss":0.20123950610605237,"test_loss":0.22621428459774476,"_runtime":93.0330353,"_wandb":{"runtime":93},"confusion_matrix":{"size":28802,"path":"media/plotly/confusion_matrix_7_c283e9c9a652ddf5105a.plotly.json","_type":"plotly-file","sha256":"c283e9c9a652ddf5105a4af2a64485bec3026ee158189009a3edb80176c9721e"},"best_val_loss":0.21858529702329713,"epoch":5,"train_accuracy":0.8707592592592592,"best_epoch":1,"_timestamp":1.741450585075375e+09}