{"best_val_accuracy":0.8915,"train_accuracy":0.9408333333333333,"_timestamp":1.741391258876038e+09,"_runtime":19.5102823,"best_epoch":19,"val_accuracy":0.8915,"best_val_loss":0.35074438572979066,"epoch":20,"val_loss":0.35074438572979066,"_wandb":{"runtime":19},"train_loss":0.16047554473097558,"_step":20,"best_train_loss":0.16047554473097558,"best_train_accuracy":0.9408333333333333}