{"best_epoch":14,"epoch":15,"train_accuracy":0.8396851851851852,"_runtime":20.278179,"train_loss":0.45916945690792665,"best_val_accuracy":0.8296666666666667,"val_loss":0.4654160871792113,"best_train_accuracy":0.8396851851851852,"_timestamp":1.741252399200128e+09,"best_val_loss":0.4654160871792113,"_step":15,"val_accuracy":0.8296666666666667,"_wandb":{"runtime":20},"best_train_loss":0.45916945690792665}