{"best_train_accuracy":0.9309074074074074,"best_train_loss":0.1816327308751937,"_timestamp":1.741406362408793e+09,"_runtime":23.7617364,"epoch":20,"best_epoch":19,"_step":20,"val_loss":0.3134628953725571,"val_accuracy":0.8958333333333334,"train_loss":0.1816327308751937,"_wandb":{"runtime":23},"best_val_accuracy":0.8958333333333334,"best_val_loss":0.3134628953725571,"train_accuracy":0.9309074074074074}