{"_wandb":{"runtime":32},"_timestamp":1.7413899540512946e+09,"val_loss":0.34785259917302436,"train_accuracy":0.9417037037037037,"best_train_loss":0.16529847693554403,"train_loss":0.15402360178638996,"epoch":20,"best_train_accuracy":0.9378888888888889,"val_accuracy":0.889,"_runtime":32.9536884,"best_val_accuracy":0.8968333333333334,"best_epoch":17,"best_val_loss":0.3347792892056667,"_step":20}