{"_wandb":{"runtime":28},"val_loss":0.3355943861195318,"train_loss":0.287783308820331,"_runtime":28.3840601,"best_train_accuracy":0.893462962962963,"_timestamp":1.7414006644276469e+09,"best_val_accuracy":0.8771666666666667,"_step":20,"best_epoch":17,"epoch":20,"val_accuracy":0.8755,"best_train_loss":0.2964375827770153,"train_accuracy":0.8956666666666667,"best_val_loss":0.3408114922235617}