{"best_train_accuracy":0.9308333333333333,"val_accuracy":0.8945,"best_train_loss":0.18388854311732486,"_step":20,"_wandb":{"runtime":27},"_timestamp":1.741409703291684e+09,"train_loss":0.18388854311732486,"train_accuracy":0.9308333333333333,"_runtime":27.0243957,"best_val_loss":0.31077442356641544,"val_loss":0.31077442356641544,"best_val_accuracy":0.8945,"epoch":20,"best_epoch":19}