{"best_val_loss":0.3778922968921098,"val_loss":0.3784890704410785,"train_accuracy":0.8807592592592592,"epoch":15,"_wandb":{"runtime":77},"val_accuracy":0.8656666666666667,"_timestamp":1.741267213853615e+09,"best_epoch":13,"train_loss":0.34153037032109024,"best_train_loss":0.34430025903217193,"best_train_accuracy":0.8793888888888889,"_runtime":76.9703586,"best_val_accuracy":0.8698333333333333,"_step":15}