{"train_accuracy":0.8139259259259259,"_step":15,"_wandb":{"runtime":42},"best_epoch":5,"train_loss":0.808427546556762,"best_train_accuracy":0.825925925925926,"best_val_accuracy":0.844,"_timestamp":1.7412522925240378e+09,"best_train_loss":0.6606090801036443,"val_loss":0.8927284468196521,"epoch":15,"best_val_loss":0.5847367432189917,"val_accuracy":0.7838333333333334,"_runtime":42.0223058}