{"best_val_loss":0.319317855122583,"train_accuracy":0.9386111111111111,"epoch":20,"_runtime":40.9132421,"_wandb":{"runtime":40},"best_epoch":16,"best_val_accuracy":0.8933333333333333,"best_train_loss":0.18322534231977777,"train_loss":0.16607375789195594,"best_train_accuracy":0.9313703703703704,"_timestamp":1.7413948381433692e+09,"val_accuracy":0.8891666666666667,"_step":20,"val_loss":0.3377203601416916}