{"best_val_accuracy":0.8918333333333334,"_wandb":{"runtime":24},"epoch":20,"val_accuracy":0.89,"best_val_loss":0.32621029388268974,"_runtime":24.0803175,"val_loss":0.3434810762057488,"train_loss":0.16378440772337985,"_timestamp":1.7413923586004062e+09,"best_epoch":16,"train_accuracy":0.9388333333333333,"best_train_loss":0.179342171439428,"_step":20,"best_train_accuracy":0.9335740740740741}