{"best_train_loss":0.18420854634592207,"_runtime":41.1232042,"best_train_accuracy":0.9318888888888889,"_timestamp":1.7414004974153183e+09,"best_val_accuracy":0.8953333333333333,"_step":20,"epoch":20,"best_epoch":14,"train_loss":0.14852548707877808,"_wandb":{"runtime":41},"val_accuracy":0.8848333333333334,"val_loss":0.3561878836856746,"best_val_loss":0.31674132063118504,"train_accuracy":0.9451481481481482}