{"train_accuracy":0.9112407407407408,"best_val_accuracy":0.8871666666666667,"best_train_accuracy":0.9074074074074074,"val_accuracy":0.8805,"val_loss":0.371062570684112,"best_val_loss":0.335955796739282,"best_train_loss":0.2544670254816524,"epoch":20,"best_epoch":13,"_wandb":{"runtime":59},"train_loss":0.2411286428880186,"_timestamp":1.741395597179161e+09,"_runtime":59.543337,"_step":20}