{"best_val_loss":0.6366389175577059,"epoch":15,"train_loss":1.3780507781173386,"train_accuracy":0.6023888888888889,"val_accuracy":0.5841666666666666,"best_train_loss":0.8189488885233335,"_runtime":97.2943435,"val_loss":1.1413510708389027,"best_epoch":9,"_step":15,"best_train_accuracy":0.8136296296296296,"_timestamp":1.7412643252328146e+09,"_wandb":{"runtime":97},"best_val_accuracy":0.8343333333333334}