{"test_accuracy":0.8527,"_wandb":{"runtime":15},"_runtime":15.9251156,"train_loss":0.20293089877164086,"test_loss":0.21857275135000878,"confusion_matrix":{"_type":"plotly-file","sha256":"b96e3bc442420e0efba3d244acd7669f7047e5858090b4eeff9625d54eef0cc3","size":28797,"path":"media/plotly/confusion_matrix_7_b96e3bc442420e0efba3.plotly.json"},"_timestamp":1.7414483226217966e+09,"val_loss":0.2074869699558459,"train_accuracy":0.8669814814814815,"epoch":5,"val_accuracy":0.8658333333333333,"best_train_accuracy":0.8669814814814815,"_step":7,"best_val_loss":0.2074869699558459,"best_epoch":4,"best_train_loss":0.20293089877164086,"best_val_accuracy":0.8658333333333333}