{"best_val_accuracy":0.8931666666666667,"_step":20,"best_train_loss":0.14757107669443134,"best_epoch":19,"epoch":20,"best_train_accuracy":0.9444444444444444,"train_loss":0.14757107669443134,"train_accuracy":0.9444444444444444,"_wandb":{"runtime":48},"_timestamp":1.7413746246632838e+09,"val_accuracy":0.8931666666666667,"_runtime":48.0015508,"best_val_loss":0.3428775038843323,"val_loss":0.3428775038843323}