{"best_val_loss":0.3254921767622869,"best_train_loss":0.22473895121882728,"best_val_accuracy":0.888,"_runtime":28.9738896,"_step":20,"_wandb":{"runtime":29},"best_train_accuracy":0.9156851851851852,"best_epoch":16,"train_loss":0.2037439124711194,"val_accuracy":0.8841666666666667,"val_loss":0.33338603621582197,"epoch":20,"_timestamp":1.7413820954345806e+09,"train_accuracy":0.9231481481481482}