{"epoch":5,"_timestamp":1.7413647230784848e+09,"train_accuracy":0.8804814814814815,"best_train_loss":0.3260713605612233,"train_loss":0.3260713605612233,"best_train_accuracy":0.8804814814814815,"_wandb":{"runtime":6},"val_accuracy":0.8753333333333333,"best_val_loss":0.35639337543711813,"best_epoch":4,"_runtime":6.0227687,"_step":5,"val_loss":0.35639337543711813,"best_val_accuracy":0.8753333333333333}