{"_step":20,"epoch":20,"best_val_loss":0.3223658191106646,"val_loss":0.3276020214322224,"best_epoch":18,"_wandb":{"runtime":56},"train_accuracy":0.9410555555555555,"_timestamp":1.7414639197475367e+09,"train_loss":0.1571987405370997,"best_val_accuracy":0.894,"_runtime":56.3864877,"val_accuracy":0.8913333333333333,"best_train_loss":0.16418792823748374,"best_train_accuracy":0.9383518518518519}