{"best_epoch":12,"best_val_accuracy":0.8926666666666667,"train_loss":0.15735224106822965,"_runtime":33.0050461,"_timestamp":1.7413994419335308e+09,"best_val_loss":0.31339164563493305,"val_loss":0.3418260879791833,"_step":20,"best_train_loss":0.2021342279548651,"_wandb":{"runtime":33},"train_accuracy":0.9412037037037037,"epoch":20,"best_train_accuracy":0.9242037037037037,"val_accuracy":0.8895}