{"train_loss":0.17927988396152714,"train_accuracy":0.9323888888888889,"_step":20,"best_epoch":13,"best_train_accuracy":0.9184629629629629,"best_train_loss":0.2150790407387761,"val_accuracy":0.8863333333333333,"val_loss":0.38789835674703077,"best_val_accuracy":0.894,"_runtime":21.3520974,"_wandb":{"runtime":21},"epoch":20,"_timestamp":1.7414010557698984e+09,"best_val_loss":0.31465486713159757}