{"train_accuracy":0.9416851851851852,"best_train_loss":0.16551853342827846,"val_accuracy":0.8893333333333333,"best_train_accuracy":0.9383148148148148,"best_val_loss":0.3196844618388181,"epoch":20,"best_val_accuracy":0.8958333333333334,"best_epoch":18,"val_loss":0.33335483120557396,"_wandb":{"runtime":24},"train_loss":0.15803007444864678,"_runtime":24.0202515,"_timestamp":1.7413904203170457e+09,"_step":20}