{"best_epoch":14,"train_loss":0.173617475690652,"val_accuracy":0.8848333333333334,"best_train_loss":0.21527737690110585,"_runtime":26.8574737,"best_val_loss":0.3219524899918974,"best_train_accuracy":0.9192407407407407,"best_val_accuracy":0.8896666666666667,"val_loss":0.33161169967161935,"_wandb":{"runtime":26},"epoch":20,"_step":20,"_timestamp":1.7414096009486747e+09,"train_accuracy":0.9345}