{"_runtime":19.3574022,"val_loss":0.33268138296461336,"train_accuracy":0.9384074074074074,"best_val_accuracy":0.895,"best_val_loss":0.3214765657592952,"epoch":20,"train_loss":0.16719655003641598,"val_accuracy":0.8926666666666667,"_wandb":{"runtime":19},"_step":20,"best_train_loss":0.19130832480050755,"_timestamp":1.741410632051084e+09,"best_train_accuracy":0.9288888888888889,"best_epoch":15}