{"_step":20,"epoch":20,"val_loss":0.3399448488236463,"_timestamp":1.7413858472858646e+09,"train_accuracy":0.9411666666666667,"val_accuracy":0.8935,"best_val_accuracy":0.8973333333333333,"best_train_loss":0.19584689641722722,"best_val_loss":0.312508588137329,"_runtime":32.3861786,"train_loss":0.15528440041105254,"_wandb":{"runtime":32},"best_train_accuracy":0.926962962962963,"best_epoch":13}