{"best_train_loss":0.32633265936055417,"train_loss":0.32633265936055417,"best_epoch":14,"_wandb":{"runtime":36},"_timestamp":1.7412657278089614e+09,"best_train_accuracy":0.8841666666666667,"val_loss":0.34108120735372743,"_runtime":36.3803911,"val_accuracy":0.8753333333333333,"train_accuracy":0.8841666666666667,"best_val_loss":0.34108120735372743,"_step":15,"epoch":15,"best_val_accuracy":0.8753333333333333}