{"best_epoch":12,"train_loss":0.3387454159747593,"_runtime":30.3657857,"best_val_accuracy":0.8671666666666666,"val_loss":0.3670837002455456,"_step":15,"best_val_loss":0.3722247377586772,"_timestamp":1.7412530060774975e+09,"_wandb":{"runtime":30},"best_train_loss":0.34660449037656416,"epoch":15,"val_accuracy":0.8663333333333333,"best_train_accuracy":0.8756851851851852,"train_accuracy":0.8781296296296296}