{"_runtime":28.3148847,"val_loss":0.3384908067914121,"train_loss":0.15533709175174998,"epoch":20,"best_val_accuracy":0.8953333333333333,"_step":20,"_wandb":{"runtime":28},"train_accuracy":0.9425925925925925,"best_train_accuracy":0.9239074074074074,"best_val_loss":0.3031852172042804,"val_accuracy":0.8925,"_timestamp":1.7413804688104634e+09,"best_train_loss":0.20260883553245942,"best_epoch":12}