{"best_train_loss":0.17163714064884372,"train_loss":0.15855874077611581,"_runtime":27.6076636,"train_accuracy":0.9399814814814815,"_step":20,"val_accuracy":0.8903333333333333,"best_epoch":17,"best_val_accuracy":0.8935,"best_val_loss":0.3265890489076355,"_timestamp":1.741406632705094e+09,"epoch":20,"best_train_accuracy":0.9352222222222222,"_wandb":{"runtime":27},"val_loss":0.3338769590237477}