{"best_epoch":16,"_timestamp":1.741377694832082e+09,"train_loss":0.15979243593241882,"_step":20,"epoch":20,"val_loss":0.33828642398093656,"_wandb":{"runtime":23},"best_train_loss":0.17843162285056874,"val_accuracy":0.8905,"_runtime":23.863508,"best_train_accuracy":0.9339259259259259,"train_accuracy":0.9422592592592592,"best_val_loss":0.31867051950351555,"best_val_accuracy":0.8933333333333333}