{"val_loss":0.35336403313569476,"_runtime":55.622182,"val_accuracy":0.8898333333333334,"_timestamp":1.741386297470402e+09,"epoch":20,"_step":20,"best_val_accuracy":0.8923333333333333,"best_train_accuracy":0.9303333333333333,"_wandb":{"runtime":55},"best_epoch":14,"train_accuracy":0.942462962962963,"train_loss":0.1525544875361313,"best_val_loss":0.319658346547216,"best_train_loss":0.1835852446808609}