{"_runtime":39.4072854,"epoch":20,"best_val_loss":0.3141758037743087,"_timestamp":1.741394542534263e+09,"best_train_accuracy":0.9268888888888889,"best_epoch":14,"_step":20,"best_val_accuracy":0.8918333333333334,"train_loss":0.16207915017234895,"_wandb":{"runtime":39},"train_accuracy":0.9386296296296296,"val_accuracy":0.8833333333333333,"val_loss":0.3484075497028451,"best_train_loss":0.19334796814172778}