{"epoch":5,"best_val_loss":0.3468973284490705,"best_epoch":2,"train_accuracy":0.8810185185185185,"best_val_accuracy":0.8711666666666666,"_wandb":{"runtime":7},"val_accuracy":0.8696666666666667,"train_loss":0.3259864903825307,"best_train_accuracy":0.8684259259259259,"_timestamp":1.7413646170706975e+09,"val_loss":0.3424893797219343,"best_train_loss":0.3628260070730782,"_step":5,"_runtime":7.7651346}