{"train_loss":0.1681585157301024,"_runtime":41.9984247,"val_accuracy":0.8921666666666667,"epoch":20,"best_train_loss":0.1681585157301024,"_step":20,"_timestamp":1.7414045207395167e+09,"best_epoch":19,"best_train_accuracy":0.9373703703703704,"best_val_loss":0.3388322202296531,"train_accuracy":0.9373703703703704,"val_loss":0.3388322202296531,"best_val_accuracy":0.8921666666666667,"_wandb":{"runtime":42}}