{"best_val_accuracy":0.8906666666666667,"_timestamp":1.7413768146257854e+09,"best_train_accuracy":0.9121666666666667,"_step":20,"val_loss":0.3254296585518752,"_runtime":31.1359174,"val_accuracy":0.8868333333333334,"best_train_loss":0.23364619667023004,"best_epoch":11,"_wandb":{"runtime":31},"epoch":20,"train_accuracy":0.9334814814814815,"train_loss":0.17570088988896995,"best_val_loss":0.3096401232209074}