{"best_epoch":4,"_runtime":10.7647504,"_timestamp":1.7413678173759155e+09,"val_accuracy":0.8516666666666667,"best_train_loss":0.42818253565405257,"val_loss":0.4249122722348889,"best_val_loss":0.4249122722348889,"best_train_accuracy":0.8491296296296297,"train_accuracy":0.8491296296296297,"_step":5,"train_loss":0.42818253565405257,"_wandb":{"runtime":10},"best_val_accuracy":0.8516666666666667,"epoch":5}