{"_timestamp":1.7412654718558488e+09,"train_accuracy":0.8883333333333333,"best_epoch":14,"_step":15,"best_val_loss":0.35633271042658743,"val_loss":0.35633271042658743,"val_accuracy":0.8766666666666667,"epoch":15,"best_train_accuracy":0.8883333333333333,"train_loss":0.32241628177671094,"best_val_accuracy":0.8766666666666667,"best_train_loss":0.32241628177671094,"_runtime":76.4575528,"_wandb":{"runtime":76}}