{"_runtime":18.3705548,"_timestamp":1.7413763219538457e+09,"train_accuracy":0.9314074074074075,"val_loss":0.3491041204378298,"best_epoch":19,"epoch":20,"best_train_accuracy":0.9314074074074075,"best_val_accuracy":0.8916666666666667,"train_loss":0.17861824708861931,"_wandb":{"runtime":18},"val_accuracy":0.8916666666666667,"best_val_loss":0.3491041204378298,"_step":20,"best_train_loss":0.17861824708861931}