{"_wandb":{"runtime":28},"_timestamp":1.7413885387226744e+09,"best_val_accuracy":0.8973333333333333,"best_train_accuracy":0.9331481481481482,"val_loss":0.33786552301692263,"val_accuracy":0.888,"best_val_loss":0.3074233291369442,"_runtime":28.9498284,"best_epoch":15,"train_loss":0.1539525141336137,"epoch":20,"train_accuracy":0.9423703703703704,"_step":20,"best_train_loss":0.17901243740149853}