{"val_accuracy":0.876,"best_val_accuracy":0.876,"_runtime":287.4165747,"_timestamp":1.7413676108234956e+09,"_step":10,"best_val_loss":0.34950834698467514,"_wandb":{"runtime":287},"train_accuracy":0.8821296296296296,"epoch":10,"best_epoch":9,"best_train_loss":0.33012231358602645,"val_loss":0.34950834698467514,"train_loss":0.33012231358602645,"best_train_accuracy":0.8821296296296296}