{"best_val_loss":0.3021556015444013,"val_accuracy":0.8861666666666667,"_runtime":27.991001699999998,"best_train_accuracy":0.9191296296296296,"best_epoch":15,"best_train_loss":0.21460108544486364,"_wandb":{"runtime":28},"val_loss":0.32983023614774415,"train_accuracy":0.9265,"_timestamp":1.741411401261709e+09,"best_val_accuracy":0.895,"epoch":20,"train_loss":0.192895150094145,"_step":20}