{"best_train_loss":0.17302689393829496,"val_loss":0.3588957060775723,"best_epoch":17,"best_val_loss":0.3287882496995249,"val_accuracy":0.891,"_wandb":{"runtime":19},"_step":20,"best_train_accuracy":0.9354259259259259,"train_accuracy":0.9391666666666667,"epoch":20,"best_val_accuracy":0.8951666666666667,"train_loss":0.16150455386052553,"_timestamp":1.741401539475019e+09,"_runtime":19.5550263}