{"_wandb":{"runtime":24},"best_train_accuracy":0.887462962962963,"_step":20,"epoch":20,"_timestamp":1.7413920395778363e+09,"train_loss":0.30714535570150503,"best_train_loss":0.31525143994873206,"val_accuracy":0.8776666666666667,"_runtime":24.0443362,"best_val_accuracy":0.8788333333333334,"best_epoch":17,"train_accuracy":0.890462962962963,"val_loss":0.33522378448634405,"best_val_loss":0.33731042768707803}