{"_runtime":20.1392725,"epoch":15,"best_val_loss":0.4323290437120061,"_step":15,"train_accuracy":0.8498148148148148,"best_val_accuracy":0.8453333333333334,"train_loss":0.4251307421664832,"_timestamp":1.7412696001733565e+09,"best_epoch":14,"_wandb":{"runtime":20},"val_loss":0.4323290437120061,"best_train_loss":0.4251307421664832,"val_accuracy":0.8453333333333334,"best_train_accuracy":0.8498148148148148}