{"_step":20,"best_val_accuracy":0.8933333333333333,"train_loss":0.16275358035091272,"val_loss":0.33988713948344446,"train_accuracy":0.9403333333333334,"best_train_accuracy":0.9366851851851852,"_runtime":19.1476856,"_timestamp":1.7413878977943935e+09,"best_train_loss":0.1690169230362755,"val_accuracy":0.8903333333333333,"best_epoch":18,"_wandb":{"runtime":19},"epoch":20,"best_val_loss":0.33636279152622217}