{"_step":10,"train_accuracy":0.8895,"_timestamp":1.7413663196397674e+09,"best_epoch":7,"best_train_accuracy":0.8860740740740741,"best_train_loss":0.3147238373055065,"_runtime":8.9121154,"best_val_loss":0.37032201630336226,"epoch":10,"val_accuracy":0.8706666666666667,"best_val_accuracy":0.8763333333333333,"_wandb":{"runtime":8},"train_loss":0.30734141780206253,"val_loss":0.3832769653527761}