{"_runtime":8.7733959,"val_accuracy":0.8536666666666667,"_timestamp":1.7414325264353151e+09,"epoch":1,"train_loss":0.5267821552258356,"_wandb":{"runtime":8},"_step":0,"val_loss":0.4034697824828638,"train_accuracy":0.8104444444444444}