{"val_loss":0.21154262395912588,"_runtime":45.6120062,"train_loss":0.178206579780248,"test_accuracy":0.8551,"val_accuracy":0.8571666666666666,"train_accuracy":0.8809444444444444,"_step":12,"epoch":10,"_timestamp":1.741448976360107e+09,"best_train_loss":0.18117503759789852,"_wandb":{"runtime":45},"best_val_accuracy":0.8766666666666667,"best_train_accuracy":0.8792222222222222,"best_epoch":8,"test_loss":0.21594859109259815,"best_val_loss":0.18388121195686452,"confusion_matrix":{"size":28786,"path":"media/plotly/confusion_matrix_12_fdff0b66f50c7aa1b70c.plotly.json","_type":"plotly-file","sha256":"fdff0b66f50c7aa1b70ca997faf9577cc88290042334d1ad3dea010c093c3442"}}