{"val_loss":0.5427252064385621,"val_accuracy":0.8145,"train_loss":0.5488941681327161,"epoch":15,"best_val_accuracy":0.8145,"best_epoch":14,"train_accuracy":0.8116851851851852,"best_val_loss":0.5427252064385621,"_step":15,"best_train_loss":0.5488941681327161,"best_train_accuracy":0.8116851851851852,"_wandb":{"runtime":75},"_timestamp":1.7412651853760118e+09,"_runtime":75.8456458}