{"epoch":15,"_timestamp":1.7412700070372553e+09,"train_accuracy":0.8584259259259259,"val_loss":0.4170804401186066,"best_epoch":12,"_step":15,"_runtime":36.9874102,"best_train_accuracy":0.8547962962962963,"_wandb":{"runtime":37},"val_accuracy":0.8483333333333334,"best_val_accuracy":0.8501666666666666,"best_val_loss":0.4259283360064524,"train_loss":0.4054185433106202,"best_train_loss":0.4179008076352892}