{"train_accuracy":0.9317592592592593,"best_train_loss":0.19153941595947452,"best_val_accuracy":0.8958333333333334,"_step":20,"train_loss":0.18260723076949117,"best_epoch":17,"_wandb":{"runtime":22},"val_accuracy":0.8895,"_timestamp":1.741377496606771e+09,"best_train_accuracy":0.9288518518518518,"epoch":20,"best_val_loss":0.3132670532013938,"val_loss":0.3210738940072675,"_runtime":22.8197188}