{"best_epoch":11,"train_loss":0.31521625780522433,"_timestamp":1.7412710192537217e+09,"epoch":15,"best_val_loss":0.36734229490804343,"_wandb":{"runtime":108},"best_train_accuracy":0.885425925925926,"_step":15,"val_loss":0.3755795815348346,"_runtime":107.9746015,"best_train_loss":0.32710777972251986,"best_val_accuracy":0.8741666666666666,"val_accuracy":0.8711666666666666,"train_accuracy":0.8900555555555556}