{"train_accuracy":0.8889444444444444,"_wandb":{"runtime":108},"best_train_accuracy":0.8868333333333334,"_timestamp":1.7413670920058963e+09,"val_accuracy":0.8713333333333333,"val_loss":0.376006125628316,"best_val_loss":0.3513240908325657,"best_epoch":8,"best_val_accuracy":0.8775,"train_loss":0.3088973194969039,"epoch":10,"_step":10,"_runtime":108.4061828,"best_train_loss":0.31340245617014617}