{"_step":15,"train_loss":0.35670717852113926,"val_loss":0.3781932145262635,"best_epoch":14,"epoch":15,"val_accuracy":0.8635,"best_train_accuracy":0.8727592592592592,"_wandb":{"runtime":50},"best_train_loss":0.35670717852113926,"best_val_accuracy":0.8635,"best_val_loss":0.3781932145262635,"_runtime":50.43029,"_timestamp":1.741260633785148e+09,"train_accuracy":0.8727592592592592}