{"_runtime":33.0547191,"best_train_accuracy":0.9391851851851852,"best_val_accuracy":0.899,"best_epoch":18,"epoch":20,"_wandb":{"runtime":33},"val_loss":0.3287658938682874,"_timestamp":1.7413901837413461e+09,"val_accuracy":0.8936666666666667,"train_loss":0.1574213028615858,"best_val_loss":0.3117616013943405,"_step":20,"train_accuracy":0.940037037037037,"best_train_loss":0.16365389040610834}