{"_runtime":103.2939523,"_wandb":{"runtime":103},"best_val_accuracy":0.8568333333333333,"best_epoch":12,"val_accuracy":0.856,"train_loss":0.39135759046956053,"_timestamp":1.7412765967466443e+09,"epoch":15,"best_train_accuracy":0.857925925925926,"best_train_loss":0.4055338815816508,"best_val_loss":0.40677552328586497,"_step":15,"train_accuracy":0.8626481481481482,"val_loss":0.40581926736883595}