{"best_train_loss":1.241288105623399,"best_val_loss":1.148002857614378,"best_train_accuracy":0.5934074074074074,"val_loss":1.148002857614378,"_step":10,"_wandb":{"runtime":18},"val_accuracy":0.6426666666666667,"train_accuracy":0.5934074074074074,"_runtime":18.6656102,"best_val_accuracy":0.6426666666666667,"_timestamp":1.7413638959178684e+09,"best_epoch":9,"train_loss":1.241288105623399,"epoch":10}