{"best_val_loss":0.338874309543597,"_wandb":{"runtime":24},"best_train_accuracy":0.9375,"val_loss":0.3373068763142176,"best_epoch":17,"best_train_loss":0.16977729827141355,"_step":20,"_timestamp":1.74139194351459e+09,"train_accuracy":0.9425185185185185,"epoch":20,"train_loss":0.1566772583125685,"_runtime":24.2237345,"val_accuracy":0.8896666666666667,"best_val_accuracy":0.8921666666666667}