{"best_val_accuracy":0.8926666666666667,"best_val_loss":0.3409581066049065,"best_train_loss":0.15874106355235054,"best_epoch":19,"val_loss":0.3409581066049065,"epoch":20,"train_accuracy":0.939962962962963,"val_accuracy":0.8926666666666667,"best_train_accuracy":0.939962962962963,"_wandb":{"runtime":28},"train_loss":0.15874106355235054,"_runtime":28.4808171,"_timestamp":1.741402556111324e+09,"_step":20}