{"train_accuracy":0.933962962962963,"best_train_accuracy":0.9277962962962963,"best_epoch":16,"best_train_loss":0.19043189147459014,"best_val_loss":0.3363294860135012,"_wandb":{"runtime":54},"val_loss":0.3396661420428171,"train_loss":0.17310866389525972,"val_accuracy":0.8905,"best_val_accuracy":0.8906666666666667,"epoch":20,"_runtime":54.9328815,"_timestamp":1.7414109025678515e+09,"_step":20}