{"_timestamp":1.7414480788686452e+09,"best_epoch":29,"val_loss":0.17047556521724977,"best_train_accuracy":0.9363148148148148,"_step":32,"train_accuracy":0.9363148148148148,"test_accuracy":0.891,"_wandb":{"runtime":203},"val_accuracy":0.8945,"train_loss":0.11640396921221119,"best_train_loss":0.11640396921221119,"test_loss":0.17587084106941467,"_runtime":203.3099452,"best_val_accuracy":0.8945,"epoch":30,"best_val_loss":0.17047556521724977,"confusion_matrix":{"sha256":"c2d93301045a45ce523b94393c425298d55598c2525da3d7ef5b379a1332862f","size":28786,"path":"media/plotly/confusion_matrix_32_c2d93301045a45ce523b.plotly.json","_type":"plotly-file"}}