{"best_val_accuracy":0.8776666666666667,"best_train_loss":0.3264887873834337,"train_accuracy":0.8847962962962963,"best_epoch":19,"_step":20,"_runtime":17.1513046,"_wandb":{"runtime":17},"val_accuracy":0.8776666666666667,"val_loss":0.34488318278524527,"best_train_accuracy":0.8847962962962963,"train_loss":0.3264887873834337,"epoch":20,"best_val_loss":0.34488318278524527,"_timestamp":1.7413809508167708e+09}