{"best_val_accuracy":0.8825,"best_train_accuracy":0.8896481481481482,"_timestamp":1.741367798959869e+09,"best_val_loss":0.3531027489030113,"best_epoch":7,"train_accuracy":0.8908333333333334,"val_accuracy":0.8796666666666667,"val_loss":0.38393173389183727,"epoch":10,"_step":10,"train_loss":0.3141087079774961,"best_train_loss":0.31280131910691134,"_wandb":{"runtime":20},"_runtime":20.1950983}