{"best_train_loss":0.36176615926306177,"_runtime":13.797164800000001,"_step":10,"_timestamp":1.7413677116297665e+09,"val_accuracy":0.8685,"best_val_accuracy":0.8685,"train_loss":0.36176615926306177,"best_train_accuracy":0.8758333333333334,"val_loss":0.3891486365558453,"_wandb":{"runtime":13},"best_epoch":9,"best_val_loss":0.3891486365558453,"epoch":10,"train_accuracy":0.8758333333333334}