{"_wandb":{"runtime":47},"best_train_loss":0.1630132501975105,"_timestamp":1.7413969122844086e+09,"best_epoch":17,"val_loss":0.34424837292581445,"_step":20,"train_loss":0.15102385391562967,"best_val_accuracy":0.8956666666666667,"train_accuracy":0.9432777777777778,"_runtime":47.6438514,"epoch":20,"best_train_accuracy":0.9396666666666667,"best_val_loss":0.3217889531124584,"val_accuracy":0.8916666666666667}