{"train_loss":0.16232405678648726,"val_loss":0.32521139754473477,"best_val_accuracy":0.8938333333333334,"epoch":20,"_step":20,"_runtime":41.7418219,"_wandb":{"runtime":41},"_timestamp":1.7414042962579248e+09,"best_train_loss":0.16232405678648726,"best_val_loss":0.32521139754473477,"train_accuracy":0.9388888888888889,"val_accuracy":0.8938333333333334,"best_train_accuracy":0.9388888888888889,"best_epoch":19}