{"best_train_accuracy":0.8302222222222222,"_runtime":105.7405167,"best_train_loss":0.6744155479434355,"val_loss":8.554501656727762,"train_loss":1.7584292397868369,"_wandb":{"runtime":105},"_timestamp":1.7412786736633017e+09,"train_accuracy":0.6662962962962963,"val_accuracy":0.5055,"best_epoch":3,"_step":15,"best_val_loss":0.5861655739932088,"epoch":15,"best_val_accuracy":0.8381666666666666}