{"best_val_loss":0.3220342499025888,"train_loss":0.1879160923189766,"_runtime":20.6979257,"best_train_loss":0.19883614510070252,"best_epoch":17,"epoch":20,"val_loss":0.334601631576806,"best_train_accuracy":0.9270925925925926,"val_accuracy":0.8888333333333334,"_timestamp":1.7414021381158056e+09,"best_val_accuracy":0.8901666666666667,"_wandb":{"runtime":20},"_step":20,"train_accuracy":0.9313333333333333}