{"val_loss":1.1300664395286522,"best_train_accuracy":0.8062222222222222,"val_accuracy":0.5843333333333334,"_timestamp":1.741251609941788e+09,"epoch":15,"best_epoch":3,"_step":15,"train_loss":1.5630075188512382,"best_val_loss":0.7069945510392777,"train_accuracy":0.5328148148148149,"_runtime":46.2880399,"best_train_loss":0.7164450231890931,"best_val_accuracy":0.8345,"_wandb":{"runtime":46}}