{"val_loss":0.33346812302325773,"train_accuracy":0.9417222222222222,"train_loss":0.1561891997450273,"_runtime":33.2555623,"best_val_loss":0.31786128506359274,"_wandb":{"runtime":33},"best_val_accuracy":0.8961666666666667,"_step":20,"best_epoch":17,"_timestamp":1.7413956771104593e+09,"best_train_loss":0.1650041663802657,"epoch":20,"best_train_accuracy":0.9375555555555556,"val_accuracy":0.8931666666666667}