{"val_loss":0.34334714097208296,"_timestamp":1.741373989781332e+09,"_wandb":{"runtime":34},"_step":20,"val_accuracy":0.8923333333333333,"best_val_accuracy":0.8923333333333333,"best_epoch":19,"_runtime":34.6350209,"train_accuracy":0.9312777777777778,"best_val_loss":0.34334714097208296,"train_loss":0.18304435383914386,"best_train_loss":0.18304435383914386,"epoch":20,"best_train_accuracy":0.9312777777777778}