{"_runtime":444.6953052,"_wandb":{"runtime":444},"train_loss":0.14172071942416958,"best_val_loss":0.3643222010038659,"val_accuracy":0.8915,"_step":30,"best_train_accuracy":0.9417222222222222,"best_train_loss":0.15528233257761104,"_timestamp":1.7414178471905782e+09,"best_epoch":25,"train_accuracy":0.9462407407407407,"val_loss":0.3697775638874961,"epoch":30,"best_val_accuracy":0.8965}