{"best_val_loss":0.3283804818768529,"epoch":30,"train_loss":0.06486662613106044,"confusion_matrix":{"sha256":"6830a30c3ec3a18a9015754af73fec6223f6bcf9762fe75c5a5be34a517e14de","size":28780,"path":"media/plotly/confusion_matrix_32_6830a30c3ec3a18a9015.plotly.json","_type":"plotly-file"},"val_loss":0.39696033549575965,"test_accuracy":0.8897,"test_loss":0.4121229507859806,"best_epoch":20,"best_train_accuracy":0.9547407407407408,"_step":32,"_runtime":122.247352,"val_accuracy":0.8948333333333334,"_timestamp":1.7414345410002224e+09,"best_val_accuracy":0.8971666666666667,"best_train_loss":0.12060425527540346,"_wandb":{"runtime":122},"train_accuracy":0.977462962962963}