{"val_accuracy":0.8556666666666667,"_step":15,"epoch":15,"best_train_loss":0.40020139903667984,"val_loss":0.41240612113295483,"train_loss":0.40020139903667984,"best_val_loss":0.41240612113295483,"_runtime":41.6163237,"best_val_accuracy":0.8556666666666667,"best_train_accuracy":0.8610740740740741,"best_epoch":14,"_wandb":{"runtime":41},"_timestamp":1.7412593423804147e+09,"train_accuracy":0.8610740740740741}