{"best_val_accuracy":0.8501666666666666,"_runtime":29.1788296,"_wandb":{"runtime":29},"_step":15,"best_epoch":14,"val_accuracy":0.8501666666666666,"best_train_accuracy":0.8571481481481481,"best_val_loss":0.4189174932087394,"val_loss":0.4189174932087394,"_timestamp":1.7412748387123084e+09,"best_train_loss":0.40654847610504574,"train_loss":0.40654847610504574,"epoch":15,"train_accuracy":0.8571481481481481}