{"best_epoch":18,"_step":20,"_timestamp":1.7414012954935017e+09,"best_val_accuracy":0.8936666666666667,"train_accuracy":0.9348518518518518,"best_train_accuracy":0.9310185185185185,"epoch":20,"val_accuracy":0.8876666666666667,"val_loss":0.3449940231247646,"best_val_loss":0.3205008636173776,"best_train_loss":0.18107634834677602,"train_loss":0.17501342278282767,"_runtime":42.7068836,"_wandb":{"runtime":42}}