{"epoch":15,"train_accuracy":0.8790740740740741,"best_val_loss":0.3613943210759788,"_wandb":{"runtime":29},"train_loss":0.34121665991840555,"val_loss":0.3613943210759788,"_timestamp":1.7412721360734866e+09,"best_train_accuracy":0.8790740740740741,"_step":15,"best_epoch":14,"best_train_loss":0.34121665991840555,"best_val_accuracy":0.8691666666666666,"val_accuracy":0.8691666666666666,"_runtime":29.5901937}