{"epoch":15,"val_accuracy":0.8691666666666666,"val_loss":0.35952879370284024,"best_epoch":14,"_wandb":{"runtime":64},"train_accuracy":0.8785925925925926,"_step":15,"train_loss":0.3421118117765509,"_timestamp":1.7412711459682817e+09,"best_val_accuracy":0.8691666666666666,"best_train_loss":0.3421118117765509,"_runtime":64.8893358,"best_val_loss":0.35952879370284024,"best_train_accuracy":0.8785925925925926}