{"best_epoch":12,"train_accuracy":0.8871296296296296,"val_accuracy":0.8703333333333333,"best_train_loss":0.3264157803883064,"epoch":15,"best_val_loss":0.36448121807198086,"_runtime":38.317894,"best_train_accuracy":0.8839444444444444,"val_loss":0.36559542203565487,"_step":15,"_wandb":{"runtime":38},"best_val_accuracy":0.8706666666666667,"train_loss":0.3156816158813447,"_timestamp":1.741277741648764e+09}