{"best_epoch":13,"_runtime":36.7480387,"val_loss":0.520306942942778,"best_train_accuracy":0.8191666666666667,"_step":15,"best_val_loss":0.5302861371140979,"train_accuracy":0.8217037037037037,"best_train_loss":0.539636148228926,"best_val_accuracy":0.8186666666666667,"epoch":15,"_timestamp":1.7412520839410143e+09,"val_accuracy":0.8165,"_wandb":{"runtime":36},"train_loss":0.5271281198502813}