{"best_val_loss":0.31042839198849775,"_step":20,"val_accuracy":0.8893333333333333,"epoch":20,"best_epoch":12,"best_val_accuracy":0.8926666666666667,"train_accuracy":0.9332962962962963,"val_loss":0.3374914271772032,"_wandb":{"runtime":27},"best_train_accuracy":0.9180555555555555,"_timestamp":1.7413972022223434e+09,"train_loss":0.18140379759367986,"_runtime":27.8960185,"best_train_loss":0.2206370358184959}