{"_step":20,"_timestamp":1.7413941817410398e+09,"best_train_accuracy":0.9105185185185185,"best_val_accuracy":0.8915,"epoch":20,"train_loss":0.1855865657780271,"best_val_loss":0.30565352266396434,"val_loss":0.33684741877416713,"val_accuracy":0.8908333333333334,"_wandb":{"runtime":31},"best_epoch":11,"_runtime":31.4977868,"best_train_loss":0.23947204990986218,"train_accuracy":0.9295740740740741}