{"best_val_loss":0.31456067577792357,"train_loss":0.19275861736748018,"epoch":20,"_timestamp":1.7413884770866046e+09,"val_loss":0.33758080588145906,"_runtime":20.9312705,"_step":20,"_wandb":{"runtime":20},"train_accuracy":0.9286111111111112,"best_train_accuracy":0.9192962962962963,"best_epoch":14,"best_val_accuracy":0.8911666666666667,"best_train_loss":0.2200294796532379,"val_accuracy":0.8811666666666667}