{"best_train_loss":0.18984614092558,"best_train_accuracy":0.9290555555555555,"_timestamp":1.7413876673477423e+09,"best_val_accuracy":0.8935,"_wandb":{"runtime":28},"_runtime":28.2645301,"val_loss":0.3326647296776932,"val_accuracy":0.8908333333333334,"_step":20,"best_val_loss":0.31475256251762135,"train_loss":0.15823423172611198,"epoch":20,"train_accuracy":0.9413333333333334,"best_epoch":14}