{"train_accuracy":0.940462962962963,"_timestamp":1.741384379728299e+09,"epoch":20,"best_val_loss":0.324525353641124,"_wandb":{"runtime":32},"_step":20,"best_epoch":15,"val_accuracy":0.8928333333333334,"val_loss":0.3349780071120417,"best_train_accuracy":0.9308148148148148,"best_train_loss":0.1823835524835855,"train_loss":0.15868752161790053,"best_val_accuracy":0.8928333333333334,"_runtime":32.576636}