{"best_epoch":18,"_timestamp":1.7413906972985342e+09,"epoch":20,"train_loss":0.1594107858105267,"_step":20,"best_train_accuracy":0.9388518518518518,"best_val_loss":0.32290428319394154,"best_train_loss":0.16459036410414907,"best_val_accuracy":0.8911666666666667,"_runtime":23.9909808,"val_accuracy":0.8885,"val_loss":0.33510543382346336,"_wandb":{"runtime":24},"train_accuracy":0.9413703703703704}