{"best_train_loss":0.3045497853945013,"val_loss":0.3395811784884877,"train_accuracy":0.8921851851851852,"train_loss":0.3045497853945013,"_timestamp":1.741373374599361e+09,"_step":20,"best_val_accuracy":0.882,"val_accuracy":0.882,"_wandb":{"runtime":18},"epoch":20,"best_epoch":19,"best_val_loss":0.3395811784884877,"_runtime":18.129186699999998,"best_train_accuracy":0.8921851851851852}