{"train_accuracy":0.9059814814814815,"_runtime":32.387757,"_wandb":{"runtime":32},"val_loss":0.3603037490217929,"_step":20,"best_train_loss":0.26262284484159987,"best_epoch":19,"best_train_accuracy":0.9059814814814815,"val_accuracy":0.8766666666666667,"_timestamp":1.7413730847644181e+09,"best_val_accuracy":0.8766666666666667,"train_loss":0.26262284484159987,"best_val_loss":0.3603037490217929,"epoch":20}