{"train_accuracy":0.879,"val_loss":0.3907407462155129,"_step":15,"best_val_accuracy":0.8693333333333333,"best_train_accuracy":0.8687962962962963,"_timestamp":1.7412545376902552e+09,"best_val_loss":0.3949256999488606,"best_epoch":8,"epoch":15,"val_accuracy":0.8681666666666666,"train_loss":0.3560453485411705,"best_train_loss":0.37281455853945833,"_runtime":50.5211181,"_wandb":{"runtime":50}}