{"best_train_accuracy":0.932037037037037,"_timestamp":1.7413920721709397e+09,"val_loss":0.33915983096781477,"best_val_accuracy":0.8931666666666667,"best_val_loss":0.3193009345675004,"train_loss":0.15765468529364388,"train_accuracy":0.940462962962963,"epoch":20,"best_train_loss":0.18120569802514336,"_wandb":{"runtime":24},"_runtime":24.4967158,"best_epoch":15,"_step":20,"val_accuracy":0.892}