{"val_loss":0.35610328949345643,"best_val_loss":0.3068329962378735,"epoch":20,"best_train_accuracy":0.9135740740740741,"best_epoch":13,"_wandb":{"runtime":24},"best_val_accuracy":0.8903333333333333,"train_accuracy":0.9271481481481482,"_timestamp":1.741378960711413e+09,"best_train_loss":0.23102512522984509,"val_accuracy":0.8793333333333333,"_step":20,"train_loss":0.1938529705067968,"_runtime":24.1237431}