{"val_loss":0.34193322614647664,"_runtime":25.4212834,"val_accuracy":0.8911666666666667,"_wandb":{"runtime":25},"train_accuracy":0.9384259259259259,"best_epoch":19,"_timestamp":1.7414021108311043e+09,"epoch":20,"best_val_accuracy":0.8911666666666667,"train_loss":0.16132869687734555,"_step":20,"best_train_accuracy":0.9384259259259259,"best_val_loss":0.34193322614647664,"best_train_loss":0.16132869687734555}