{"_timestamp":1.7413778446836038e+09,"best_train_loss":0.19877739657423263,"_runtime":19.2386416,"best_train_accuracy":0.9268333333333333,"_wandb":{"runtime":19},"best_val_accuracy":0.8926666666666667,"_step":20,"best_epoch":14,"val_loss":0.3309981428178672,"train_accuracy":0.9372037037037036,"val_accuracy":0.8918333333333334,"epoch":20,"train_loss":0.1670913983292829,"best_val_loss":0.3310756861607791}