{"best_epoch":13,"train_accuracy":0.8963333333333333,"_runtime":22.5481226,"best_train_loss":0.28978140720237816,"_timestamp":1.7412571534499404e+09,"_step":15,"train_loss":0.28747219693412834,"best_val_loss":0.3493675152699008,"epoch":15,"best_val_accuracy":0.8761666666666666,"_wandb":{"runtime":22},"best_train_accuracy":0.8967037037037037,"val_accuracy":0.8718333333333333,"val_loss":0.3613993915820441}