{"best_train_accuracy":0.8398518518518518,"best_train_loss":0.4544545137342823,"val_loss":0.4501570117512936,"_timestamp":1.7412646613226278e+09,"val_accuracy":0.8428333333333333,"best_val_accuracy":0.844,"_runtime":23.5943969,"_step":15,"best_val_loss":0.44784247937703126,"train_loss":0.4318324013890512,"train_accuracy":0.8489074074074074,"_wandb":{"runtime":23},"best_epoch":11,"epoch":15}