{"_timestamp":1.7413696022747967e+09,"train_accuracy":0.8856666666666667,"best_val_accuracy":0.8755,"best_val_loss":0.3458430462037147,"val_loss":0.35133359146295184,"best_train_accuracy":0.8827037037037037,"train_loss":0.317697551768685,"epoch":10,"_runtime":85.985282,"best_epoch":8,"best_train_loss":0.3239775330271938,"_step":10,"val_accuracy":0.8726666666666667,"_wandb":{"runtime":86}}