{"epoch":10,"_timestamp":1.7413649065568507e+09,"train_accuracy":0.8878888888888888,"best_val_accuracy":0.8756666666666667,"val_loss":0.3438135803264941,"best_train_accuracy":0.8842592592592593,"_wandb":{"runtime":9},"best_train_loss":0.3184406058750965,"best_epoch":8,"val_accuracy":0.8693333333333333,"_step":10,"best_val_loss":0.35299036213033413,"_runtime":9.7030847,"train_loss":0.31178163715598456}