{"best_train_loss":0.18081076661335738,"train_loss":0.18081076661335738,"val_accuracy":0.8928333333333334,"_timestamp":1.7414073542048404e+09,"epoch":20,"val_loss":0.34313757182443616,"_runtime":85.2892595,"best_val_accuracy":0.8928333333333334,"best_epoch":19,"best_val_loss":0.34313757182443616,"train_accuracy":0.9315185185185185,"best_train_accuracy":0.9315185185185185,"_step":20,"_wandb":{"runtime":85}}