{"best_val_loss":0.3119367327998921,"epoch":20,"best_train_accuracy":0.9301296296296296,"best_train_loss":0.18490269012888091,"best_epoch":15,"_runtime":27.6544471,"train_accuracy":0.9420925925925926,"_timestamp":1.741377356951618e+09,"val_loss":0.3376379802949235,"_wandb":{"runtime":27},"best_val_accuracy":0.8956666666666667,"val_accuracy":0.8941666666666667,"train_loss":0.15593569177167302,"_step":20}