{"best_epoch":17,"_runtime":22.847567,"train_loss":0.18809307241952763,"val_accuracy":0.8883333333333333,"_wandb":{"runtime":22},"best_val_loss":0.3060093902500236,"_timestamp":1.7413793479870121e+09,"best_train_loss":0.20020355065409753,"_step":20,"train_accuracy":0.9298518518518518,"val_loss":0.3264953693438748,"best_train_accuracy":0.9256481481481481,"best_val_accuracy":0.8958333333333334,"epoch":20}