{"best_train_accuracy":0.8983888888888889,"_step":12,"test_accuracy":0.8732,"test_loss":0.19324483873276468,"val_loss":0.1861690016865056,"train_loss":0.15762223775304576,"val_accuracy":0.8793333333333333,"best_epoch":9,"epoch":10,"best_val_accuracy":0.8793333333333333,"best_train_loss":0.15762223775304576,"_wandb":{"runtime":19},"confusion_matrix":{"sha256":"87078e24651709f9db913fbcdcda7b64285cef60f5fd573fa50e1609e5ab45ec","size":28792,"path":"media/plotly/confusion_matrix_12_87078e24651709f9db91.plotly.json","_type":"plotly-file"},"_runtime":19.4740557,"_timestamp":1.7414578675923042e+09,"train_accuracy":0.8983888888888889,"best_val_loss":0.1861690016865056}