{"train_loss":0.21752513984316513,"best_val_accuracy":0.887,"_wandb":{"runtime":39},"best_train_loss":0.23351737159519373,"_timestamp":1.7414046827085996e+09,"train_accuracy":0.9190925925925926,"val_loss":0.3530891367687055,"_step":20,"_runtime":39.0267276,"best_val_loss":0.3273092068900605,"best_epoch":13,"epoch":20,"best_train_accuracy":0.9137037037037037,"val_accuracy":0.8838333333333334}