{"best_train_loss":0.43214323341067584,"_runtime":37.0093542,"best_val_loss":0.43921736071398004,"_timestamp":1.7412696441797152e+09,"best_train_accuracy":0.8468333333333333,"train_loss":0.43214323341067584,"_step":15,"train_accuracy":0.8468333333333333,"best_val_accuracy":0.843,"_wandb":{"runtime":37},"epoch":15,"best_epoch":14,"val_loss":0.43921736071398004,"val_accuracy":0.843}