{"_step":10,"best_val_loss":0.4444906263087002,"train_loss":0.4412093984082743,"val_loss":0.4444906263087002,"train_accuracy":0.8459629629629629,"val_accuracy":0.8383333333333334,"best_train_loss":0.4412093984082743,"best_val_accuracy":0.8383333333333334,"best_train_accuracy":0.8459629629629629,"_wandb":{"runtime":8},"_runtime":8.764535500000001,"_timestamp":1.7413643999457695e+09,"best_epoch":9,"epoch":10}