{"_wandb":{"runtime":15},"val_loss":0.37267082690310116,"best_epoch":8,"val_accuracy":0.8628333333333333,"_timestamp":1.7413656254424586e+09,"best_val_loss":0.37840543958980327,"train_accuracy":0.8732222222222222,"epoch":10,"best_train_loss":0.36235913176931955,"best_train_accuracy":0.8694814814814815,"train_loss":0.35464694375434025,"best_val_accuracy":0.8643333333333333,"_step":10,"_runtime":15.0242271}