{"val_accuracy":0.8921666666666667,"best_train_accuracy":0.9315740740740741,"best_val_accuracy":0.8946666666666667,"_step":20,"_runtime":35.2390825,"train_loss":0.15926022161498168,"val_loss":0.3236174725932287,"best_train_loss":0.18460591526788017,"epoch":20,"_timestamp":1.7413887157339785e+09,"best_epoch":15,"_wandb":{"runtime":35},"train_accuracy":0.9408518518518518,"best_val_loss":0.31969844119123353}