{"best_epoch":14,"best_train_loss":0.34311304755705224,"epoch":15,"best_val_loss":0.3611304689214283,"train_accuracy":0.8773333333333333,"_runtime":56.613147,"_timestamp":1.7412646306312013e+09,"best_val_accuracy":0.8666666666666667,"_wandb":{"runtime":56},"best_train_accuracy":0.8773333333333333,"val_accuracy":0.8666666666666667,"train_loss":0.34311304755705224,"_step":15,"val_loss":0.3611304689214283}