{"best_epoch":9,"epoch":20,"train_accuracy":0.9292777777777778,"_wandb":{"runtime":50},"best_val_accuracy":0.8913333333333333,"_runtime":50.0903509,"_step":20,"best_train_loss":0.2582963887266061,"_timestamp":1.7413883189787588e+09,"best_val_loss":0.31772736084829223,"train_loss":0.19309220642085795,"best_train_accuracy":0.9053333333333333,"val_loss":0.3633426304545441,"val_accuracy":0.8875}