{"train_loss":0.1545608555041922,"epoch":20,"best_epoch":14,"best_val_accuracy":0.8948333333333334,"_wandb":{"runtime":28},"val_accuracy":0.8908333333333334,"val_loss":0.3377715209960451,"best_train_accuracy":0.9289074074074074,"_runtime":28.5705043,"best_train_loss":0.1901714437128935,"best_val_loss":0.3157219149554874,"_timestamp":1.7413799193067088e+09,"train_accuracy":0.9420925925925926,"_step":20}