{"best_val_accuracy":0.8958333333333334,"best_train_accuracy":0.9236666666666666,"best_epoch":17,"train_loss":0.19435076006547913,"best_train_loss":0.20465642119797503,"val_accuracy":0.8906666666666667,"_timestamp":1.7413881003690689e+09,"_wandb":{"runtime":24},"val_loss":0.31194430503546616,"epoch":20,"_runtime":24.2418538,"_step":20,"train_accuracy":0.9264814814814815,"best_val_loss":0.30780884818191845}