{"train_accuracy":0.9432407407407407,"best_train_accuracy":0.9280925925925926,"_timestamp":1.7413916550522728e+09,"_runtime":32.8136469,"train_loss":0.15261515141087087,"val_loss":0.3481217119578081,"best_epoch":13,"epoch":20,"best_val_loss":0.31157648647513886,"best_train_loss":0.19140826391152332,"_wandb":{"runtime":32},"best_val_accuracy":0.8933333333333333,"val_accuracy":0.8893333333333333,"_step":20}