{"best_train_loss":0.2893082918164496,"val_loss":0.3329351619920665,"_wandb":{"runtime":14},"val_accuracy":0.8786666666666667,"train_accuracy":0.899425925925926,"_step":10,"_timestamp":1.7413659297692935e+09,"best_val_loss":0.324379716345661,"best_train_accuracy":0.8927037037037037,"_runtime":14.6633356,"best_val_accuracy":0.8818333333333334,"epoch":10,"train_loss":0.27183906645779893,"best_epoch":7}