{"best_val_accuracy":0.8938333333333334,"train_loss":0.18101954846284724,"_wandb":{"runtime":18},"best_epoch":18,"train_accuracy":0.9313703703703704,"best_train_accuracy":0.9309259259259259,"val_accuracy":0.8871666666666667,"_step":20,"best_val_loss":0.345613661733445,"_runtime":18.1777756,"epoch":20,"val_loss":0.3629919049228693,"_timestamp":1.7413867105219395e+09,"best_train_loss":0.18394459840117253}