{"best_epoch":17,"epoch":20,"train_accuracy":0.9344259259259259,"_runtime":54.6729808,"_step":20,"best_val_loss":0.3351453585680783,"best_train_accuracy":0.9308518518518518,"_wandb":{"runtime":54},"best_train_loss":0.18393674269429303,"train_loss":0.1738311908783839,"val_loss":0.3623650767637549,"val_accuracy":0.8886666666666667,"_timestamp":1.741383900463173e+09,"best_val_accuracy":0.8921666666666667}