{"epoch":20,"_wandb":{"runtime":27},"best_epoch":17,"best_train_loss":0.16614775967321865,"_runtime":27.9048981,"_step":20,"best_val_accuracy":0.8915,"best_val_loss":0.33042047288495185,"best_train_accuracy":0.9370555555555555,"_timestamp":1.7414063987119281e+09,"train_accuracy":0.9436666666666667,"val_accuracy":0.887,"val_loss":0.34756069358738373,"train_loss":0.15283630645791033}