{"_timestamp":1.7413644365128753e+09,"best_val_loss":0.39452246081703407,"best_train_accuracy":0.8648333333333333,"train_loss":0.38563245114184685,"_runtime":12.5996877,"best_epoch":9,"best_train_loss":0.38563245114184685,"best_val_accuracy":0.8573333333333333,"epoch":10,"train_accuracy":0.8648333333333333,"_step":10,"val_loss":0.39452246081703407,"_wandb":{"runtime":12},"val_accuracy":0.8573333333333333}