{"best_train_accuracy":0.9214629629629629,"val_loss":0.3590364854104405,"best_train_loss":0.20934865932682606,"_wandb":{"runtime":19},"_timestamp":1.7413968572049136e+09,"best_val_accuracy":0.8905,"best_epoch":12,"train_loss":0.1632659279810962,"_step":20,"epoch":20,"best_val_loss":0.319924049494199,"val_accuracy":0.8861666666666667,"train_accuracy":0.9397222222222222,"_runtime":19.4204735}