{"best_val_loss":0.3765897982543309,"_runtime":27.3566735,"_wandb":{"runtime":27},"best_train_loss":0.354599051462094,"best_val_accuracy":0.8611666666666666,"best_epoch":14,"val_accuracy":0.8611666666666666,"train_accuracy":0.8746111111111111,"epoch":15,"_step":15,"train_loss":0.354599051462094,"_timestamp":1.741253139044295e+09,"val_loss":0.3765897982543309,"best_train_accuracy":0.8746111111111111}