{"train_accuracy":0.933,"best_val_loss":0.2986476305930895,"_wandb":{"runtime":22},"_step":20,"best_train_loss":0.1968419569474034,"val_accuracy":0.8881666666666667,"epoch":20,"_timestamp":1.7413839371633594e+09,"val_loss":0.3211743139667628,"_runtime":22.8012758,"best_val_accuracy":0.8948333333333334,"train_loss":0.18047241011112933,"best_train_accuracy":0.9263518518518519,"best_epoch":16}