{"_step":20,"_runtime":24.7054153,"best_val_accuracy":0.8905,"val_loss":0.347473917874725,"train_loss":0.20175578939249098,"best_val_loss":0.3050129074496709,"best_train_loss":0.22233204745405385,"_wandb":{"runtime":24},"best_train_accuracy":0.9165185185185185,"_timestamp":1.7413759979382203e+09,"val_accuracy":0.8838333333333334,"best_epoch":16,"train_accuracy":0.9248703703703703,"epoch":20}