{"train_loss":0.2889490429871038,"val_accuracy":0.8783333333333333,"epoch":10,"val_loss":0.39224909265889496,"train_accuracy":0.8985185185185185,"_runtime":22.7143365,"best_val_accuracy":0.8865,"_timestamp":1.7413698902603583e+09,"best_train_loss":0.29023713509745996,"_step":10,"best_epoch":7,"best_val_loss":0.34608820751730845,"best_train_accuracy":0.8956481481481482,"_wandb":{"runtime":22}}