{"best_epoch":11,"best_val_loss":0.3675426903315995,"_step":15,"epoch":15,"best_train_loss":0.3369962725137484,"_runtime":44.1181263,"val_accuracy":0.8715,"best_val_accuracy":0.8715,"_timestamp":1.741267957486035e+09,"best_train_accuracy":0.8800185185185185,"val_loss":0.35087446268896944,"train_accuracy":0.883537037037037,"_wandb":{"runtime":44},"train_loss":0.3262988026350708}