{"_timestamp":1.7413641041032634e+09,"train_loss":0.6400921515652849,"best_val_accuracy":0.7771666666666667,"_step":10,"best_epoch":9,"_runtime":21.5143312,"train_accuracy":0.7727592592592593,"val_accuracy":0.7771666666666667,"_wandb":{"runtime":21},"best_val_loss":0.6251286435389615,"best_train_loss":0.6400921515652849,"best_train_accuracy":0.7727592592592593,"val_loss":0.6251286435389615,"epoch":10}