{"_wandb":{"runtime":123},"best_train_accuracy":0.8675,"val_accuracy":0.8571666666666666,"_runtime":123.9179297,"best_train_loss":0.20018825261870307,"val_loss":0.21562666026330582,"_timestamp":1.741450430046702e+09,"test_loss":0.22442498721240695,"train_accuracy":0.8750740740740741,"_step":7,"confusion_matrix":{"path":"media/plotly/confusion_matrix_7_7269e81cd323a7df95c5.plotly.json","_type":"plotly-file","sha256":"7269e81cd323a7df95c5555e1e5789440a0d94cc826643beee42647b430f8c58","size":28814},"best_val_accuracy":0.8648333333333333,"best_val_loss":0.20877865675171234,"epoch":5,"train_loss":0.18736078365567796,"best_epoch":2,"test_accuracy":0.8545}