{"best_val_accuracy":0.8955,"best_epoch":11,"_step":20,"best_train_accuracy":0.9211111111111111,"epoch":20,"train_accuracy":0.9425370370370371,"val_loss":0.35069937596802153,"train_loss":0.15254730917388232,"_wandb":{"runtime":56},"best_val_loss":0.3136532627065582,"_timestamp":1.7413886723939583e+09,"_runtime":56.5738235,"val_accuracy":0.8936666666666667,"best_train_loss":0.21052098533714672}