{"best_val_accuracy":0.7668333333333334,"epoch":10,"train_loss":0.6881739528654054,"val_accuracy":0.7668333333333334,"_runtime":25.2166244,"train_accuracy":0.7618888888888888,"_timestamp":1.7413663330392883e+09,"best_epoch":9,"best_train_accuracy":0.7618888888888888,"_wandb":{"runtime":25},"_step":10,"best_train_loss":0.6881739528654054,"val_loss":0.6657798079832074,"best_val_loss":0.6657798079832074}