{"best_train_accuracy":0.9119814814814815,"epoch":20,"val_accuracy":0.8931666666666667,"_runtime":23.8252557,"_timestamp":1.7413784210028808e+09,"train_accuracy":0.9287037037037037,"val_loss":0.3072649776757779,"best_train_loss":0.2334451677966999,"train_loss":0.1903864428450736,"_step":20,"best_val_accuracy":0.8936666666666667,"best_epoch":13,"_wandb":{"runtime":23},"best_val_loss":0.29404971984658995}