{"val_loss":0.7551824891451251,"best_train_accuracy":0.8519444444444444,"best_train_loss":0.5368002501688467,"train_accuracy":0.853537037037037,"_timestamp":1.7413655636678007e+09,"best_val_loss":0.49314457735169104,"val_accuracy":0.8518333333333333,"_step":10,"_wandb":{"runtime":56},"_runtime":56.9536596,"best_val_accuracy":0.8693333333333333,"epoch":10,"best_epoch":7,"train_loss":0.5441967676854078}