{"train_loss":0.18931829971491038,"best_val_accuracy":0.8926666666666667,"_step":20,"best_val_loss":0.30329722007757837,"epoch":20,"best_epoch":10,"val_accuracy":0.889,"_timestamp":1.7414015118739724e+09,"_runtime":24.2139955,"val_loss":0.31166783038926965,"train_accuracy":0.929962962962963,"best_train_accuracy":0.9062037037037037,"_wandb":{"runtime":24},"best_train_loss":0.2532267992675573}