{"best_val_accuracy":0.8946666666666667,"train_accuracy":0.9380740740740741,"val_accuracy":0.8863333333333333,"train_loss":0.16502858249968447,"_wandb":{"runtime":42},"_runtime":42.4570817,"_timestamp":1.7414041475231957e+09,"epoch":20,"best_train_loss":0.20944352865418006,"best_train_accuracy":0.921,"best_val_loss":0.29700864664681464,"best_epoch":13,"_step":20,"val_loss":0.32967454976534455}