{"val_loss":0.3485998251885773,"val_accuracy":0.8843333333333333,"train_loss":0.17294980458939985,"train_accuracy":0.9344629629629629,"best_train_loss":0.20474859237181472,"best_val_accuracy":0.8891666666666667,"_step":20,"_wandb":{"runtime":84},"epoch":20,"_runtime":84.5708184,"best_epoch":13,"best_val_loss":0.3284064435988372,"best_train_accuracy":0.9221481481481482,"_timestamp":1.7413903635633364e+09}