{"val_accuracy":0.8868333333333334,"epoch":20,"best_val_loss":0.35127787435869157,"_timestamp":1.7414087039883957e+09,"train_accuracy":0.9378703703703704,"best_train_loss":0.17569787017092164,"_runtime":25.3187555,"best_epoch":17,"best_train_accuracy":0.9336296296296296,"train_loss":0.16209483724889617,"val_loss":0.37338300727596796,"_step":20,"best_val_accuracy":0.8905,"_wandb":{"runtime":25}}