{"best_val_loss":0.17562873446544094,"best_epoch":7,"train_loss":0.15465924942903223,"best_val_accuracy":0.882,"val_loss":0.18420879971019447,"_runtime":88.7846956,"confusion_matrix":{"size":28805,"path":"media/plotly/confusion_matrix_12_ccdb8d861e4194b91b39.plotly.json","_type":"plotly-file","sha256":"ccdb8d861e4194b91b395edd03ed84e33a1735b604a45573b47eed9eafc2914d"},"train_accuracy":0.8998703703703703,"test_loss":0.1922874853749653,"test_accuracy":0.8753,"val_accuracy":0.8793333333333333,"_step":12,"_wandb":{"runtime":88},"_timestamp":1.7414488403669634e+09,"best_train_loss":0.1607600706733058,"epoch":10,"best_train_accuracy":0.8953888888888889}