{"val_loss":0.363103631675898,"best_train_accuracy":0.8756111111111111,"_step":10,"val_accuracy":0.8695,"best_val_loss":0.363103631675898,"_timestamp":1.741370113967585e+09,"best_epoch":9,"epoch":10,"_runtime":20.3002197,"best_val_accuracy":0.8695,"_wandb":{"runtime":20},"train_loss":0.3547074368184965,"best_train_loss":0.3547074368184965,"train_accuracy":0.8756111111111111}