{"train_accuracy":0.8926851851851851,"best_train_accuracy":0.8890925925925925,"_timestamp":1.7413726324585445e+09,"epoch":20,"val_loss":0.3345715873192425,"best_epoch":17,"best_train_loss":0.30854958956350736,"_step":20,"_runtime":30.9174525,"best_val_loss":0.3366752808603432,"_wandb":{"runtime":30},"best_val_accuracy":0.8765,"val_accuracy":0.8748333333333334,"train_loss":0.30052084087595515}