{"val_loss":0.3502583495862529,"best_val_accuracy":0.8841666666666667,"val_accuracy":0.8726666666666667,"train_accuracy":0.9005185185185185,"_wandb":{"runtime":249},"_step":10,"train_loss":0.27007851489471346,"best_train_accuracy":0.896962962962963,"_runtime":249.3013754,"best_epoch":8,"epoch":10,"_timestamp":1.7413690389759443e+09,"best_val_loss":0.32796497858560264,"best_train_loss":0.2793396769536714}