{"_step":20,"val_accuracy":0.8895,"train_accuracy":0.9413518518518519,"best_epoch":14,"_timestamp":1.7413827102407231e+09,"best_val_loss":0.30619709209585466,"val_loss":0.3375232017989381,"_runtime":24.2793701,"best_val_accuracy":0.8958333333333334,"_wandb":{"runtime":24},"train_loss":0.15846410795089794,"best_train_loss":0.19136503902580473,"epoch":20,"best_train_accuracy":0.9283888888888889}