{"train_accuracy":0.8752777777777778,"epoch":10,"best_val_loss":0.36122238514997185,"best_train_accuracy":0.8752777777777778,"val_accuracy":0.8706666666666667,"best_epoch":9,"_step":10,"best_train_loss":0.35099270541554917,"_wandb":{"runtime":17},"_runtime":17.0965676,"val_loss":0.36122238514997185,"train_loss":0.35099270541554917,"_timestamp":1.7413627046427617e+09,"best_val_accuracy":0.8706666666666667}