{"train_loss":0.17041497056919233,"val_loss":0.19137120436331778,"_wandb":{"runtime":40},"test_loss":0.20118452788332536,"best_train_loss":0.17041497056919233,"test_accuracy":0.8658,"_step":12,"best_train_accuracy":0.8861481481481481,"best_val_loss":0.19137120436331778,"best_epoch":9,"_runtime":40.1139832,"best_val_accuracy":0.871,"val_accuracy":0.871,"epoch":10,"_timestamp":1.741461166120753e+09,"train_accuracy":0.8861481481481481,"confusion_matrix":{"sha256":"86571a4755ced79265deba4df1379c74a570da3079abbf795427caccb3f051cf","size":28798,"path":"media/plotly/confusion_matrix_12_86571a4755ced79265de.plotly.json","_type":"plotly-file"}}