{"train_accuracy":0.8589629629629629,"_timestamp":1.7412607263989916e+09,"best_epoch":12,"train_loss":0.40186512174868166,"val_loss":0.41026799761635885,"val_accuracy":0.8518333333333333,"_runtime":36.6158306,"epoch":15,"_step":15,"best_val_accuracy":0.852,"best_val_loss":0.41640628021367593,"_wandb":{"runtime":36},"best_train_accuracy":0.8552407407407407,"best_train_loss":0.413264496369707}