{"val_loss":0.314243063676276,"_timestamp":1.7414026925128698e+09,"train_loss":0.205430268479865,"_runtime":21.2350924,"best_val_accuracy":0.8893333333333333,"best_val_loss":0.314243063676276,"best_train_accuracy":0.9225555555555556,"_step":20,"train_accuracy":0.9225555555555556,"best_epoch":19,"epoch":20,"_wandb":{"runtime":21},"best_train_loss":0.205430268479865,"val_accuracy":0.8893333333333333}