{"val_loss":0.3454919246304454,"val_accuracy":0.808,"confusion_matrix":{"_type":"plotly-file","sha256":"c205f43e3bac7efe055886260a477db7c8a36a41980dbb1cb755ba7e4fa09797","size":28852,"path":"media/plotly/confusion_matrix_7_c205f43e3bac7efe0558.plotly.json"},"_step":7,"test_loss":0.3549661212010885,"best_train_loss":0.3564712439816471,"best_epoch":4,"train_accuracy":0.8015555555555556,"_timestamp":1.7414489251036193e+09,"best_train_accuracy":0.8015555555555556,"epoch":5,"_runtime":17.3839084,"best_val_loss":0.3454919246304454,"_wandb":{"runtime":17},"train_loss":0.3564712439816471,"best_val_accuracy":0.808,"test_accuracy":0.7956}