{"best_val_accuracy":0.893,"_wandb":{"runtime":22},"val_loss":0.32972966494875594,"_step":20,"val_accuracy":0.8891666666666667,"_runtime":22.6247557,"best_train_loss":0.21168418529568397,"epoch":20,"best_train_accuracy":0.9196296296296296,"train_accuracy":0.9274629629629629,"_timestamp":1.7413966731547208e+09,"best_epoch":16,"best_val_loss":0.3242486897392701,"train_loss":0.19183975725007166}