{"best_val_loss":0.38638017696941235,"epoch":20,"train_accuracy":0.8866111111111111,"_runtime":60.0181725,"val_accuracy":0.8688333333333333,"train_loss":0.37207012222465047,"best_train_accuracy":0.8690925925925926,"best_val_accuracy":0.8753333333333333,"val_loss":0.560940848943918,"best_epoch":4,"best_train_loss":0.39386935051726335,"_wandb":{"runtime":60},"_timestamp":1.7413933200635636e+09,"_step":20}