{"val_accuracy":0.8765,"train_loss":0.3215578014676084,"_timestamp":1.7413704399638588e+09,"best_epoch":6,"train_accuracy":0.886962962962963,"_step":10,"_wandb":{"runtime":153},"val_loss":0.3654537340293274,"best_train_loss":0.33569985765968563,"epoch":10,"best_val_accuracy":0.8765,"_runtime":153.5331324,"best_train_accuracy":0.8815925925925926,"best_val_loss":0.35685631858530686}