{"best_epoch":6,"best_val_loss":0.330186424188314,"val_accuracy":0.8766666666666667,"train_loss":0.26554287931007936,"best_train_loss":0.2924420236320489,"train_accuracy":0.9026851851851851,"_step":10,"_runtime":14.7482282,"epoch":10,"best_train_accuracy":0.8928518518518519,"best_val_accuracy":0.883,"val_loss":0.34267688402672747,"_timestamp":1.7413664088815892e+09,"_wandb":{"runtime":14}}