{"val_loss":0.3385371672161469,"_step":20,"best_epoch":18,"best_train_loss":0.16110016665272023,"train_loss":0.15271903000689277,"val_accuracy":0.8883333333333333,"train_accuracy":0.9435185185185185,"_runtime":32.9736909,"best_val_accuracy":0.896,"best_train_accuracy":0.9388333333333333,"epoch":20,"_wandb":{"runtime":33},"_timestamp":1.741388038663529e+09,"best_val_loss":0.3445083620904077}