{"best_train_loss":0.21976150271383527,"_wandb":{"runtime":19},"_runtime":19.3835276,"best_epoch":15,"val_accuracy":0.8895,"best_train_accuracy":0.9171666666666667,"_timestamp":1.7414077098496907e+09,"best_val_accuracy":0.8906666666666667,"train_loss":0.2028929823020081,"epoch":20,"val_loss":0.38272341986169295,"_step":20,"train_accuracy":0.9243703703703704,"best_val_loss":0.3367741520502471}