{"train_accuracy":0.8734814814814815,"best_train_accuracy":0.8691666666666666,"val_loss":0.4569192790992558,"best_train_loss":0.3866062645118865,"_step":15,"epoch":15,"train_loss":0.40940589174035413,"_timestamp":1.741282270017497e+09,"best_epoch":4,"_runtime":374.444475,"val_accuracy":0.8596666666666667,"_wandb":{"runtime":374},"best_val_accuracy":0.8696666666666667,"best_val_loss":0.4147623457472095}