{"epoch":20,"best_val_accuracy":0.8916666666666667,"best_epoch":19,"val_loss":0.3124408828576125,"_runtime":20.9697934,"val_accuracy":0.8916666666666667,"best_val_loss":0.3124408828576125,"_wandb":{"runtime":20},"best_train_accuracy":0.9224814814814815,"_step":20,"best_train_loss":0.2085122744391133,"train_loss":0.2085122744391133,"_timestamp":1.7413796770945344e+09,"train_accuracy":0.9224814814814815}