{"best_val_loss":0.3201533482907062,"_step":20,"_runtime":28.1236852,"best_val_accuracy":0.8903333333333333,"_wandb":{"runtime":28},"train_accuracy":0.923962962962963,"_timestamp":1.7413783127739282e+09,"train_loss":0.2041713690606991,"val_loss":0.3327795949036355,"best_train_accuracy":0.9215,"best_train_loss":0.21099869095697732,"epoch":20,"val_accuracy":0.8856666666666667,"best_epoch":18}