{"best_epoch":18,"_timestamp":1.7413972568497293e+09,"train_loss":0.17393420539530183,"train_accuracy":0.9355740740740741,"best_val_accuracy":0.895,"val_loss":0.3293779042646998,"best_train_loss":0.18026452597392342,"_runtime":40.6098333,"epoch":20,"_step":20,"_wandb":{"runtime":40},"val_accuracy":0.8931666666666667,"best_train_accuracy":0.9328703703703703,"best_val_loss":0.3175100733701209}