{"best_epoch":13,"best_val_accuracy":0.8786666666666667,"_runtime":47.8751149,"_timestamp":1.7412710754850268e+09,"best_val_loss":0.3390134268687166,"best_train_accuracy":0.8907962962962963,"epoch":15,"best_train_loss":0.30649442240459446,"val_accuracy":0.8745,"_step":15,"val_loss":0.35698681350167566,"_wandb":{"runtime":47},"train_accuracy":0.8928703703703704,"train_loss":0.3014054360246263}