{"_runtime":41.4039321,"epoch":10,"best_train_accuracy":0.8821111111111111,"best_val_loss":0.35769743013676725,"best_epoch":8,"val_accuracy":0.8725,"_step":10,"train_accuracy":0.8865555555555555,"_timestamp":1.7413677303986971e+09,"best_val_accuracy":0.8738333333333334,"val_loss":0.35907593960322987,"train_loss":0.3168319921811414,"_wandb":{"runtime":41},"best_train_loss":0.32564358244510366}