{"epoch":20,"val_loss":0.3740246157041732,"_runtime":22.5575438,"val_accuracy":0.8865,"best_epoch":13,"best_val_loss":0.32643881825382465,"_timestamp":1.741387404003215e+09,"best_train_accuracy":0.9255,"best_val_accuracy":0.8913333333333333,"train_loss":0.15897627731043643,"_step":20,"train_accuracy":0.9406481481481481,"_wandb":{"runtime":22},"best_train_loss":0.19779663477832737}