{"_wandb":{"runtime":31},"epoch":10,"train_loss":0.38244450542401115,"val_accuracy":0.8606666666666667,"_runtime":31.1700262,"best_val_loss":0.39647187040505727,"best_train_accuracy":0.8650925925925926,"best_epoch":9,"_timestamp":1.7413626107261262e+09,"best_val_accuracy":0.8606666666666667,"train_accuracy":0.8650925925925926,"val_loss":0.39647187040505727,"_step":10,"best_train_loss":0.38244450542401115}