{"val_accuracy":0.16066666666666668,"best_val_accuracy":0.16166666666666665,"_runtime":94.4106478,"_timestamp":1.741361060800231e+09,"_wandb":{"runtime":94},"train_loss":2.299682448960237,"val_loss":2.2995591667291078,"best_epoch":2,"epoch":5,"best_train_loss":2.301342334944338,"best_val_loss":2.3011140254434634,"_step":5,"best_train_accuracy":0.10905555555555556,"train_accuracy":0.16614814814814816}