{"best_train_loss":0.12988950954320397,"_runtime":71.3743748,"best_val_loss":0.3433701838624398,"train_accuracy":0.9595185185185185,"best_epoch":25,"_wandb":{"runtime":71},"best_train_accuracy":0.9519444444444445,"train_loss":0.11008141994252282,"val_loss":0.37956847307440916,"best_val_accuracy":0.8948333333333334,"val_accuracy":0.8875,"epoch":30,"_timestamp":1.7414274350169818e+09,"_step":30}