{"best_train_accuracy":0.8824074074074074,"best_epoch":12,"_wandb":{"runtime":34},"best_train_loss":0.330012226053382,"_timestamp":1.7412647091627827e+09,"best_val_accuracy":0.871,"val_loss":0.35660404090398645,"best_val_loss":0.3598536472492203,"train_loss":0.3218453982968129,"train_accuracy":0.8846111111111111,"val_accuracy":0.8703333333333333,"epoch":15,"_runtime":34.4880236,"_step":15}