{"val_accuracy":0.8923333333333333,"best_train_loss":0.1990583391937287,"train_accuracy":0.9273703703703704,"val_loss":0.3155010662399953,"_wandb":{"runtime":24},"best_val_loss":0.3318243822613651,"epoch":20,"best_train_accuracy":0.9252037037037038,"best_val_accuracy":0.8926666666666667,"train_loss":0.19297896749565902,"_runtime":24.0871728,"_timestamp":1.7413978218196652e+09,"best_epoch":18,"_step":20}