{"_timestamp":1.741451525325989e+09,"_wandb":{"runtime":51},"best_epoch":4,"_step":7,"val_accuracy":0.8718333333333333,"test_loss":0.21912876050353872,"epoch":5,"test_accuracy":0.87,"best_val_loss":0.21206724855681042,"_runtime":51.2361601,"best_train_loss":0.20232504616889824,"train_accuracy":0.8802962962962962,"best_val_accuracy":0.8718333333333333,"val_loss":0.21206724855681042,"confusion_matrix":{"size":28808,"path":"media/plotly/confusion_matrix_7_49d7641e6388836f00f1.plotly.json","_type":"plotly-file","sha256":"49d7641e6388836f00f15a3bf2e5e59537476ae6acdc62c732f82429fedb985e"},"best_train_accuracy":0.8802962962962962,"train_loss":0.20232504616889824}