{"_wandb":{"runtime":32},"_step":20,"_runtime":32.7357289,"best_val_accuracy":0.8906666666666667,"train_loss":0.18389426902045566,"train_accuracy":0.9308148148148148,"_timestamp":1.741379544463478e+09,"best_train_accuracy":0.9308148148148148,"best_val_loss":0.3278201899450798,"best_train_loss":0.18389426902045566,"val_loss":0.3278201899450798,"val_accuracy":0.8906666666666667,"best_epoch":19,"epoch":20}