{"best_epoch":17,"epoch":20,"best_train_loss":0.17243073199228642,"val_accuracy":0.8923333333333333,"_step":20,"best_val_loss":0.32084469374646446,"_timestamp":1.7413814818866718e+09,"_runtime":66.7210718,"train_accuracy":0.9376296296296296,"train_loss":0.1647873213506922,"val_loss":0.32964264425510925,"best_val_accuracy":0.894,"best_train_accuracy":0.9344629629629629,"_wandb":{"runtime":66}}