{"_wandb":{"runtime":25},"best_train_loss":0.21257167368523938,"_runtime":25.5946666,"_timestamp":1.7413751623974996e+09,"val_loss":0.3458273197453951,"_step":20,"best_val_loss":0.32108853398492354,"train_accuracy":0.9329259259259259,"best_val_accuracy":0.8913333333333333,"val_accuracy":0.8875,"epoch":20,"train_loss":0.18385660322689323,"best_train_accuracy":0.921537037037037,"best_epoch":14}