{"train_loss":0.14986168630935928,"_timestamp":1.7413931845106776e+09,"best_val_accuracy":0.8941666666666667,"val_accuracy":0.8836666666666667,"val_loss":0.3648653922174753,"train_accuracy":0.9443888888888889,"_runtime":42.1848392,"best_train_accuracy":0.9422962962962963,"_step":20,"epoch":20,"best_val_loss":0.3362251047497305,"best_train_loss":0.153068265677259,"_wandb":{"runtime":42},"best_epoch":18}