{"best_epoch":9,"_wandb":{"runtime":28},"best_val_loss":0.19004807200394583,"best_val_accuracy":0.8753333333333333,"epoch":10,"_step":12,"val_loss":0.19004807200394583,"train_loss":0.16713037848210177,"confusion_matrix":{"size":28796,"path":"media/plotly/confusion_matrix_12_6f2e87469f717e133248.plotly.json","_type":"plotly-file","sha256":"6f2e87469f717e13324888426b4af839f7c875c36dc0a762b3ea892213b2a62f"},"best_train_loss":0.16713037848210177,"best_train_accuracy":0.8887037037037037,"test_loss":0.19764468577115193,"test_accuracy":0.8677,"train_accuracy":0.8887037037037037,"val_accuracy":0.8753333333333333,"_runtime":28.5573567,"_timestamp":1.7414592400619204e+09}