{"best_val_loss":0.1785222266065169,"confusion_matrix":{"sha256":"31c7f488cb5af38cf6fb0a634af685c7f020438b48dbe1542de059637102cf6f","size":28802,"path":"media/plotly/confusion_matrix_12_31c7f488cb5af38cf6fb.plotly.json","_type":"plotly-file"},"_timestamp":1.7414584237373593e+09,"epoch":10,"_step":12,"test_accuracy":0.877,"best_epoch":4,"val_loss":0.1847177435555843,"best_train_loss":0.17481027543371822,"test_loss":0.18722336482865715,"best_train_accuracy":0.8842592592592593,"_runtime":81.3499754,"best_val_accuracy":0.8833333333333333,"train_accuracy":0.8966666666666666,"_wandb":{"runtime":81},"train_loss":0.15773775962086048,"val_accuracy":0.875}