{"_step":15,"val_loss":2.3025941430072066,"epoch":15,"train_loss":2.302546467604018,"best_val_accuracy":0.0925,"best_train_loss":2.3025763566529296,"_wandb":{"runtime":28},"best_val_loss":2.3025769070541657,"best_epoch":0,"val_accuracy":0.0925,"best_train_accuracy":0.09566666666666666,"_runtime":28.7421905,"train_accuracy":0.10083333333333333,"_timestamp":1.7412510443568766e+09}