{"train_loss":0.31870940135515463,"_timestamp":1.7413644765666292e+09,"_step":10,"epoch":10,"val_loss":0.39471458384526237,"val_accuracy":0.8773333333333333,"best_epoch":9,"train_accuracy":0.8864444444444445,"best_val_loss":0.39471458384526237,"_runtime":14.3614209,"best_train_accuracy":0.8864444444444445,"best_train_loss":0.31870940135515463,"best_val_accuracy":0.8773333333333333,"_wandb":{"runtime":14}}