{"test_loss":0.19764304379515654,"test_accuracy":0.8676,"_step":7,"val_accuracy":0.8758333333333334,"best_train_loss":0.18873591959699573,"_timestamp":1.741457356756342e+09,"best_val_loss":0.19167631543675748,"epoch":5,"confusion_matrix":{"path":"media/plotly/confusion_matrix_7_3e0dfea00ec5d2f5ba4c.plotly.json","_type":"plotly-file","sha256":"3e0dfea00ec5d2f5ba4c7f8f8450cbf1cbf6c961e6be3b0370e4ad618432a6f3","size":28793},"best_val_accuracy":0.878,"_wandb":{"runtime":15},"best_train_accuracy":0.8773703703703704,"train_loss":0.1719754306921502,"val_loss":0.18958735803208174,"train_accuracy":0.8888703703703704,"best_epoch":2,"_runtime":15.4622142}