{"best_train_accuracy":0.736,"best_val_loss":0.7209139874193579,"best_train_loss":0.740648726631289,"train_loss":0.740648726631289,"train_accuracy":0.736,"best_epoch":14,"_timestamp":1.7412792690654638e+09,"_runtime":43.4782657,"val_accuracy":0.7421666666666666,"epoch":15,"_step":15,"_wandb":{"runtime":43},"best_val_accuracy":0.7421666666666666,"val_loss":0.7209139874193579}