{"epoch":15,"train_accuracy":0.8809074074074074,"train_loss":0.3335725245017134,"best_val_loss":0.3626738572033894,"_step":15,"_timestamp":1.7412585624558911e+09,"best_val_accuracy":0.869,"best_train_accuracy":0.8783518518518518,"val_accuracy":0.8686666666666667,"_wandb":{"runtime":26},"best_train_loss":0.3426270566842649,"_runtime":26.961532300000002,"best_epoch":12,"val_loss":0.3621927416129556}