{"_step":15,"_timestamp":1.7412541516273167e+09,"_wandb":{"runtime":86},"best_train_accuracy":0.8627592592592592,"best_val_loss":0.4766028327411533,"epoch":15,"train_loss":0.46952211218001233,"val_accuracy":0.8568333333333333,"best_val_accuracy":0.8593333333333333,"best_epoch":12,"val_loss":0.4760263173709736,"best_train_loss":0.45602767653866566,"_runtime":86.8156324,"train_accuracy":0.8618888888888889}