{"val_accuracy":0.8601666666666666,"best_train_loss":0.3228417649194685,"_wandb":{"runtime":24},"train_accuracy":0.8912222222222222,"best_train_accuracy":0.8868888888888888,"train_loss":0.3136734670588831,"best_val_accuracy":0.8753333333333333,"val_loss":0.3962502601479401,"_runtime":24.370631,"best_val_loss":0.37130469333073507,"epoch":15,"_step":15,"_timestamp":1.7412535394702132e+09,"best_epoch":11}