{"best_val_accuracy":0.8783333333333333,"best_epoch":7,"_wandb":{"runtime":80},"val_loss":0.37360565692218656,"epoch":10,"train_accuracy":0.8885185185185185,"_step":10,"best_val_loss":0.350468180648505,"val_accuracy":0.8701666666666666,"best_train_loss":0.3191459860159935,"train_loss":0.3068726709846157,"_runtime":80.3003057,"best_train_accuracy":0.8835,"_timestamp":1.7413701302244277e+09}