{"epoch":20,"best_val_loss":0.3109842686895694,"best_train_accuracy":0.9192222222222223,"_timestamp":1.7413811161769383e+09,"val_loss":0.3364878151246805,"best_train_loss":0.21586633372162936,"train_accuracy":0.9329444444444445,"_step":20,"_runtime":23.0916196,"val_accuracy":0.8831666666666667,"train_loss":0.17882860292267685,"best_epoch":14,"_wandb":{"runtime":23},"best_val_accuracy":0.8916666666666667}