{"_timestamp":1.7414077456951187e+09,"_step":20,"best_epoch":14,"train_accuracy":0.941962962962963,"train_loss":0.154574035198975,"best_val_loss":0.3177941704343778,"best_train_accuracy":0.9297037037037037,"epoch":20,"best_train_loss":0.18489848534547648,"_wandb":{"runtime":28},"_runtime":28.4362936,"best_val_accuracy":0.8938333333333334,"val_loss":0.33951041167609725,"val_accuracy":0.8921666666666667}