{"best_val_loss":0.30908941263529766,"train_accuracy":0.9406296296296296,"best_epoch":16,"best_val_accuracy":0.8926666666666667,"best_train_loss":0.18026730771723837,"val_loss":0.3130088312448319,"best_train_accuracy":0.9323888888888889,"_wandb":{"runtime":24},"_timestamp":1.7413912902384145e+09,"epoch":20,"val_accuracy":0.8923333333333333,"_step":20,"train_loss":0.16059354453057925,"_runtime":24.0075626}