{"best_val_loss":0.5708374110575088,"best_epoch":9,"_runtime":26.1344299,"val_loss":0.5485075454558265,"val_accuracy":0.8033333333333333,"epoch":15,"train_loss":0.5941844055522334,"best_val_accuracy":0.8541666666666666,"best_train_accuracy":0.836574074074074,"best_train_loss":0.578821351057283,"_wandb":{"runtime":26},"train_accuracy":0.837925925925926,"_step":15,"_timestamp":1.7412572426640298e+09}