{"best_epoch":9,"best_train_loss":0.1765986785082304,"test_accuracy":0.8642,"best_val_accuracy":0.8721666666666666,"confusion_matrix":{"size":28779,"path":"media/plotly/confusion_matrix_12_0df9c5ce2f4532b36ebd.plotly.json","_type":"plotly-file","sha256":"0df9c5ce2f4532b36ebdc2457fd6487df3e8f192bf2022c07998558a91aa3410"},"_runtime":165.9931323,"_timestamp":1.741458954821019e+09,"test_loss":0.19975172138786523,"train_accuracy":0.8835,"best_val_loss":0.19029361416477103,"train_loss":0.1765986785082304,"best_train_accuracy":0.8835,"_wandb":{"runtime":166},"val_loss":0.19029361416477103,"val_accuracy":0.8721666666666666,"epoch":10,"_step":12}