{"best_val_accuracy":0.8556666666666667,"best_val_loss":0.3909082310451493,"best_train_loss":0.38668079389468224,"val_loss":0.3909082310451493,"train_loss":0.38668079389468224,"epoch":15,"_runtime":49.1530125,"val_accuracy":0.8556666666666667,"_timestamp":1.7412771397507746e+09,"best_train_accuracy":0.8623333333333333,"_wandb":{"runtime":49},"_step":15,"best_epoch":14,"train_accuracy":0.8623333333333333}