{"_step":20,"_wandb":{"runtime":28},"best_val_accuracy":0.8945,"train_accuracy":0.9421666666666667,"_timestamp":1.7413994845126736e+09,"best_val_loss":0.3354057091532125,"best_train_loss":0.15432305406457547,"train_loss":0.15432305406457547,"epoch":20,"_runtime":28.6208226,"val_loss":0.3354057091532125,"best_epoch":19,"best_train_accuracy":0.9421666666666667,"val_accuracy":0.8945}