{"best_val_loss":0.45980395313000083,"best_train_accuracy":0.8365925925925926,"train_loss":0.4614075066036652,"epoch":10,"_timestamp":1.741366280730445e+09,"best_val_accuracy":0.8343333333333334,"train_accuracy":0.8365925925925926,"best_epoch":9,"best_train_loss":0.4614075066036652,"_wandb":{"runtime":21},"val_loss":0.45980395313000083,"_runtime":21.4046058,"val_accuracy":0.8343333333333334,"_step":10}