{"best_val_accuracy":0.8705,"best_train_loss":0.36130759859952666,"_runtime":16.1710312,"_wandb":{"runtime":16},"train_accuracy":0.8781851851851852,"epoch":10,"best_train_accuracy":0.8760740740740741,"train_loss":0.3739716167032362,"best_val_loss":0.3991784686297092,"val_accuracy":0.8516666666666667,"_timestamp":1.7413645828919022e+09,"_step":10,"best_epoch":4,"val_loss":0.47953637742177907}