{"best_train_loss":1.4351326412422925,"_runtime":4.9489848,"epoch":5,"_step":5,"best_val_accuracy":0.525,"val_accuracy":0.525,"best_epoch":4,"best_val_loss":1.286918986802324,"val_loss":1.286918986802324,"_timestamp":1.7413645269347596e+09,"train_accuracy":0.4779259259259259,"_wandb":{"runtime":4},"best_train_accuracy":0.4779259259259259,"train_loss":1.4351326412422925}