{"best_train_accuracy":0.8987962962962963,"train_accuracy":0.8987962962962963,"val_accuracy":0.8878333333333334,"val_loss":0.3105040339976146,"train_loss":0.2723580838036975,"best_epoch":9,"_timestamp":1.7413645466910748e+09,"best_val_loss":0.3105040339976146,"epoch":10,"best_train_loss":0.2723580838036975,"best_val_accuracy":0.8878333333333334,"_wandb":{"runtime":12},"_runtime":12.9069426,"_step":10}