{"_step":15,"epoch":15,"_runtime":67.7812573,"train_accuracy":0.8628518518518519,"_wandb":{"runtime":67},"_timestamp":1.7412724882147365e+09,"val_accuracy":0.8588333333333333,"train_loss":0.3898415892797358,"best_epoch":14,"val_loss":0.4004614820406878,"best_val_loss":0.4004614820406878,"best_val_accuracy":0.8588333333333333,"best_train_loss":0.3898415892797358,"best_train_accuracy":0.8628518518518519}