{"val_loss":0.327605915451766,"best_val_loss":0.30856380890568774,"_step":20,"_wandb":{"runtime":23},"_timestamp":1.7414051666703744e+09,"best_epoch":10,"val_accuracy":0.8915,"train_loss":0.16001821141381137,"best_train_loss":0.22534901011069197,"epoch":20,"best_train_accuracy":0.9158518518518518,"train_accuracy":0.9405555555555556,"best_val_accuracy":0.8943333333333333,"_runtime":23.6065024}