{"train_accuracy":0.9346666666666666,"val_accuracy":0.8935,"_wandb":{"runtime":23},"_timestamp":1.7413799563492885e+09,"best_train_loss":0.1865422544683753,"epoch":20,"train_loss":0.1771572542871637,"val_loss":0.3113532648257272,"_runtime":23.0854428,"best_epoch":18,"best_val_loss":0.3088994966411214,"_step":20,"best_train_accuracy":0.9296296296296296,"best_val_accuracy":0.8941666666666667}