{"best_train_accuracy":0.8547222222222223,"_runtime":25.1594533,"val_loss":0.4219687699911141,"_wandb":{"runtime":25},"_timestamp":1.7412538813434453e+09,"train_loss":0.4193146632082621,"best_epoch":14,"_step":15,"train_accuracy":0.8547222222222223,"val_accuracy":0.8481666666666666,"best_val_accuracy":0.8481666666666666,"epoch":15,"best_train_loss":0.4193146632082621,"best_val_loss":0.4219687699911141}