{"best_val_loss":0.34225936198203993,"train_accuracy":0.9387037037037037,"best_train_accuracy":0.9326296296296296,"best_train_loss":0.1793835761746318,"_runtime":22.1613873,"train_loss":0.16233001565573157,"best_epoch":16,"_step":20,"epoch":20,"best_val_accuracy":0.894,"val_accuracy":0.8851666666666667,"_timestamp":1.7414000345918434e+09,"_wandb":{"runtime":22},"val_loss":0.37199883934969896}