{"_step":15,"_timestamp":1.74127783078421e+09,"best_train_loss":0.35622015729841805,"train_accuracy":0.8738148148148148,"_runtime":84.4219649,"_wandb":{"runtime":84},"best_epoch":14,"best_val_loss":0.3747962471172584,"val_loss":0.3747962471172584,"best_val_accuracy":0.8706666666666667,"epoch":15,"best_train_accuracy":0.8738148148148148,"train_loss":0.35622015729841805,"val_accuracy":0.8706666666666667}