{"best_epoch":13,"_wandb":{"runtime":44},"best_train_accuracy":0.8618703703703704,"val_loss":0.38995366797611714,"best_train_loss":0.3888552396597842,"val_accuracy":0.8601666666666666,"train_accuracy":0.863537037037037,"_timestamp":1.741259632804048e+09,"epoch":15,"best_val_loss":0.39198160423900436,"_step":15,"best_val_accuracy":0.8601666666666666,"train_loss":0.3842415071774513,"_runtime":44.6866572}