{"_wandb":{"runtime":42},"best_val_loss":0.3126617261222113,"train_loss":0.14980407441428384,"_step":20,"epoch":20,"val_accuracy":0.8915,"best_train_accuracy":0.9388148148148148,"best_epoch":17,"_timestamp":1.741390896889706e+09,"best_train_loss":0.16182741550903199,"best_val_accuracy":0.8968333333333334,"train_accuracy":0.9438333333333333,"val_loss":0.34042885451600374,"_runtime":42.0273179}