{"epoch":15,"_runtime":44.5931456,"val_accuracy":0.8781666666666667,"best_train_accuracy":0.8897962962962963,"best_epoch":14,"train_accuracy":0.8897962962962963,"_wandb":{"runtime":44},"best_val_loss":0.3488428600731348,"val_loss":0.3488428600731348,"_timestamp":1.7412708547417316e+09,"best_val_accuracy":0.8781666666666667,"_step":15,"train_loss":0.30674580718435535,"best_train_loss":0.30674580718435535}