{"_wandb":{"runtime":96},"best_epoch":6,"best_val_loss":0.8940917501546725,"epoch":15,"_step":15,"_timestamp":1.7412658311063354e+09,"best_train_accuracy":0.7795,"_runtime":96.7908645,"best_train_loss":1.0991033026163755,"val_accuracy":0.5046666666666667,"train_loss":2.080410826464327,"train_accuracy":0.4673148148148148,"val_loss":1.5448048416150117,"best_val_accuracy":0.8241666666666667}