{"best_val_accuracy":0.8916666666666667,"_step":20,"train_loss":0.15985417774634786,"val_accuracy":0.886,"best_train_accuracy":0.931537037037037,"best_train_loss":0.1820730150080285,"val_loss":0.37129627813676536,"_wandb":{"runtime":37},"train_accuracy":0.9390185185185185,"best_val_loss":0.3568688970286372,"best_epoch":15,"_timestamp":1.7413844800785546e+09,"_runtime":37.4266976,"epoch":20}