{"train_accuracy":0.3620555555555556,"_runtime":23.2152627,"best_epoch":9,"_timestamp":1.7413627533707638e+09,"train_loss":2.0603493243183837,"val_accuracy":0.3863333333333333,"_step":10,"best_val_loss":2.036326200446713,"epoch":10,"best_train_loss":2.0603493243183837,"_wandb":{"runtime":23},"best_val_accuracy":0.3863333333333333,"best_train_accuracy":0.3620555555555556,"val_loss":2.036326200446713}