{"best_epoch":4,"_timestamp":1.741370284849335e+09,"epoch":5,"best_val_loss":0.3644238951537711,"_runtime":20.8140406,"train_accuracy":0.8807037037037037,"val_loss":0.3644238951537711,"best_train_loss":0.33534647324462885,"train_loss":0.33534647324462885,"_wandb":{"runtime":20},"best_train_accuracy":0.8807037037037037,"best_val_accuracy":0.8726666666666667,"_step":5,"val_accuracy":0.8726666666666667}