{"best_val_accuracy":0.8348333333333333,"_wandb":{"runtime":102},"best_val_loss":0.5415974024625677,"train_loss":1.8192966073961747,"best_train_loss":0.6413393496554807,"best_train_accuracy":0.7875185185185185,"best_epoch":0,"val_loss":1.4890015975325792,"_step":15,"train_accuracy":0.4782592592592593,"_timestamp":1.7412751938180487e+09,"val_accuracy":0.44366666666666665,"epoch":15,"_runtime":102.9392127}