{"train_accuracy":0.8733148148148148,"best_val_accuracy":0.8696666666666667,"_step":7,"best_train_loss":0.20081677044389593,"confusion_matrix":{"path":"media/plotly/confusion_matrix_7_fa794249b68f262a50b3.plotly.json","_type":"plotly-file","sha256":"fa794249b68f262a50b3d4b0177852746ca9533d6ce595409a4ca41b95a8c47b","size":28781},"best_train_accuracy":0.8702777777777778,"best_val_loss":0.2184530032296363,"test_loss":0.23190629232732748,"test_accuracy":0.8495,"val_loss":0.22299912632114993,"_wandb":{"runtime":131},"epoch":5,"_runtime":131.9001248,"val_accuracy":0.8558333333333333,"best_epoch":3,"train_loss":0.19726042587406886,"_timestamp":1.7414587735485804e+09}