{"epoch":20,"best_val_loss":0.3494222946803041,"_runtime":18.6382404,"train_accuracy":0.929,"val_loss":0.3753362938051249,"best_epoch":15,"_step":20,"train_loss":0.18937488963186141,"val_accuracy":0.8908333333333334,"best_train_accuracy":0.9217407407407407,"best_train_loss":0.2075167566204739,"_timestamp":1.7414014312545466e+09,"best_val_accuracy":0.8923333333333333,"_wandb":{"runtime":18}}