{"val_loss":0.3357295682030175,"_runtime":20.1656157,"val_accuracy":0.885,"_wandb":{"runtime":20},"epoch":20,"_step":20,"best_epoch":15,"train_loss":0.19317239226392638,"best_val_loss":0.3135175855122103,"train_accuracy":0.9288518518518518,"_timestamp":1.7413814077259438e+09,"best_val_accuracy":0.887,"best_train_loss":0.21476837795109677,"best_train_accuracy":0.9219259259259259}