{"val_loss":0.3263028252314885,"best_train_loss":0.1848796843729521,"_step":20,"train_accuracy":0.9316666666666666,"_wandb":{"runtime":22},"best_val_accuracy":0.8965,"best_train_accuracy":0.9308333333333333,"best_epoch":18,"val_accuracy":0.8945,"train_loss":0.18108766250268635,"epoch":20,"_runtime":22.8893483,"best_val_loss":0.30411886519186454,"_timestamp":1.7413825111464176e+09}