{"_step":20,"best_train_loss":0.2894741026641525,"epoch":20,"val_accuracy":0.8856666666666667,"best_train_accuracy":0.8953888888888889,"train_accuracy":0.8953888888888889,"train_loss":0.2894741026641525,"_wandb":{"runtime":37},"best_val_accuracy":0.8856666666666667,"_timestamp":1.7413735705767968e+09,"best_val_loss":0.3279845793501884,"_runtime":37.0337452,"val_loss":0.3279845793501884,"best_epoch":19}