{"train_loss":0.42068187663442164,"val_loss":0.43195269063670494,"best_val_loss":0.42306924862927636,"_wandb":{"runtime":109},"_step":15,"val_accuracy":0.8595,"_runtime":109.5799785,"best_epoch":12,"_timestamp":1.74125665620763e+09,"best_val_accuracy":0.8608333333333333,"train_accuracy":0.865537037037037,"epoch":15,"best_train_loss":0.41832743637820635,"best_train_accuracy":0.8627592592592592}