{"val_loss":0.5599436108795738,"train_loss":0.4606337265698587,"best_train_accuracy":0.8556851851851852,"_wandb":{"runtime":26},"_timestamp":1.741279946428131e+09,"best_train_loss":0.45403506081878625,"val_accuracy":0.8456666666666667,"best_val_accuracy":0.866,"_step":15,"train_accuracy":0.8532407407407407,"best_epoch":13,"_runtime":26.838042,"epoch":15,"best_val_loss":0.4333476310399092}