{"_wandb":{"runtime":94},"best_val_loss":0.6357132990575298,"best_train_loss":0.6676727294641501,"_runtime":94.1300885,"_step":5,"_timestamp":1.7413614707187567e+09,"val_accuracy":0.7831666666666667,"best_val_accuracy":0.7831666666666667,"val_loss":0.6357132990575298,"train_accuracy":0.7767777777777778,"best_epoch":4,"train_loss":0.6676727294641501,"epoch":5,"best_train_accuracy":0.7767777777777778}