{"_timestamp":1.741401482560141e+09,"train_loss":0.2224513110084909,"epoch":20,"_wandb":{"runtime":21},"best_val_accuracy":0.8913333333333333,"_step":20,"best_train_accuracy":0.9159444444444444,"best_train_loss":0.2224513110084909,"val_accuracy":0.8913333333333333,"_runtime":21.6615159,"val_loss":0.3375843553517878,"best_val_loss":0.3375843553517878,"best_epoch":19,"train_accuracy":0.9159444444444444}