{"_step":20,"best_epoch":15,"best_train_loss":0.23710943331014075,"_runtime":21.5028246,"best_val_loss":0.3408928840079573,"epoch":20,"_timestamp":1.7413950828162587e+09,"best_val_accuracy":0.8871666666666667,"_wandb":{"runtime":21},"val_accuracy":0.8861666666666667,"best_train_accuracy":0.9096666666666666,"train_accuracy":0.9172222222222223,"train_loss":0.2169715937140954,"val_loss":0.3302881991689982}