{"_runtime":56.3277423,"best_epoch":17,"val_loss":0.3465203935833926,"_step":20,"train_accuracy":0.9392962962962963,"_timestamp":1.7413941107671535e+09,"best_train_loss":0.16733215373841717,"best_train_accuracy":0.9378333333333333,"_wandb":{"runtime":56},"best_val_loss":0.32857877114543177,"best_val_accuracy":0.8943333333333333,"train_loss":0.15774772087931108,"epoch":20,"val_accuracy":0.8928333333333334}