{"best_val_loss":0.33075902250304734,"train_accuracy":0.9388148148148148,"_wandb":{"runtime":22},"_runtime":22.281997,"val_loss":0.3476321558186387,"best_train_loss":0.18642970968158276,"val_accuracy":0.887,"_timestamp":1.741410085460523e+09,"train_loss":0.1625624348949974,"best_train_accuracy":0.9296851851851852,"best_val_accuracy":0.8918333333333334,"epoch":20,"_step":20,"best_epoch":15}