{"val_accuracy":0.8925,"_wandb":{"runtime":28},"best_val_loss":0.30993319900424393,"_timestamp":1.7413902263724537e+09,"best_train_accuracy":0.9336481481481481,"best_epoch":16,"train_loss":0.15820865326031947,"best_train_loss":0.17724148133356296,"train_accuracy":0.9410925925925926,"val_loss":0.31988400195353006,"_runtime":28.6779217,"epoch":20,"best_val_accuracy":0.8958333333333334,"_step":20}