{"best_train_accuracy":0.9195555555555556,"best_val_accuracy":0.8943333333333333,"_step":20,"epoch":20,"best_epoch":11,"_wandb":{"runtime":24},"_timestamp":1.7414024718227518e+09,"train_accuracy":0.9412037037037037,"best_val_loss":0.3071669767913829,"best_train_loss":0.21614034032336207,"val_loss":0.3324110871714294,"train_loss":0.15901625267119834,"_runtime":24.0355457,"val_accuracy":0.8923333333333333}