{"best_train_accuracy":0.9193333333333333,"_step":20,"best_val_loss":0.3091130602090742,"_wandb":{"runtime":19},"epoch":20,"val_loss":0.3551900540197098,"best_epoch":11,"_timestamp":1.741383404242635e+09,"best_train_loss":0.21841157988117185,"val_accuracy":0.8878333333333334,"_runtime":19.1879742,"train_accuracy":0.9391111111111111,"train_loss":0.163196329071185,"best_val_accuracy":0.893}