{"_timestamp":1.7414054277257764e+09,"train_loss":0.19451021308386232,"train_accuracy":0.9265740740740741,"best_train_accuracy":0.9265740740740741,"best_val_loss":0.31747753403823975,"val_loss":0.31747753403823975,"best_train_loss":0.19451021308386232,"_step":20,"best_epoch":19,"val_accuracy":0.8921666666666667,"epoch":20,"_runtime":23.5886584,"best_val_accuracy":0.8921666666666667,"_wandb":{"runtime":23}}