{"val_loss":0.43068402564355907,"best_train_accuracy":0.8617407407407407,"best_val_accuracy":0.8573333333333333,"best_train_loss":0.3867306426343985,"train_loss":0.37868763571633657,"train_accuracy":0.8653148148148149,"_timestamp":1.7412586598022916e+09,"_wandb":{"runtime":26},"best_epoch":13,"_runtime":26.0188958,"epoch":15,"val_accuracy":0.847,"best_val_loss":0.41599726490013417,"_step":15}