{"best_val_accuracy":0.8918333333333334,"val_accuracy":0.8896666666666667,"_runtime":19.6372927,"_timestamp":1.7413998135590875e+09,"_step":20,"train_loss":0.16628994530478136,"val_loss":0.359354068033821,"best_train_accuracy":0.9186851851851852,"best_epoch":11,"epoch":20,"best_train_loss":0.21848133863098476,"best_val_loss":0.31763147005797243,"train_accuracy":0.9382962962962963,"_wandb":{"runtime":19}}