{"val_accuracy":0.8413333333333334,"_step":10,"_wandb":{"runtime":166},"best_train_accuracy":0.8363518518518519,"epoch":10,"best_val_accuracy":0.848,"val_loss":0.6320726301502344,"train_accuracy":0.8290555555555555,"_runtime":166.4974485,"best_val_loss":0.605045420509392,"best_train_loss":0.5680326441507116,"best_epoch":5,"train_loss":0.6193818659892265,"_timestamp":1.7413697744353735e+09}