{"_timestamp":1.7413763849408271e+09,"best_train_accuracy":0.9288888888888889,"_runtime":22.5748271,"train_loss":0.18650479118875718,"_wandb":{"runtime":22},"train_accuracy":0.9288888888888889,"epoch":20,"val_loss":0.3117807187784971,"best_val_accuracy":0.8928333333333334,"val_accuracy":0.8928333333333334,"_step":20,"best_val_loss":0.3117807187784971,"best_train_loss":0.18650479118875718,"best_epoch":19}