{"val_accuracy":0.7148333333333333,"best_train_accuracy":0.8312777777777778,"best_train_loss":0.651615672194998,"_runtime":69.8855296,"best_epoch":6,"best_val_loss":0.5089673474434857,"epoch":15,"_timestamp":1.7412599048049047e+09,"train_loss":1.152476858051891,"_wandb":{"runtime":69},"best_val_accuracy":0.8615,"_step":15,"val_loss":1.669719664205266,"train_accuracy":0.7715925925925926}