{"val_accuracy":0.8906666666666667,"best_val_accuracy":0.8906666666666667,"_wandb":{"runtime":19},"val_loss":0.3244606168432253,"best_train_accuracy":0.9293703703703704,"train_accuracy":0.9293703703703704,"best_train_loss":0.19126221444902616,"_runtime":19.4356295,"train_loss":0.19126221444902616,"_timestamp":1.7413769530577555e+09,"best_epoch":19,"epoch":20,"_step":20,"best_val_loss":0.3244606168432253}