{"train_loss":0.6350718296957722,"_wandb":{"runtime":32},"_runtime":32.0930028,"best_val_accuracy":0.7866666666666666,"epoch":15,"best_train_loss":0.6350718296957722,"_timestamp":1.741252814380925e+09,"best_epoch":14,"best_val_loss":0.6184731921439293,"train_accuracy":0.7829259259259259,"val_accuracy":0.7866666666666666,"best_train_accuracy":0.7829259259259259,"val_loss":0.6184731921439293,"_step":15}