{"val_loss":0.33596466530369506,"best_val_loss":0.31170609081651074,"_step":20,"best_epoch":13,"train_accuracy":0.9312407407407407,"train_loss":0.18208620542997175,"epoch":20,"best_val_accuracy":0.8925,"_wandb":{"runtime":18},"_timestamp":1.7413911987879074e+09,"_runtime":18.4153307,"best_train_accuracy":0.917537037037037,"best_train_loss":0.22067243305678522,"val_accuracy":0.8885}