{"_timestamp":1.741365873982051e+09,"_wandb":{"runtime":22},"best_train_accuracy":0.8711851851851852,"val_accuracy":0.8526666666666667,"best_val_accuracy":0.8615,"best_train_loss":0.36554286912469103,"val_loss":0.3977826245694019,"train_accuracy":0.8740185185185185,"_runtime":22.8265068,"epoch":10,"best_epoch":8,"_step":10,"best_val_loss":0.3772733874564717,"train_loss":0.357200375212221}