{"confusion_matrix":{"path":"media/plotly/confusion_matrix_12_b1e9624346d2f0042d98.plotly.json","_type":"plotly-file","sha256":"b1e9624346d2f0042d9870295fe4ecf2891c637ed21fa74f16c8e0d76ae4651d","size":28793},"epoch":10,"best_epoch":8,"_step":12,"best_val_accuracy":0.8831666666666667,"val_loss":0.1863407239129467,"val_accuracy":0.878,"test_loss":0.19458907438385245,"best_val_loss":0.18114457890777919,"best_train_loss":0.1586011376896778,"_timestamp":1.7414610700259852e+09,"train_loss":0.15467811433158832,"_wandb":{"runtime":166},"_runtime":166.5542092,"best_train_accuracy":0.8968148148148148,"train_accuracy":0.8995740740740741,"test_accuracy":0.8751}