{"epoch":10,"_runtime":33.7732626,"val_accuracy":0.8766666666666667,"_step":10,"val_loss":0.3464474517825422,"_timestamp":1.7413651769981527e+09,"best_train_accuracy":0.8865555555555555,"_wandb":{"runtime":33},"best_epoch":9,"best_train_loss":0.3164113561192499,"train_loss":0.3164113561192499,"best_val_loss":0.3464474517825422,"best_val_accuracy":0.8766666666666667,"train_accuracy":0.8865555555555555}