{"val_loss":0.36195514509235016,"best_epoch":14,"best_val_accuracy":0.8933333333333333,"_wandb":{"runtime":57},"best_val_loss":0.3265820210979297,"_timestamp":1.7414064700105894e+09,"best_train_accuracy":0.9258703703703703,"train_loss":0.16497505295766915,"val_accuracy":0.8865,"best_train_loss":0.19381378177933706,"epoch":20,"_step":20,"_runtime":57.3062485,"train_accuracy":0.9368888888888889}