{"_step":20,"_wandb":{"runtime":41},"val_accuracy":0.8935,"best_train_accuracy":0.9392777777777778,"_runtime":41.5495006,"best_val_loss":0.3321107652229113,"_timestamp":1.7413949854694395e+09,"train_accuracy":0.9445740740740741,"best_epoch":16,"best_val_accuracy":0.8953333333333333,"val_loss":0.3486313037338119,"train_loss":0.1487584417684147,"epoch":20,"best_train_loss":0.16238857057179415}