{"epoch":20,"_runtime":40.8412105,"best_val_accuracy":0.8855,"best_val_loss":0.32132713678819785,"train_loss":0.25849936795795275,"best_train_accuracy":0.9055,"_step":20,"val_loss":0.32132713678819785,"best_train_loss":0.25849936795795275,"_wandb":{"runtime":40},"val_accuracy":0.8855,"_timestamp":1.7413740967627635e+09,"train_accuracy":0.9055,"best_epoch":19}