{"best_train_loss":0.18448173545182991,"_wandb":{"runtime":23},"best_val_accuracy":0.8923333333333333,"_step":20,"best_epoch":18,"train_loss":0.18001132772007408,"val_loss":0.3341024746298489,"_timestamp":1.7413767647455854e+09,"val_accuracy":0.8875,"train_accuracy":0.9328148148148148,"best_val_loss":0.298357003900621,"epoch":20,"best_train_accuracy":0.9310925925925926,"_runtime":23.0309087}