{"best_train_loss":0.19002317068576105,"best_train_accuracy":0.928537037037037,"epoch":20,"val_loss":0.332166598890628,"_timestamp":1.7414069282385275e+09,"best_epoch":16,"best_val_loss":0.31940433887416564,"_step":20,"train_loss":0.1728666077707066,"_runtime":45.8158766,"val_accuracy":0.8925,"best_val_accuracy":0.8951666666666667,"train_accuracy":0.9353703703703704,"_wandb":{"runtime":45}}