{"best_train_loss":0.16918819495141013,"confusion_matrix":{"sha256":"8868dbc7158d88d523311f7302dea423f0fa29a7357710c3e181563eebede3da","size":28765,"path":"media/plotly/confusion_matrix_12_8868dbc7158d88d52331.plotly.json","_type":"plotly-file"},"test_loss":0.18402093942376516,"best_val_accuracy":0.8775,"best_val_loss":0.175535513646017,"test_accuracy":0.8735,"_timestamp":1.7414550360771577e+09,"epoch":10,"val_accuracy":0.8775,"train_accuracy":0.8871666666666667,"_runtime":221.5581295,"_wandb":{"runtime":221},"train_loss":0.16918819495141013,"_step":12,"best_train_accuracy":0.8871666666666667,"val_loss":0.175535513646017,"best_epoch":9}