{"train_loss":0.26166003337947946,"val_loss":0.38315875670812133,"best_epoch":11,"best_train_loss":0.27499660479177623,"best_val_accuracy":0.8833333333333333,"_step":15,"_runtime":158.3675915,"best_train_accuracy":0.9023703703703704,"val_accuracy":0.8778333333333334,"_timestamp":1.7412618419936125e+09,"train_accuracy":0.9082037037037037,"epoch":15,"best_val_loss":0.35791404403629495,"_wandb":{"runtime":158}}