{"_wandb":{"runtime":28},"train_loss":0.4755693903356899,"val_accuracy":0.821,"val_loss":0.5787933328718863,"best_train_accuracy":0.8642592592592593,"best_train_loss":0.40901840948547225,"_timestamp":1.7412698285945697e+09,"epoch":15,"best_epoch":6,"_runtime":28.8762023,"best_val_accuracy":0.8708333333333333,"_step":15,"train_accuracy":0.8552962962962963,"best_val_loss":0.4240150200088937}