{"train_loss":0.3870614616636932,"epoch":15,"best_val_loss":0.4079234878034965,"best_val_accuracy":0.8546666666666667,"_timestamp":1.7412543277614598e+09,"val_accuracy":0.8546666666666667,"_step":15,"best_epoch":14,"best_train_loss":0.3870614616636932,"val_loss":0.4079234878034965,"_wandb":{"runtime":22},"_runtime":22.9147028,"best_train_accuracy":0.8649814814814815,"train_accuracy":0.8649814814814815}