{"best_val_loss":0.16317325234284957,"train_accuracy":0.9287777777777778,"_wandb":{"runtime":42},"_timestamp":1.7414518743668513e+09,"best_train_accuracy":0.9269259259259259,"val_loss":0.17443595559692054,"best_val_accuracy":0.8928333333333334,"_step":22,"confusion_matrix":{"sha256":"95ccb8e555787d6c7b233e9d4d832487e9ae08715742d8a0c69b96a91aa31f8f","size":28781,"path":"media/plotly/confusion_matrix_22_95ccb8e555787d6c7b23.plotly.json","_type":"plotly-file"},"_runtime":42.1144919,"test_loss":0.1837407333658496,"epoch":20,"best_epoch":18,"test_accuracy":0.8849,"val_accuracy":0.8903333333333333,"best_train_loss":0.12138929132859182,"train_loss":0.11755822018656946}