{"best_val_accuracy":0.878,"confusion_matrix":{"size":28794,"path":"media/plotly/confusion_matrix_7_ae92b6af8309285f2f70.plotly.json","_type":"plotly-file","sha256":"ae92b6af8309285f2f70f2946a0771a46dfc3518e64f4ce9783dd8a46508ae0a"},"train_accuracy":0.8852037037037037,"_timestamp":1.7414548091085155e+09,"best_train_accuracy":0.8852037037037037,"_wandb":{"runtime":11},"train_loss":0.17548070506968955,"test_accuracy":0.8672,"best_epoch":4,"epoch":5,"best_val_loss":0.18656712198541947,"_runtime":11.675352,"val_loss":0.18656712198541947,"val_accuracy":0.878,"_step":7,"best_train_loss":0.17548070506968955,"test_loss":0.1980468756879293}