{"val_loss":2.3026134939835297,"val_accuracy":0.0925,"_timestamp":1.7412656193749561e+09,"best_train_accuracy":0.30774074074074076,"best_val_accuracy":0.36633333333333334,"epoch":15,"best_val_loss":2.2995152364606,"train_accuracy":0.10031481481481481,"train_loss":2.3025869373044876,"_step":15,"best_epoch":2,"best_train_loss":2.295732853245317,"_runtime":24.64497,"_wandb":{"runtime":24}}