{"val_loss":0.34181401711483334,"_step":20,"train_accuracy":0.9250555555555555,"best_epoch":17,"_wandb":{"runtime":28},"_timestamp":1.7414104484123325e+09,"best_train_accuracy":0.9188518518518518,"best_val_accuracy":0.8908333333333334,"val_accuracy":0.883,"best_train_loss":0.21351625770921567,"epoch":20,"train_loss":0.20040168745023082,"_runtime":28.2402678,"best_val_loss":0.31922168696178527}