{"_timestamp":1.7414543724448829e+09,"best_val_accuracy":0.8813333333333333,"epoch":10,"test_loss":0.204225481896099,"best_epoch":8,"confusion_matrix":{"size":28789,"path":"media/plotly/confusion_matrix_12_2c937034d090ee1ae934.plotly.json","_type":"plotly-file","sha256":"2c937034d090ee1ae934c7315a106d844b84612753514fd2e6b3fd8d739db2c4"},"_step":12,"test_accuracy":0.8678,"_wandb":{"runtime":532},"best_train_accuracy":0.8892962962962963,"train_loss":0.16957888069451288,"val_accuracy":0.874,"best_train_loss":0.17450569742354147,"train_accuracy":0.8922777777777777,"best_val_loss":0.19073825920723012,"_runtime":532.7541009,"val_loss":0.19591596028951988}