{"best_val_loss":0.33279055300488103,"best_epoch":16,"val_accuracy":0.8893333333333333,"_timestamp":1.741381659086769e+09,"train_accuracy":0.9294074074074075,"_step":20,"best_train_loss":0.20298034513924093,"_runtime":26.2956581,"_wandb":{"runtime":26},"epoch":20,"val_loss":0.34448361285765267,"best_val_accuracy":0.8895,"best_train_accuracy":0.9247222222222222,"train_loss":0.18892726966114942}