{"train_loss":0.17905751231583797,"_step":20,"val_loss":0.3248238277540755,"best_train_accuracy":0.9298333333333333,"train_accuracy":0.9341111111111111,"epoch":20,"best_val_accuracy":0.8928333333333334,"val_accuracy":0.8925,"_runtime":23.0141233,"best_epoch":17,"best_val_loss":0.2996041086140413,"best_train_loss":0.1893293996265964,"_wandb":{"runtime":23},"_timestamp":1.7413927994721093e+09}