{"best_train_accuracy":0.8796851851851852,"_timestamp":1.7412685746187406e+09,"epoch":15,"_step":15,"val_loss":0.36714498717633365,"_runtime":87.4185935,"best_val_accuracy":0.8738333333333334,"train_loss":0.3413441728393632,"best_val_loss":0.36593262310534336,"best_epoch":12,"train_accuracy":0.8819259259259259,"best_train_loss":0.34742786073635884,"val_accuracy":0.873,"_wandb":{"runtime":87}}