{"_wandb":{"runtime":40},"train_accuracy":0.853037037037037,"best_val_loss":0.425735985092888,"epoch":10,"best_epoch":8,"best_val_accuracy":0.8511666666666666,"val_accuracy":0.846,"best_train_loss":0.43288038344497476,"_step":10,"_runtime":40.5046504,"val_loss":0.4261629639440331,"best_train_accuracy":0.8492222222222222,"_timestamp":1.7413679592238925e+09,"train_loss":0.42331700899711744}