{"best_val_accuracy":0.8955,"best_val_loss":0.32125616678092894,"train_loss":0.17799186926498037,"best_epoch":19,"_timestamp":1.7413934874661698e+09,"val_loss":0.32125616678092894,"_step":20,"_wandb":{"runtime":31},"train_accuracy":0.9323518518518519,"val_accuracy":0.8955,"_runtime":31.7497959,"epoch":20,"best_train_loss":0.17799186926498037,"best_train_accuracy":0.9323518518518519}