{"_wandb":{"runtime":25},"val_accuracy":0.8536666666666667,"best_epoch":12,"_runtime":25.4208268,"best_train_accuracy":0.8581851851851852,"best_val_loss":0.4044203940676805,"best_val_accuracy":0.8583333333333333,"epoch":15,"val_loss":0.4052765709075832,"train_accuracy":0.8639814814814815,"_step":15,"train_loss":0.3861854952756053,"_timestamp":1.7412791614970536e+09,"best_train_loss":0.402540980536887}