{"best_val_loss":0.3441558628757436,"_step":20,"val_loss":0.36703104845395135,"_wandb":{"runtime":23},"best_train_loss":0.19679046263486075,"best_train_accuracy":0.9258703703703703,"epoch":20,"val_accuracy":0.8883333333333333,"best_val_accuracy":0.8915,"_runtime":22.9804645,"best_epoch":17,"_timestamp":1.7413926505484195e+09,"train_loss":0.18834729917946505,"train_accuracy":0.9284814814814815}