{"_step":15,"epoch":15,"best_val_loss":0.38309907567678214,"train_loss":0.3491153019562612,"val_loss":0.38356743712924973,"_runtime":45.7513986,"_timestamp":1.7412580342314196e+09,"best_epoch":13,"best_train_loss":0.3505762971434567,"val_accuracy":0.87,"train_accuracy":0.8813333333333333,"best_train_accuracy":0.8790740740740741,"best_val_accuracy":0.8708333333333333,"_wandb":{"runtime":45}}