{"_runtime":27.3520824,"_timestamp":1.7413781840269804e+09,"_wandb":{"runtime":27},"epoch":20,"best_val_accuracy":0.895,"best_val_loss":0.31297881299301566,"train_loss":0.17849780902798576,"best_epoch":19,"best_train_loss":0.17849780902798576,"_step":20,"val_accuracy":0.895,"val_loss":0.31297881299301566,"train_accuracy":0.9316851851851852,"best_train_accuracy":0.9316851851851852}