{"best_val_accuracy":0.877,"train_loss":0.1714848014884949,"val_loss":0.19258390411619875,"best_val_loss":0.19423873353926815,"_step":12,"train_accuracy":0.8890925925925925,"best_train_loss":0.18459137274181228,"_wandb":{"runtime":127},"test_loss":0.2040971573180711,"best_epoch":4,"epoch":10,"val_accuracy":0.8766666666666667,"_runtime":127.4615382,"test_accuracy":0.8688,"_timestamp":1.7414596527799473e+09,"confusion_matrix":{"_type":"plotly-file","sha256":"76e9a12c27917cadb91484c6d944ea71ccf90fb1b99eab2891f611b74fae1210","size":28793,"path":"media/plotly/confusion_matrix_12_76e9a12c27917cadb914.plotly.json"},"best_train_accuracy":0.8801111111111111}