{"_wandb":{"runtime":18},"epoch":15,"_step":15,"val_accuracy":0.8418333333333333,"best_epoch":14,"train_loss":0.4318496607595914,"_timestamp":1.7412546565986156e+09,"best_train_accuracy":0.8482962962962963,"val_loss":0.44298349943162846,"best_val_accuracy":0.8418333333333333,"_runtime":18.9597475,"best_train_loss":0.4318496607595914,"best_val_loss":0.44298349943162846,"train_accuracy":0.8482962962962963}