{"_step":20,"train_loss":0.22847106290420166,"_runtime":32.6653386,"_wandb":{"runtime":32},"best_epoch":19,"_timestamp":1.7414000074534976e+09,"train_accuracy":0.9166666666666666,"val_loss":0.34414846889689915,"val_accuracy":0.8875,"best_val_accuracy":0.8875,"best_train_loss":0.22847106290420166,"epoch":20,"best_val_loss":0.34414846889689915,"best_train_accuracy":0.9166666666666666}