{"_wandb":{"runtime":50},"_runtime":50.2505931,"best_val_accuracy":0.8546666666666667,"train_accuracy":0.8608518518518519,"best_epoch":13,"epoch":15,"_timestamp":1.741277077253323e+09,"train_loss":0.3960118035701524,"_step":15,"best_val_loss":0.4099665025497674,"val_accuracy":0.8503333333333334,"val_loss":0.4121169729119386,"best_train_loss":0.40266164053407916,"best_train_accuracy":0.856537037037037}