{"_wandb":{"runtime":28},"best_train_loss":0.16116355593068005,"_runtime":28.3678162,"best_train_accuracy":0.9397592592592593,"_timestamp":1.7413832914909656e+09,"best_val_accuracy":0.8926666666666667,"train_loss":0.1550343921295384,"best_epoch":18,"_step":20,"best_val_loss":0.31844277993598036,"val_loss":0.3401201586739677,"train_accuracy":0.9425925925925925,"epoch":20,"val_accuracy":0.8918333333333334}