{"best_val_loss":0.3221418454207729,"train_loss":0.16481880881762975,"_timestamp":1.7413995500235543e+09,"train_accuracy":0.9371481481481482,"epoch":20,"best_train_accuracy":0.9279444444444445,"_step":20,"val_accuracy":0.8908333333333334,"best_train_loss":0.18873821202270405,"best_epoch":15,"_wandb":{"runtime":60},"best_val_accuracy":0.891,"_runtime":60.4662934,"val_loss":0.3378050704241155}