{"epoch":15,"best_epoch":13,"train_accuracy":0.8812777777777778,"val_accuracy":0.8711666666666666,"val_loss":0.39324820314672077,"_timestamp":1.7412527049541454e+09,"train_loss":0.3509143303323051,"best_val_loss":0.39031892157705156,"_wandb":{"runtime":52},"best_train_accuracy":0.880462962962963,"_step":15,"best_train_loss":0.35161559953870897,"_runtime":52.6616196,"best_val_accuracy":0.873}