{"train_accuracy":0.9403888888888889,"best_epoch":19,"_step":20,"_runtime":23.704022,"val_accuracy":0.8935,"_timestamp":1.741385736548248e+09,"best_train_loss":0.16144860311528722,"_wandb":{"runtime":23},"best_val_accuracy":0.8935,"best_train_accuracy":0.9403888888888889,"epoch":20,"train_loss":0.16144860311528722,"val_loss":0.32016558947020896,"best_val_loss":0.32016558947020896}