{"best_val_accuracy":0.8908333333333334,"_step":20,"train_accuracy":0.9307962962962963,"_timestamp":1.7414026659639292e+09,"train_loss":0.18889442827314823,"best_val_loss":0.3425874768654552,"val_loss":0.3535671729199317,"best_epoch":15,"_runtime":22.7061531,"epoch":20,"val_accuracy":0.8841666666666667,"_wandb":{"runtime":22},"best_train_loss":0.2072901820294951,"best_train_accuracy":0.9229814814814815}