{"_step":15,"epoch":15,"val_accuracy":0.8528333333333333,"train_loss":0.4121296606469561,"train_accuracy":0.8540185185185185,"_runtime":26.1360621,"_timestamp":1.7412573070306911e+09,"_wandb":{"runtime":26},"best_epoch":14,"best_val_loss":0.42252947697857274,"best_val_accuracy":0.8528333333333333,"val_loss":0.42252947697857274,"best_train_accuracy":0.8540185185185185,"best_train_loss":0.4121296606469561}