{"train_loss":0.3692355607540036,"best_train_loss":0.3777660855995329,"_runtime":41.0682838,"best_train_accuracy":0.8652962962962963,"_wandb":{"runtime":41},"best_epoch":17,"best_val_accuracy":0.8603333333333333,"val_accuracy":0.8595,"best_val_loss":0.4011150821634598,"val_loss":0.3915454690859244,"_timestamp":1.7413724724685879e+09,"_step":20,"train_accuracy":0.8686481481481482,"epoch":20}