{"best_train_loss":0.4523396971496979,"_runtime":115.9647451,"_timestamp":1.741269183773996e+09,"best_val_loss":0.4765546394371554,"best_epoch":11,"epoch":15,"best_val_accuracy":0.8661666666666666,"train_loss":0.46780853669465694,"_wandb":{"runtime":116},"best_train_accuracy":0.8724259259259259,"train_accuracy":0.8696481481481482,"val_loss":0.4646374358472131,"_step":15,"val_accuracy":0.8635}