{"best_val_accuracy":0.8943333333333333,"best_train_loss":0.18490186872298955,"_runtime":19.38646,"best_train_accuracy":0.9302037037037038,"best_val_loss":0.3299651940965069,"val_accuracy":0.8921666666666667,"_step":20,"train_loss":0.16526584790228843,"_timestamp":1.7413897210396318e+09,"_wandb":{"runtime":19},"val_loss":0.33980663263228833,"epoch":20,"train_accuracy":0.9382037037037037,"best_epoch":16}