{"best_val_loss":0.4036159865782279,"best_train_accuracy":0.8594259259259259,"_wandb":{"runtime":40},"best_val_accuracy":0.8528333333333333,"_runtime":40.1530146,"train_accuracy":0.8594259259259259,"_timestamp":1.7412730032130275e+09,"_step":15,"best_train_loss":0.39131910318916513,"epoch":15,"train_loss":0.39131910318916513,"val_loss":0.4036159865782279,"best_epoch":14,"val_accuracy":0.8528333333333333}