{"_timestamp":1.7414577093881161e+09,"best_epoch":3,"_runtime":32.4862002,"best_train_accuracy":0.8837037037037037,"train_loss":0.15306457380250463,"best_val_accuracy":0.8793333333333333,"val_accuracy":0.8788333333333334,"_wandb":{"runtime":32},"test_accuracy":0.8734,"val_loss":0.18939042117485494,"confusion_matrix":{"_type":"plotly-file","sha256":"af5790b421d9c494367661b69c23e01f3fefc4bca127ebf4bd9c0ac777af2b48","size":28796,"path":"media/plotly/confusion_matrix_12_af5790b421d9c4943676.plotly.json"},"_step":12,"epoch":10,"test_loss":0.19569025162723527,"train_accuracy":0.9012407407407408,"best_val_loss":0.18368179392064352,"best_train_loss":0.17863596380478844}