{"best_val_accuracy":0.8921666666666667,"best_train_loss":0.20247402616849922,"best_train_accuracy":0.9235740740740741,"_runtime":22.2278628,"_timestamp":1.7413870084734678e+09,"val_accuracy":0.889,"best_val_loss":0.32751163497927793,"train_loss":0.1620128592701822,"_step":20,"best_epoch":13,"_wandb":{"runtime":22},"val_loss":0.33922587998125775,"epoch":20,"train_accuracy":0.9382037037037037}