{"best_train_accuracy":0.7026296296296296,"val_loss":0.9164573267162659,"_runtime":23.0269412,"best_train_loss":0.9505242429347837,"_wandb":{"runtime":23},"best_val_loss":0.9164573267162659,"best_val_accuracy":0.7208333333333333,"val_accuracy":0.7208333333333333,"_step":10,"train_accuracy":0.7026296296296296,"best_epoch":9,"_timestamp":1.741362566145311e+09,"epoch":10,"train_loss":0.9505242429347837}