{"_wandb":{"runtime":21},"train_loss":0.5368234337778103,"best_train_accuracy":0.8559814814814815,"_timestamp":1.7412534676887686e+09,"_runtime":21.8687896,"val_accuracy":0.8445,"val_loss":0.6460528254145486,"best_train_loss":0.44168160949506247,"train_accuracy":0.8522592592592593,"epoch":15,"_step":15,"best_val_accuracy":0.8571666666666666,"best_epoch":3,"best_val_loss":0.47229966429880266}