{"epoch":15,"best_train_loss":0.39947814208870136,"val_accuracy":0.853,"_timestamp":1.7412580673717597e+09,"val_loss":0.4103803624881986,"_step":15,"train_accuracy":0.8636851851851852,"best_train_accuracy":0.8586111111111111,"best_val_loss":0.40802792952877764,"best_val_accuracy":0.8581666666666666,"train_loss":0.3836851042921632,"_wandb":{"runtime":25},"_runtime":25.1579145,"best_epoch":12}