{"_timestamp":1.7414000943330567e+09,"train_loss":0.18225932270929862,"best_train_accuracy":0.9234444444444444,"val_loss":0.32555458016252103,"val_accuracy":0.8915,"best_train_loss":0.20425602234257345,"best_epoch":15,"train_accuracy":0.9321296296296296,"_wandb":{"runtime":22},"epoch":20,"_step":20,"_runtime":22.6366587,"best_val_accuracy":0.8916666666666667,"best_val_loss":0.30862810599558993}