{"best_val_loss":0.36506639035547056,"_runtime":102.5560617,"_wandb":{"runtime":102},"best_val_accuracy":0.8738333333333334,"train_accuracy":0.8790740740740741,"_timestamp":1.7412622237597928e+09,"_step":15,"epoch":15,"best_epoch":14,"val_accuracy":0.8738333333333334,"train_loss":0.3429595590331332,"val_loss":0.36506639035547056,"best_train_accuracy":0.8790740740740741,"best_train_loss":0.3429595590331332}