{"_timestamp":1.7412811565575562e+09,"train_loss":1.5736326822035405,"val_loss":1.0072126429298356,"best_val_accuracy":0.8388333333333333,"epoch":15,"val_accuracy":0.693,"_runtime":111.5106821,"_wandb":{"runtime":111},"train_accuracy":0.6867037037037037,"best_epoch":0,"best_train_loss":0.6310438546061687,"best_train_accuracy":0.7992962962962963,"_step":15,"best_val_loss":0.534135394884134}