{"train_loss":0.23120140243266107,"epoch":20,"best_train_accuracy":0.9142222222222223,"train_accuracy":0.9152407407407407,"best_val_accuracy":0.8918333333333334,"_timestamp":1.741401456033431e+09,"_wandb":{"runtime":16},"best_epoch":18,"val_loss":0.3616700827647834,"_runtime":16.6531637,"best_val_loss":0.3685122301189839,"best_train_loss":0.2338062682711163,"val_accuracy":0.8833333333333333,"_step":20}