{"val_accuracy":0.8888333333333334,"train_loss":0.17785887922279894,"best_val_loss":0.3199087658694544,"epoch":20,"best_train_loss":0.18113081503567066,"best_epoch":18,"best_train_accuracy":0.9313148148148148,"_step":20,"_timestamp":1.7413764683781579e+09,"val_loss":0.34213213019854083,"train_accuracy":0.9331481481481482,"best_val_accuracy":0.8923333333333333,"_wandb":{"runtime":31},"_runtime":31.7653276}