{"test_accuracy":0.8725,"best_val_accuracy":0.8828333333333334,"train_accuracy":0.896074074074074,"_wandb":{"runtime":72},"test_loss":0.19038858702129838,"train_loss":0.16002127815660286,"best_val_loss":0.1769218834009302,"val_loss":0.1769218834009302,"best_train_accuracy":0.896074074074074,"_step":12,"best_train_loss":0.16002127815660286,"confusion_matrix":{"_type":"plotly-file","sha256":"a0cfc6c4cb73c661bfea7cb782b379e87e9d3bc9d93fe0b0ae56e2374ebaa443","size":28795,"path":"media/plotly/confusion_matrix_12_a0cfc6c4cb73c661bfea.plotly.json"},"_timestamp":1.7414585055747468e+09,"best_epoch":9,"_runtime":72.0639257,"val_accuracy":0.8828333333333334,"epoch":10}