{"_step":15,"best_train_accuracy":0.7700555555555556,"best_val_accuracy":0.7843333333333333,"_wandb":{"runtime":26},"train_accuracy":0.78,"_runtime":26.1179147,"_timestamp":1.7412726119063106e+09,"val_accuracy":0.7781666666666667,"best_epoch":13,"epoch":15,"val_loss":0.6175661712951197,"train_loss":0.6289483512709846,"best_train_loss":0.6468597372736398,"best_val_loss":0.630922680970517}