{"epoch":20,"best_val_accuracy":0.894,"val_loss":0.34431117169206926,"best_val_loss":0.34431117169206926,"best_train_loss":0.18390615950294917,"best_epoch":19,"best_train_accuracy":0.9322037037037038,"_step":20,"_timestamp":1.7414027291143906e+09,"_wandb":{"runtime":31},"train_accuracy":0.9322037037037038,"val_accuracy":0.894,"train_loss":0.18390615950294917,"_runtime":31.1207036}