{"best_train_accuracy":0.9358888888888889,"train_loss":0.1627089658057584,"_timestamp":1.7413926191432931e+09,"_step":20,"_wandb":{"runtime":24},"best_val_accuracy":0.8973333333333333,"best_val_loss":0.3148516496316538,"epoch":20,"train_accuracy":0.9397962962962964,"val_accuracy":0.8935,"val_loss":0.3233160944796226,"_runtime":24.2114223,"best_train_loss":0.1737428593136429,"best_epoch":17}