{"best_train_accuracy":0.9232777777777778,"val_loss":0.34157578351735585,"best_train_loss":0.2076315794730607,"_wandb":{"runtime":22},"val_accuracy":0.8863333333333333,"train_accuracy":0.9307222222222222,"_timestamp":1.7413938264584854e+09,"best_epoch":16,"best_val_accuracy":0.892,"_step":20,"best_val_loss":0.3080063073693425,"_runtime":22.8548273,"epoch":20,"train_loss":0.18699058798181337}