{"best_val_loss":0.37523033622563867,"best_val_accuracy":0.8703333333333333,"best_train_accuracy":0.8845555555555555,"_wandb":{"runtime":197},"epoch":20,"train_accuracy":0.8788888888888889,"_runtime":197.0791443,"train_loss":0.3404404360777042,"_timestamp":1.741391527576722e+09,"best_epoch":16,"val_accuracy":0.8676666666666667,"_step":20,"best_train_loss":0.32339184947180555,"val_loss":0.39801930902280197}