{"_timestamp":1.7413807740909889e+09,"_runtime":32.8423425,"val_accuracy":0.8856666666666667,"train_accuracy":0.9433703703703704,"best_val_loss":0.3213300681276368,"best_epoch":15,"val_loss":0.36347052136796315,"_step":20,"train_loss":0.15161712214030626,"best_train_accuracy":0.9326851851851852,"epoch":20,"_wandb":{"runtime":32},"best_train_loss":0.18056762819216052,"best_val_accuracy":0.8935}