{"best_val_accuracy":0.8936666666666667,"best_train_loss":0.17681460517866834,"best_epoch":16,"train_accuracy":0.9385555555555556,"epoch":20,"train_loss":0.16097905164489812,"best_val_loss":0.33543150910316544,"_timestamp":1.7413880693861523e+09,"best_train_accuracy":0.9334444444444444,"val_accuracy":0.8903333333333333,"val_loss":0.3531489155097092,"_wandb":{"runtime":25},"_step":20,"_runtime":25.474641}