{"_timestamp":1.7414514502031527e+09,"test_accuracy":0.8498,"train_accuracy":0.8694074074074074,"_wandb":{"runtime":54},"confusion_matrix":{"path":"media/plotly/confusion_matrix_7_0671f2a1fa63b4011c84.plotly.json","_type":"plotly-file","sha256":"0671f2a1fa63b4011c8478238e43b8c0b5cd7e22779aba517223c773420a463f","size":28796},"_runtime":54.6214736,"_step":7,"best_epoch":2,"best_val_loss":0.20873202005662678,"best_train_accuracy":0.8609074074074075,"epoch":5,"test_loss":0.24383284147260187,"best_train_loss":0.21687821479144292,"train_loss":0.20467010397503896,"val_loss":0.2304286126669624,"best_val_accuracy":0.864,"val_accuracy":0.8601666666666666}