{"best_train_accuracy":0.9166481481481481,"best_val_loss":0.336518492538147,"val_loss":0.35442051967456534,"train_accuracy":0.9188703703703703,"_timestamp":1.7413924418807793e+09,"epoch":20,"best_val_accuracy":0.8885,"_wandb":{"runtime":75},"best_epoch":16,"best_train_loss":0.2258093962986517,"_step":20,"val_accuracy":0.8813333333333333,"train_loss":0.21516713430197906,"_runtime":75.2405173}