{"_timestamp":1.741365383456516e+09,"_runtime":30.4567955,"best_train_loss":0.33183360602704903,"train_loss":0.31621033374220814,"best_val_accuracy":0.8753333333333333,"val_accuracy":0.8703333333333333,"epoch":10,"val_loss":0.35878032424698114,"best_val_loss":0.3595676871996599,"_step":10,"train_accuracy":0.8871111111111111,"best_train_accuracy":0.8817407407407407,"_wandb":{"runtime":30},"best_epoch":7}