{"train_loss":0.17608023999859826,"test_loss":0.19019182244005065,"_wandb":{"runtime":18},"train_accuracy":0.8840740740740741,"best_train_accuracy":0.8840740740740741,"best_train_loss":0.17608023999859826,"_step":7,"test_accuracy":0.8743,"val_accuracy":0.8743333333333333,"val_loss":0.18473840394432348,"_runtime":18.5148466,"confusion_matrix":{"path":"media/plotly/confusion_matrix_7_fb8820a530d426fa31b3.plotly.json","_type":"plotly-file","sha256":"fb8820a530d426fa31b3913bcb8f6863a291c3b734f2a04e8161bebcc5081a09","size":28799},"best_epoch":4,"best_val_accuracy":0.8743333333333333,"epoch":5,"_timestamp":1.7414488670659146e+09,"best_val_loss":0.18473840394432348}