{"train_accuracy":0.9352222222222222,"_timestamp":1.741408858131676e+09,"best_train_loss":0.19130504952299085,"best_train_accuracy":0.9264814814814815,"train_loss":0.17047257267223997,"_step":20,"_wandb":{"runtime":41},"val_loss":0.37017714199399016,"best_val_accuracy":0.8913333333333333,"_runtime":41.3443979,"best_epoch":15,"val_accuracy":0.8821666666666667,"best_val_loss":0.3329473215458468,"epoch":20}