{"best_train_loss":0.1973072677640396,"best_val_loss":0.32619316547531796,"train_loss":0.18264043215342596,"val_loss":0.3481973882537487,"best_val_accuracy":0.8905,"val_accuracy":0.8896666666666667,"_timestamp":1.741400450139541e+09,"_runtime":21.0202239,"_wandb":{"runtime":21},"epoch":20,"best_epoch":15,"_step":20,"train_accuracy":0.9311666666666667,"best_train_accuracy":0.925537037037037}