{"_timestamp":1.7412713871419046e+09,"_wandb":{"runtime":49},"best_epoch":1,"epoch":15,"train_loss":0.6736428531095845,"best_val_accuracy":0.8541666666666666,"_runtime":49.5625297,"best_train_loss":0.4834297299553068,"val_loss":0.6396654187817201,"best_train_accuracy":0.8379074074074074,"val_accuracy":0.782,"train_accuracy":0.8267407407407408,"_step":15,"best_val_loss":0.4521287717567319}