{"epoch":15,"train_accuracy":0.10051851851851852,"best_val_loss":2.302594409468311,"val_accuracy":0.10266666666666667,"best_val_accuracy":0.105,"_wandb":{"runtime":66},"val_loss":2.3025708772815228,"best_train_accuracy":0.09618518518518518,"best_epoch":4,"_timestamp":1.741278533499692e+09,"_step":15,"best_train_loss":2.3026176094788458,"train_loss":2.302602640579841,"_runtime":66.8411414}