{"best_val_accuracy":0.8858333333333334,"_runtime":62.0780345,"val_loss":0.31892707510765844,"train_loss":0.25674639761077006,"_timestamp":1.7413725416587515e+09,"_wandb":{"runtime":62},"best_epoch":19,"train_accuracy":0.9052037037037037,"best_train_loss":0.25674639761077006,"best_train_accuracy":0.9052037037037037,"_step":20,"val_accuracy":0.8858333333333334,"best_val_loss":0.31892707510765844,"epoch":20}