{"train_accuracy":0.940462962962963,"best_epoch":15,"_timestamp":1.7413773991048274e+09,"train_loss":0.15969702542031858,"best_val_loss":0.2991501588807811,"val_loss":0.3266909669812551,"best_train_loss":0.18772275713662176,"_wandb":{"runtime":28},"val_accuracy":0.8923333333333333,"epoch":20,"_runtime":28.1790775,"_step":20,"best_val_accuracy":0.8951666666666667,"best_train_accuracy":0.9304814814814815}