{"best_train_accuracy":0.8604259259259259,"train_loss":0.441891411389795,"epoch":15,"best_train_loss":0.441891411389795,"best_val_loss":0.4642749225263262,"_step":15,"_wandb":{"runtime":96},"val_loss":0.4642749225263262,"best_epoch":14,"val_accuracy":0.8553333333333333,"_timestamp":1.7412561337081866e+09,"best_val_accuracy":0.8553333333333333,"_runtime":96.6599645,"train_accuracy":0.8604259259259259}