{"best_val_loss":0.3570009215002907,"val_loss":0.3570009215002907,"val_accuracy":0.8788333333333334,"_wandb":{"runtime":14},"epoch":10,"best_train_loss":0.32426648606273306,"_timestamp":1.7413683251496618e+09,"best_train_accuracy":0.8833148148148148,"_step":10,"train_accuracy":0.8833148148148148,"best_epoch":9,"_runtime":14.0786299,"best_val_accuracy":0.8788333333333334,"train_loss":0.32426648606273306}