{"val_loss":0.7162647893601102,"train_loss":0.5291177518085356,"best_val_loss":0.44488197046618205,"_runtime":17.488918,"best_epoch":2,"best_train_accuracy":0.8520740740740741,"_wandb":{"runtime":17},"_step":10,"val_accuracy":0.813,"best_train_loss":0.442750398892216,"epoch":10,"_timestamp":1.741363355300075e+09,"train_accuracy":0.8479814814814814,"best_val_accuracy":0.8503333333333334}