{"best_val_loss":0.18036870320812495,"epoch":10,"_wandb":{"runtime":84},"test_accuracy":0.8728,"_runtime":84.7421673,"train_accuracy":0.8995740740740741,"confusion_matrix":{"size":28786,"path":"media/plotly/confusion_matrix_12_acdcce756fa340d4131c.plotly.json","_type":"plotly-file","sha256":"acdcce756fa340d4131c064ba23cd2e9d4f80a81296a37325068612b324c0979"},"_step":12,"val_accuracy":0.8798333333333334,"_timestamp":1.7414509659521058e+09,"best_train_accuracy":0.8977592592592593,"best_val_accuracy":0.8828333333333334,"best_epoch":8,"train_loss":0.1549119799183772,"test_loss":0.19007416393011717,"val_loss":0.18034724189071158,"best_train_loss":0.15851285044643837}