{"train_accuracy":0.9016111111111111,"_step":12,"best_epoch":5,"_timestamp":1.7414590898645358e+09,"_wandb":{"runtime":71},"best_val_loss":0.1835484121757448,"best_train_accuracy":0.8911666666666667,"val_accuracy":0.8778333333333334,"_runtime":71.4518998,"val_loss":0.18756382780053923,"best_train_loss":0.16673242858314535,"test_loss":0.18841677055464462,"confusion_matrix":{"_type":"plotly-file","sha256":"706e9e155f979292875cddfa9d9df4c40b93fac397425efc7da547132f051cef","size":28794,"path":"media/plotly/confusion_matrix_12_706e9e155f979292875c.plotly.json"},"train_loss":0.1518554453940368,"test_accuracy":0.8747,"epoch":10,"best_val_accuracy":0.882}