{"best_val_loss":0.38358605664246254,"_runtime":74.8601526,"best_train_loss":0.3737497149442979,"_step":5,"_timestamp":1.7413669564577e+09,"epoch":5,"val_loss":0.3973984009237006,"_wandb":{"runtime":74},"best_epoch":3,"best_val_accuracy":0.867,"best_train_accuracy":0.8662777777777778,"val_accuracy":0.8563333333333333,"train_loss":0.3586490396154739,"train_accuracy":0.8693518518518518}