{"best_val_loss":0.5929682789305879,"best_train_loss":0.5972063011520637,"train_accuracy":0.7784629629629629,"_runtime":29.962238,"epoch":15,"val_accuracy":0.7841666666666667,"_step":15,"best_val_accuracy":0.7841666666666667,"train_loss":0.5972063011520637,"best_epoch":14,"_wandb":{"runtime":30},"_timestamp":1.741273811578057e+09,"val_loss":0.5929682789305879,"best_train_accuracy":0.7784629629629629}