{"_timestamp":1.741369610026404e+09,"_step":10,"train_loss":0.3332196438494238,"val_accuracy":0.8678333333333333,"_runtime":35.8663538,"train_accuracy":0.8799074074074074,"best_epoch":8,"_wandb":{"runtime":35},"best_val_accuracy":0.8686666666666667,"val_loss":0.35375641000992997,"epoch":10,"best_train_accuracy":0.8779444444444444,"best_val_loss":0.36491788280112336,"best_train_loss":0.3402056488897161}