{"best_train_loss":0.32294964330479536,"train_accuracy":0.8842407407407408,"_wandb":{"runtime":39},"_step":15,"epoch":15,"best_val_accuracy":0.8711666666666666,"val_loss":0.3510880618327926,"_runtime":39.2258342,"best_epoch":14,"_timestamp":1.741264373213252e+09,"train_loss":0.32294964330479536,"best_val_loss":0.3510880618327926,"best_train_accuracy":0.8842407407407408,"val_accuracy":0.8711666666666666}