{"_wandb":{"runtime":77},"best_epoch":13,"val_accuracy":0.88,"_runtime":77.3356314,"train_loss":0.29889251904530206,"best_train_loss":0.3023779961661242,"best_val_loss":0.33745880078999935,"val_loss":0.3348754983031075,"epoch":15,"best_train_accuracy":0.892462962962963,"_timestamp":1.7412737047158334e+09,"best_val_accuracy":0.8821666666666667,"train_accuracy":0.8933518518518518,"_step":15}