{"epoch":20,"_timestamp":1.7413997097272565e+09,"best_train_loss":0.2103647216084796,"val_accuracy":0.8888333333333334,"train_accuracy":0.9256111111111112,"best_val_accuracy":0.8948333333333334,"_wandb":{"runtime":22},"_step":20,"val_loss":0.327045902517696,"best_epoch":17,"best_train_accuracy":0.9201111111111111,"_runtime":22.6885137,"train_loss":0.19584572974143852,"best_val_loss":0.31414201285036375}