{"val_accuracy":0.895,"best_epoch":23,"best_train_accuracy":0.9470555555555555,"best_train_loss":0.1406577305146095,"_step":30,"epoch":30,"_wandb":{"runtime":210},"train_accuracy":0.9568703703703704,"best_val_accuracy":0.8953333333333333,"_timestamp":1.7414161891492362e+09,"val_loss":0.3615082983260958,"train_loss":0.11444147421008927,"_runtime":210.4697702,"best_val_loss":0.33437722257863306}