{"_timestamp":1.7413902732816772e+09,"best_epoch":16,"val_accuracy":0.8906666666666667,"best_train_loss":0.17446847454629116,"_step":20,"_runtime":32.8539503,"_wandb":{"runtime":32},"best_val_accuracy":0.8958333333333334,"train_accuracy":0.9423703703703704,"train_loss":0.15587985889386535,"best_train_accuracy":0.9343888888888889,"epoch":20,"val_loss":0.3430356441240931,"best_val_loss":0.31867816012500333}