{"best_train_loss":0.3653671531118433,"val_loss":0.3721292963188051,"_runtime":41.751573,"best_val_accuracy":0.8705,"_step":15,"best_val_loss":0.38160787868314877,"train_loss":0.35879635377791136,"val_accuracy":0.8698333333333333,"_timestamp":1.741265588667797e+09,"best_epoch":13,"train_accuracy":0.8740555555555556,"_wandb":{"runtime":41},"epoch":15,"best_train_accuracy":0.8702407407407408}