{"best_val_accuracy":0.8975,"val_loss":0.38889536387499934,"train_loss":0.10150496164443677,"best_val_loss":0.31356724359395777,"_timestamp":1.7414237794935892e+09,"train_accuracy":0.961925925925926,"best_train_accuracy":0.9371666666666667,"val_accuracy":0.8891666666666667,"best_epoch":16,"best_train_loss":0.16681389161967108,"_wandb":{"runtime":106},"epoch":30,"_runtime":106.7420192,"_step":30}