{"_runtime":125.6510147,"epoch":15,"_wandb":{"runtime":125},"val_accuracy":0.8596666666666667,"_step":15,"best_epoch":7,"_timestamp":1.7412707073319094e+09,"best_val_accuracy":0.8705,"best_train_accuracy":0.8683518518518518,"train_loss":0.4738521264257321,"train_accuracy":0.8695555555555555,"best_train_loss":0.43538033277084137,"best_val_loss":0.46537454944852075,"val_loss":0.517177774610283}