{"_timestamp":1.7414001408507507e+09,"best_train_loss":0.16963573346471694,"_runtime":42.4422556,"_wandb":{"runtime":42},"best_epoch":18,"train_accuracy":0.9372037037037036,"val_loss":0.3320798927007921,"_step":20,"best_val_loss":0.3281268079087788,"val_accuracy":0.8921666666666667,"train_loss":0.166488284219536,"best_train_accuracy":0.9354629629629629,"epoch":20,"best_val_accuracy":0.8955}