{"epoch":20,"best_epoch":18,"best_train_loss":0.16479044705795629,"best_train_accuracy":0.9378333333333333,"val_loss":0.34417664586191077,"_step":20,"_runtime":28.5019498,"best_val_accuracy":0.8923333333333333,"train_loss":0.15687485392610578,"_timestamp":1.7413996139489067e+09,"train_accuracy":0.9416111111111111,"best_val_loss":0.33848858879705856,"_wandb":{"runtime":28},"val_accuracy":0.8888333333333334}