{"_runtime":23.5773361,"train_accuracy":0.9420555555555555,"_timestamp":1.741404326329724e+09,"best_val_accuracy":0.8961666666666667,"val_accuracy":0.8908333333333334,"_wandb":{"runtime":23},"_step":20,"best_train_accuracy":0.9359074074074074,"best_train_loss":0.17436555956212316,"best_val_loss":0.32590097349700436,"epoch":20,"best_epoch":16,"train_loss":0.15726614164090022,"val_loss":0.3361703332120314}