{"train_loss":0.6974467624715043,"_wandb":{"runtime":26},"_timestamp":1.7412766680840251e+09,"best_train_accuracy":0.740537037037037,"val_accuracy":0.7483333333333333,"epoch":15,"_step":15,"best_val_loss":0.6800542730908221,"_runtime":26.064785,"best_val_accuracy":0.7483333333333333,"best_epoch":14,"train_accuracy":0.740537037037037,"val_loss":0.6800542730908221,"best_train_loss":0.6974467624715043}