{"best_train_accuracy":0.8383333333333334,"epoch":15,"_wandb":{"runtime":24},"best_train_loss":0.46285260431239944,"train_loss":0.4338363189417287,"_runtime":24.1139951,"_step":15,"best_epoch":11,"best_val_loss":0.4640249678762814,"val_accuracy":0.8301666666666667,"_timestamp":1.7412587497156653e+09,"train_accuracy":0.8485185185185186,"val_loss":0.4694172195236578,"best_val_accuracy":0.8348333333333333}