{"best_train_loss":0.1631072765708161,"train_accuracy":0.9412037037037037,"_timestamp":1.741389652161485e+09,"best_train_accuracy":0.9389814814814815,"best_epoch":18,"best_val_loss":0.3192949470894289,"val_loss":0.33142776448081995,"_runtime":24.2090554,"epoch":20,"best_val_accuracy":0.8968333333333334,"train_loss":0.15770015637222443,"_wandb":{"runtime":24},"_step":20,"val_accuracy":0.894}