{"val_accuracy":0.8853333333333333,"train_accuracy":0.9402592592592592,"best_val_accuracy":0.8938333333333334,"_step":20,"_timestamp":1.74139655608462e+09,"val_loss":0.32756575841829844,"epoch":20,"best_epoch":18,"best_train_accuracy":0.9381111111111111,"best_train_loss":0.16525613502584363,"best_val_loss":0.32016544822617343,"_wandb":{"runtime":24},"_runtime":24.154085,"train_loss":0.16141961178867967}