{"_timestamp":1.741390747948236e+09,"train_loss":0.14920518911360112,"best_epoch":14,"val_accuracy":0.8926666666666667,"best_val_loss":0.32060646942374965,"best_val_accuracy":0.8948333333333334,"best_train_accuracy":0.9318518518518518,"train_accuracy":0.9444814814814815,"best_train_loss":0.18207140688394965,"_wandb":{"runtime":42},"_step":20,"_runtime":42.6641751,"val_loss":0.3309914445096499,"epoch":20}