{"epoch":15,"val_loss":0.38159252243445985,"best_val_loss":0.38159252243445985,"best_train_loss":0.3625766905671624,"_timestamp":1.7412521142586162e+09,"_runtime":24.3542023,"_step":15,"train_loss":0.3625766905671624,"best_train_accuracy":0.8723518518518518,"train_accuracy":0.8723518518518518,"best_val_accuracy":0.8625,"_wandb":{"runtime":24},"val_accuracy":0.8625,"best_epoch":14}