{"best_train_loss":0.7141382792857099,"epoch":15,"best_val_loss":0.6974375704601977,"best_epoch":14,"_step":15,"_wandb":{"runtime":36},"best_train_accuracy":0.7313333333333333,"train_loss":0.7141382792857099,"train_accuracy":0.7313333333333333,"val_accuracy":0.7366666666666667,"best_val_accuracy":0.7366666666666667,"val_loss":0.6974375704601977,"_timestamp":1.741251465849243e+09,"_runtime":36.0938559}