{"best_train_loss":0.18840546289227328,"best_epoch":14,"_timestamp":1.7414013290646138e+09,"val_accuracy":0.8905,"_runtime":28.4053658,"val_loss":0.3395484790531148,"epoch":20,"_step":20,"train_accuracy":0.9403703703703704,"_wandb":{"runtime":28},"train_loss":0.15823054199663203,"best_val_accuracy":0.895,"best_val_loss":0.30711080064540097,"best_train_accuracy":0.9293703703703704}