{"epoch":10,"_step":10,"_wandb":{"runtime":9},"train_loss":0.2998912894955373,"best_train_accuracy":0.8874444444444445,"best_epoch":7,"_runtime":9.3173294,"_timestamp":1.7413661989983344e+09,"val_loss":0.3516191078792737,"train_accuracy":0.8911481481481481,"best_val_accuracy":0.8773333333333333,"val_accuracy":0.8751666666666666,"best_val_loss":0.34742028698374405,"best_train_loss":0.3140115830495719}