{"_timestamp":1.741433090245062e+09,"epoch":30,"val_loss":0.4056453548982954,"_step":30,"best_val_accuracy":0.8928333333333334,"_runtime":239.2527762,"_wandb":{"runtime":239},"best_val_loss":0.32739679797014437,"best_train_loss":0.27121063466042655,"best_train_accuracy":0.8979814814814815,"train_loss":0.1598984810726946,"val_accuracy":0.8901666666666667,"train_accuracy":0.9387037037037037,"best_epoch":7}