{"train_accuracy":0.9562037037037037,"_runtime":920.2071427,"best_val_loss":0.31894529039882646,"best_train_accuracy":0.9411666666666667,"val_loss":0.38280694616380156,"val_accuracy":0.8916666666666667,"epoch":30,"train_loss":0.1152258616122404,"best_train_loss":0.15911165915323594,"_step":30,"_timestamp":1.7414198746350918e+09,"_wandb":{"runtime":920},"best_val_accuracy":0.898,"best_epoch":17}