{"_runtime":41.8548318,"best_val_loss":0.3251651055092678,"val_loss":0.33593401391086264,"epoch":20,"_timestamp":1.7414043765369818e+09,"best_epoch":16,"_step":20,"best_val_accuracy":0.8955,"val_accuracy":0.8905,"train_loss":0.15032905034489288,"train_accuracy":0.9435925925925925,"best_train_loss":0.16868946020961095,"_wandb":{"runtime":41},"best_train_accuracy":0.9358703703703704}