{"best_val_accuracy":0.1495,"val_accuracy":0.12983333333333333,"best_train_loss":2.3026353400800192,"_runtime":541.3371011,"best_epoch":10,"_wandb":{"runtime":541},"best_train_accuracy":0.09475925925925927,"_timestamp":1.7412818884568062e+09,"train_loss":2.302504433891864,"train_accuracy":0.09127777777777778,"best_val_loss":2.3027554634374536,"val_loss":2.3025572760675717,"_step":15,"epoch":15}