{"best_epoch":19,"val_accuracy":0.8951666666666667,"train_loss":0.17284830819540042,"epoch":20,"train_accuracy":0.9350185185185185,"_runtime":26.5923974,"_timestamp":1.7413768482915354e+09,"val_loss":0.32533587150319543,"best_val_loss":0.32533587150319543,"best_val_accuracy":0.8951666666666667,"best_train_accuracy":0.9350185185185185,"_wandb":{"runtime":26},"best_train_loss":0.17284830819540042,"_step":20}