{"best_epoch":18,"train_accuracy":0.9417592592592593,"val_accuracy":0.8923333333333333,"best_train_accuracy":0.9398518518518518,"_step":20,"_timestamp":1.7413759685600085e+09,"best_train_loss":0.16076188590508303,"best_val_accuracy":0.8938333333333334,"best_val_loss":0.3289150319756165,"_runtime":32.6161254,"_wandb":{"runtime":32},"train_loss":0.15630783131782383,"val_loss":0.3445560394761667,"epoch":20}