{"val_loss":0.31912659574301977,"epoch":20,"best_val_accuracy":0.8966666666666666,"val_accuracy":0.8953333333333333,"_timestamp":1.7414007498087735e+09,"best_train_accuracy":0.9309814814814815,"_step":20,"_runtime":41.0381546,"train_loss":0.1647897272894333,"_wandb":{"runtime":41},"best_train_loss":0.18436766269573324,"best_val_loss":0.30833114846486753,"best_epoch":16,"train_accuracy":0.937962962962963}