{"best_train_loss":0.26826474305030096,"val_accuracy":0.8778333333333334,"epoch":20,"_runtime":18.9066506,"best_train_accuracy":0.9032037037037037,"train_loss":0.26393541757052713,"_step":20,"train_accuracy":0.9039074074074074,"best_val_loss":0.3359541743348927,"_wandb":{"runtime":18},"best_val_accuracy":0.8875,"_timestamp":1.7413849900631125e+09,"best_epoch":15,"val_loss":0.4175322691680958}