{"_timestamp":1.7414112888674119e+09,"_wandb":{"runtime":42},"best_train_accuracy":0.9347777777777778,"_runtime":42.5052019,"val_loss":0.3495376011008011,"train_loss":0.14942339978855743,"best_train_loss":0.17295849647710607,"train_accuracy":0.9444074074074074,"best_val_loss":0.30779269426489864,"best_epoch":15,"epoch":20,"best_val_accuracy":0.8973333333333333,"_step":20,"val_accuracy":0.8883333333333333}