{"_runtime":23.1374631,"epoch":10,"best_train_loss":0.3032822440352371,"best_val_loss":0.3480223068910272,"val_accuracy":0.876,"train_accuracy":0.8979444444444444,"_timestamp":1.7413699028371332e+09,"val_loss":0.4274556183268727,"best_val_accuracy":0.8801666666666667,"_wandb":{"runtime":23},"best_epoch":5,"train_loss":0.28981658554941,"_step":10,"best_train_accuracy":0.8892962962962963}