{"epoch":30,"_runtime":201.4666317,"best_train_accuracy":0.9501851851851851,"best_val_accuracy":0.9001666666666667,"val_loss":0.37804875456357795,"_wandb":{"runtime":201},"_timestamp":1.7414284244774098e+09,"_step":30,"best_epoch":22,"best_val_loss":0.32935896860116204,"best_train_loss":0.1305251613261648,"val_accuracy":0.8941666666666667,"train_loss":0.08312093635732605,"train_accuracy":0.9696296296296296}