{"_wandb":{"runtime":34},"_step":15,"best_train_loss":0.3480379961762197,"best_train_accuracy":0.8810925925925925,"best_val_accuracy":0.8675,"train_loss":0.34096126277823996,"val_accuracy":0.8671666666666666,"_timestamp":1.7412655198662674e+09,"_runtime":34.4344843,"best_epoch":13,"best_val_loss":0.37410886171668534,"train_accuracy":0.8812962962962962,"val_loss":0.3897261927557134,"epoch":15}