{"best_epoch":7,"val_loss":0.3395369907485966,"_wandb":{"runtime":19},"val_accuracy":0.8805,"_runtime":19.7748708,"train_accuracy":0.9003333333333333,"best_train_accuracy":0.8946296296296297,"best_val_accuracy":0.8825,"best_train_loss":0.28849715261627773,"train_loss":0.27421262712683925,"best_val_loss":0.33164966270935065,"epoch":10,"_step":10,"_timestamp":1.7413650223584077e+09}