{"epoch":20,"_runtime":22.4309811,"val_accuracy":0.8918333333333334,"val_loss":0.3454326812322772,"_step":20,"best_val_loss":0.33267825918333527,"_wandb":{"runtime":22},"best_epoch":14,"best_train_accuracy":0.9273888888888889,"best_val_accuracy":0.894,"train_accuracy":0.9390740740740741,"_timestamp":1.7413825801119006e+09,"best_train_loss":0.19286181247821443,"train_loss":0.16323718942438023}