{"_wandb":{"runtime":20},"val_accuracy":0.8748333333333334,"val_loss":0.3431974566504761,"_timestamp":1.7413654261980655e+09,"best_train_loss":0.2731854962667931,"_step":10,"epoch":10,"best_epoch":8,"best_train_accuracy":0.8972222222222223,"train_loss":0.2644086786848731,"_runtime":20.0983214,"best_val_loss":0.3188752679927781,"train_accuracy":0.9010370370370371,"best_val_accuracy":0.8865}