{"_runtime":11.0592388,"train_accuracy":0.8926481481481482,"_step":10,"train_loss":0.29663442103932836,"best_train_loss":0.302484438116189,"_timestamp":1.7413650667694309e+09,"best_val_accuracy":0.8793333333333333,"best_epoch":8,"val_loss":0.357372052675428,"best_train_accuracy":0.889962962962963,"_wandb":{"runtime":11},"epoch":10,"val_accuracy":0.8743333333333333,"best_val_loss":0.3337319038967014}