{"train_loss":0.15589806503402454,"epoch":20,"best_epoch":16,"_timestamp":1.7414645419230464e+09,"best_train_loss":0.1758933428066145,"_wandb":{"runtime":56},"best_train_accuracy":0.9338888888888889,"train_accuracy":0.9417592592592593,"best_val_loss":0.3260123941022907,"best_val_accuracy":0.8968333333333334,"_runtime":56.2985425,"val_loss":0.35617561743576154,"val_accuracy":0.8851666666666667,"_step":20}