{"best_epoch":8,"best_val_loss":0.3297471235472954,"val_accuracy":0.8783333333333333,"_timestamp":1.741366757067117e+09,"train_loss":0.2798546474180107,"best_train_accuracy":0.895537037037037,"val_loss":0.35282036222253577,"_step":10,"best_train_loss":0.28402302016151443,"_wandb":{"runtime":10},"train_accuracy":0.8978703703703703,"best_val_accuracy":0.8855,"_runtime":10.6267651,"epoch":10}