{"best_train_accuracy":0.9061666666666667,"_step":20,"best_train_loss":0.2501601267045468,"best_epoch":12,"_timestamp":1.7413773217514565e+09,"_runtime":31.1879866,"val_accuracy":0.8846666666666667,"train_loss":0.20576029731473164,"epoch":20,"best_val_accuracy":0.8865,"_wandb":{"runtime":31},"train_accuracy":0.9215185185185185,"val_loss":0.36112022419355344,"best_val_loss":0.31307951637603226}