{"train_accuracy":0.8593333333333333,"best_val_accuracy":0.8605,"_step":15,"best_val_loss":0.43893745939174156,"val_accuracy":0.8505,"train_loss":0.4180480989811383,"val_loss":0.4605501857313168,"best_epoch":10,"_runtime":202.2650568,"best_train_accuracy":0.8549814814814815,"epoch":15,"_wandb":{"runtime":202},"_timestamp":1.7412802818567996e+09,"best_train_loss":0.4328922292867858}