{"best_val_loss":0.3067663345632981,"best_epoch":13,"best_val_accuracy":0.8923333333333333,"_timestamp":1.7414044732773304e+09,"train_loss":0.19648587907304316,"_runtime":26.590290500000002,"epoch":20,"val_accuracy":0.8883333333333333,"best_train_loss":0.2323099353579549,"best_train_accuracy":0.913537037037037,"_step":20,"train_accuracy":0.9244074074074075,"_wandb":{"runtime":26},"val_loss":0.33652181734121595}