{"best_val_loss":0.3696292222286028,"_wandb":{"runtime":147},"_timestamp":1.74127028817283e+09,"best_train_loss":0.34511071769767954,"epoch":15,"best_train_accuracy":0.8787592592592592,"val_accuracy":0.8626666666666667,"val_loss":0.38707647732337225,"train_loss":0.3349360480889597,"best_val_accuracy":0.8683333333333333,"_runtime":147.3855073,"_step":15,"train_accuracy":0.8835925925925926,"best_epoch":9}