{"epoch":15,"val_loss":0.38977492642491784,"_wandb":{"runtime":64},"best_train_accuracy":0.8890185185185185,"best_val_accuracy":0.8768333333333334,"_step":15,"best_val_loss":0.38977492642491784,"train_loss":0.33329434713484524,"_runtime":64.0652058,"_timestamp":1.7412747666348648e+09,"best_train_loss":0.33329434713484524,"best_epoch":14,"val_accuracy":0.8768333333333334,"train_accuracy":0.8890185185185185}