{"_step":5,"val_accuracy":0.8746666666666667,"best_epoch":4,"_runtime":11.4735338,"train_loss":0.35168950246726627,"best_val_loss":0.3920115480303736,"_wandb":{"runtime":11},"_timestamp":1.7413701333918188e+09,"best_train_accuracy":0.8769629629629629,"epoch":5,"val_loss":0.3920115480303736,"train_accuracy":0.8769629629629629,"best_train_loss":0.35168950246726627,"best_val_accuracy":0.8746666666666667}