{"best_val_accuracy":0.8928333333333334,"train_loss":0.15736536841003623,"val_loss":0.3377933069987289,"best_epoch":19,"_step":20,"_timestamp":1.7414081242090678e+09,"_runtime":23.6053447,"_wandb":{"runtime":23},"best_train_accuracy":0.9408888888888889,"best_val_loss":0.3377933069987289,"best_train_loss":0.15736536841003623,"val_accuracy":0.8928333333333334,"epoch":20,"train_accuracy":0.9408888888888889}