{"epoch":5,"_timestamp":1.7413707418081183e+09,"val_accuracy":0.8681666666666666,"best_val_loss":0.37751557807596026,"_runtime":84.1219813,"best_train_loss":0.36728120392246655,"best_val_accuracy":0.8685,"best_epoch":3,"train_loss":0.3649924825064663,"val_loss":0.40023855631435395,"_step":5,"_wandb":{"runtime":84},"best_train_accuracy":0.8717962962962963,"train_accuracy":0.8750925925925926}