{"best_train_loss":0.3911660916040248,"best_epoch":9,"best_train_accuracy":0.8623888888888889,"best_val_loss":0.4006139757633377,"_timestamp":1.7413679047136195e+09,"train_accuracy":0.8623888888888889,"_step":10,"val_loss":0.4006139757633377,"_runtime":81.6177869,"_wandb":{"runtime":81},"best_val_accuracy":0.8561666666666666,"epoch":10,"train_loss":0.3911660916040248,"val_accuracy":0.8561666666666666}