{"_runtime":33.9398839,"epoch":20,"val_accuracy":0.8931666666666667,"_step":20,"best_train_accuracy":0.9399259259259259,"best_epoch":18,"_wandb":{"runtime":33},"_timestamp":1.74138462078906e+09,"best_val_accuracy":0.8961666666666667,"best_val_loss":0.32930807103536175,"best_train_loss":0.16110281014004404,"train_accuracy":0.9416666666666667,"train_loss":0.15488364824687514,"val_loss":0.3413211522992731}