{"_wandb":{"runtime":10},"train_accuracy":0.8724444444444445,"epoch":10,"_step":10,"val_accuracy":0.8633333333333333,"_timestamp":1.7413692454574308e+09,"_runtime":10.1765928,"best_val_accuracy":0.8633333333333333,"train_loss":0.36388528781570184,"best_epoch":9,"val_loss":0.37765779448364073,"best_val_loss":0.37765779448364073,"best_train_loss":0.36388528781570184,"best_train_accuracy":0.8724444444444445}