{"epoch":10,"best_val_loss":0.2179619370401891,"train_loss":0.20352282467236293,"val_accuracy":0.86,"best_train_loss":0.2026826504125694,"best_val_accuracy":0.863,"val_loss":0.2199183005212051,"_wandb":{"runtime":60},"test_loss":0.22451766362704256,"_runtime":60.9751448,"train_accuracy":0.8719259259259259,"test_accuracy":0.8536,"_timestamp":1.741457279819302e+09,"_step":12,"best_epoch":7,"best_train_accuracy":0.8717222222222222,"confusion_matrix":{"size":28807,"path":"media/plotly/confusion_matrix_12_4c94ca4e42da06711001.plotly.json","_type":"plotly-file","sha256":"4c94ca4e42da067110015307ed976b574eeecee6cce81ed13ddbcbb869ad15bc"}}