{"epoch":5,"best_epoch":4,"best_train_accuracy":0.8844814814814815,"_timestamp":1.7414511601096897e+09,"val_loss":0.1899659909154475,"best_train_loss":0.17448493338259236,"confusion_matrix":{"_type":"plotly-file","sha256":"06108dcaadea589e0d937d648f47bb711ffc816ed1e23faeeaede1711a2872aa","size":28802,"path":"media/plotly/confusion_matrix_7_06108dcaadea589e0d93.plotly.json"},"_wandb":{"runtime":25},"test_accuracy":0.8621,"test_loss":0.20517899361822278,"val_accuracy":0.873,"train_loss":0.17448493338259236,"best_val_loss":0.1899659909154475,"_step":7,"train_accuracy":0.8844814814814815,"_runtime":25.280838,"best_val_accuracy":0.873}