{"best_train_accuracy":0.9327592592592593,"_timestamp":1.741389758157782e+09,"epoch":20,"best_train_loss":0.17935071414860482,"_runtime":28.572183,"best_val_accuracy":0.8941666666666667,"val_accuracy":0.8933333333333333,"train_accuracy":0.9421666666666667,"train_loss":0.15365578271607508,"best_epoch":15,"_wandb":{"runtime":28},"best_val_loss":0.32196490023488,"_step":20,"val_loss":0.3406309092120842}