{"_timestamp":1.7413643381787302e+09,"val_accuracy":0.8428333333333333,"best_val_loss":0.40665426643209907,"_wandb":{"runtime":17},"_step":10,"epoch":10,"best_epoch":7,"_runtime":17.3918633,"train_accuracy":0.8817777777777778,"best_val_accuracy":0.8765,"train_loss":0.3651017083389459,"val_loss":0.4824767066781673,"best_train_accuracy":0.8788518518518519,"best_train_loss":0.36509430565912876}