{"val_accuracy":0.8171666666666667,"epoch":5,"train_accuracy":0.8155925925925926,"_step":5,"best_val_accuracy":0.8171666666666667,"best_epoch":4,"_runtime":5.5880755,"val_loss":0.514593248052667,"best_train_accuracy":0.8155925925925926,"best_val_loss":0.514593248052667,"train_loss":0.5323499488993918,"best_train_loss":0.5323499488993918,"_wandb":{"runtime":5},"_timestamp":1.7413648058838694e+09}