{"_timestamp":1.74140322770394e+09,"train_accuracy":0.9413518518518519,"best_train_accuracy":0.9387777777777778,"_step":20,"best_val_accuracy":0.8981666666666667,"best_val_loss":0.30506480394011165,"best_train_loss":0.16501315119966245,"_runtime":23.9314629,"_wandb":{"runtime":23},"val_loss":0.3245572969294936,"train_loss":0.15810067407117986,"val_accuracy":0.8915,"best_epoch":18,"epoch":20}