{"val_loss":0.32849140151047246,"_wandb":{"runtime":48},"best_train_loss":0.15670024867149546,"_runtime":48.1434408,"epoch":20,"train_accuracy":0.9428703703703704,"_step":20,"best_train_accuracy":0.9414074074074074,"train_loss":0.1509251317843688,"best_epoch":18,"val_accuracy":0.8951666666666667,"best_val_loss":0.3307504111656143,"best_val_accuracy":0.8971666666666667,"_timestamp":1.7413940013902178e+09}