{"train_accuracy":0.9039259259259259,"best_epoch":9,"_runtime":22.5913268,"train_loss":0.14465152496227432,"val_accuracy":0.8888333333333334,"confusion_matrix":{"sha256":"8b5fc111c5ef0bbeb59f2eeb2263d244329f01c2e4ee2cf568797a40b7a5bed8","size":28787,"path":"media/plotly/confusion_matrix_12_8b5fc111c5ef0bbeb59f.plotly.json","_type":"plotly-file"},"_timestamp":1.7414571335258687e+09,"test_loss":0.17742262681110854,"val_loss":0.1675370161791093,"best_train_loss":0.14465152496227432,"_wandb":{"runtime":22},"best_train_accuracy":0.9039259259259259,"best_val_accuracy":0.8888333333333334,"test_accuracy":0.8834,"epoch":10,"_step":12,"best_val_loss":0.1675370161791093}