{"_step":20,"best_epoch":16,"val_accuracy":0.8913333333333333,"epoch":20,"_runtime":19.7541598,"best_train_accuracy":0.9259814814814815,"best_train_loss":0.19904782841156357,"_timestamp":1.7414118259154298e+09,"val_loss":0.3556714049270994,"train_accuracy":0.9310555555555555,"train_loss":0.18265339459106827,"_wandb":{"runtime":19},"best_val_loss":0.33935930866003194,"best_val_accuracy":0.8925}