{"best_train_loss":0.16482382599684406,"_wandb":{"runtime":24},"epoch":20,"_runtime":24.2432858,"train_accuracy":0.9422777777777778,"val_loss":0.32193226166318895,"best_val_loss":0.3192203843965752,"best_train_accuracy":0.9383703703703704,"_step":20,"val_accuracy":0.8923333333333333,"train_loss":0.15538923087066353,"best_epoch":18,"best_val_accuracy":0.895,"_timestamp":1.7413820584315386e+09}