{"best_val_loss":0.308440495175324,"epoch":20,"best_val_accuracy":0.8948333333333334,"best_train_loss":0.18864583224312,"train_loss":0.14622686873550234,"val_loss":0.3299930830281065,"best_train_accuracy":0.9297592592592593,"_step":20,"val_accuracy":0.8935,"_runtime":43.2039716,"_timestamp":1.7413794977064948e+09,"best_epoch":13,"_wandb":{"runtime":43},"train_accuracy":0.9447962962962962}