{"best_train_accuracy":0.9358333333333333,"epoch":20,"val_loss":0.3591834695212352,"train_accuracy":0.9393148148148148,"train_loss":0.1624570597462837,"best_val_accuracy":0.8956666666666667,"_wandb":{"runtime":19},"best_val_loss":0.333187996645187,"_timestamp":1.7413838380899444e+09,"val_accuracy":0.8903333333333333,"_step":20,"_runtime":19.4160638,"best_train_loss":0.17228488832417477,"best_epoch":17}