{"best_val_accuracy":0.8935,"best_train_accuracy":0.9251666666666667,"best_epoch":17,"train_accuracy":0.9296111111111112,"val_loss":0.3182885495066468,"val_accuracy":0.8898333333333334,"_timestamp":1.741387596977334e+09,"_runtime":22.9002751,"epoch":20,"train_loss":0.18815162996159557,"best_train_loss":0.1992441908823788,"_wandb":{"runtime":22},"best_val_loss":0.30383075695107215,"_step":20}