{"best_train_loss":0.49507980518578426,"epoch":15,"_runtime":52.576764,"_timestamp":1.741260436647522e+09,"_wandb":{"runtime":52},"_step":15,"best_epoch":1,"val_loss":0.7300825855745913,"train_loss":0.9376101781966714,"train_accuracy":0.7702962962962963,"best_val_loss":0.5030742389456829,"val_accuracy":0.7695,"best_train_accuracy":0.8371481481481482,"best_val_accuracy":0.8491666666666666}