{"epoch":20,"train_accuracy":0.940962962962963,"best_train_loss":0.17646626909190366,"best_val_accuracy":0.8975,"_wandb":{"runtime":32},"best_epoch":16,"_runtime":32.5713079,"_step":20,"train_loss":0.1572348316790346,"val_accuracy":0.8941666666666667,"_timestamp":1.7413855156599839e+09,"best_val_loss":0.32179144939849597,"val_loss":0.34155935264613274,"best_train_accuracy":0.9340185185185185}