{"train_loss":0.16998239084598277,"_step":20,"best_val_loss":0.3487400146471887,"val_accuracy":0.896,"best_train_accuracy":0.9345,"epoch":20,"best_val_accuracy":0.896,"_runtime":65.4480097,"best_train_loss":0.16998239084598277,"_wandb":{"runtime":65},"_timestamp":1.7413922936862597e+09,"train_accuracy":0.9345,"val_loss":0.3487400146471887,"best_epoch":19}