{"train_accuracy":0.9253703703703704,"_runtime":65.3249086,"_timestamp":1.7414341157122757e+09,"val_accuracy":0.879,"val_loss":0.40145547003311804,"best_train_loss":0.20955353040442187,"best_epoch":16,"confusion_matrix":{"size":28788,"path":"media/plotly/confusion_matrix_22_45210cb24f84d8e3b575.plotly.json","_type":"plotly-file","sha256":"45210cb24f84d8e3b575257e5571cb5f729fef578f4d45443cc3d88b6a049dcc"},"_step":22,"_wandb":{"runtime":65},"train_loss":0.19749812171154368,"best_train_accuracy":0.9207777777777778,"best_val_accuracy":0.8901666666666667,"epoch":20,"test_loss":0.41987473732600383,"best_val_loss":0.34117037241897935,"test_accuracy":0.8745}