{"val_loss":0.5461072708153227,"epoch":10,"_runtime":11.5996603,"best_val_loss":0.5461072708153227,"_step":10,"best_train_loss":0.5627191020925824,"best_epoch":9,"_wandb":{"runtime":11},"best_val_accuracy":0.8176666666666667,"val_accuracy":0.8176666666666667,"best_train_accuracy":0.811962962962963,"_timestamp":1.7413631303688154e+09,"train_accuracy":0.811962962962963,"train_loss":0.5627191020925824}