{"val_accuracy":0.8843333333333333,"best_val_accuracy":0.8936666666666667,"train_loss":0.17922335262409236,"best_epoch":16,"_timestamp":1.741398148223259e+09,"epoch":20,"best_train_accuracy":0.9258703703703703,"best_train_loss":0.193817357167015,"train_accuracy":0.931962962962963,"_step":20,"_runtime":19.6242929,"best_val_loss":0.3229812146514922,"val_loss":0.3570496656303574,"_wandb":{"runtime":19}}