{"epoch":20,"train_loss":0.19137863438050795,"best_train_loss":0.2115185703166437,"best_train_accuracy":0.9184814814814815,"val_loss":0.32937959314056564,"_step":20,"_runtime":32.5731711,"_timestamp":1.7413861096994493e+09,"val_accuracy":0.889,"train_accuracy":0.9259074074074074,"best_val_accuracy":0.8953333333333333,"best_epoch":16,"best_val_loss":0.3056718460170871,"_wandb":{"runtime":32}}