{"train_loss":0.31140412853293803,"val_loss":0.34793881686006506,"_runtime":22.88546,"_timestamp":1.741383189435267e+09,"val_accuracy":0.8746666666666667,"_step":20,"train_accuracy":0.8890740740740741,"best_epoch":18,"best_train_loss":0.3155285485217816,"best_val_loss":0.34305282203559045,"epoch":20,"_wandb":{"runtime":22},"best_val_accuracy":0.875,"best_train_accuracy":0.8862592592592593}