{"_wandb":{"runtime":35},"best_train_loss":0.3457102757160136,"best_train_accuracy":0.8765925925925926,"best_val_accuracy":0.8698333333333333,"train_accuracy":0.8775555555555555,"_step":15,"train_loss":0.34314271553159376,"_runtime":35.9064305,"_timestamp":1.7412621144185925e+09,"val_accuracy":0.8623333333333333,"val_loss":0.39452553457876954,"epoch":15,"best_val_loss":0.3827476437758158,"best_epoch":11}