{"val_loss":0.34583750120268836,"best_train_loss":0.17771539220409954,"_wandb":{"runtime":40},"best_val_accuracy":0.8981666666666667,"best_train_accuracy":0.9330185185185185,"epoch":20,"best_epoch":16,"train_accuracy":0.9389074074074074,"train_loss":0.16056010818469924,"_step":20,"val_accuracy":0.8878333333333334,"_timestamp":1.741382480633482e+09,"_runtime":40.5178298,"best_val_loss":0.31745693798899083}