{"_timestamp":1.741393947217675e+09,"val_loss":0.3676067843669266,"_wandb":{"runtime":37},"train_loss":0.1583918784134811,"train_accuracy":0.9405185185185185,"_step":20,"_runtime":37.5751589,"best_epoch":18,"best_val_accuracy":0.8928333333333334,"best_val_loss":0.33844276444545845,"best_train_loss":0.16501341297899358,"epoch":20,"val_accuracy":0.889,"best_train_accuracy":0.9384259259259259}