{"val_accuracy":0.8405,"_step":10,"best_train_accuracy":0.8685555555555555,"_timestamp":1.7413626463169804e+09,"train_accuracy":0.8802777777777778,"train_loss":0.37615950551840394,"best_train_loss":0.3816735559056626,"_runtime":28.2878764,"best_val_accuracy":0.8751666666666666,"val_loss":0.6765588747126927,"_wandb":{"runtime":28},"best_val_loss":0.39398514029627085,"epoch":10,"best_epoch":2}