{"confusion_matrix":{"sha256":"f202950da4dfb407bf93d7a416c6074d7155288dd72ae190074c95ef805a0a55","size":28806,"path":"media/plotly/confusion_matrix_12_f202950da4dfb407bf93.plotly.json","_type":"plotly-file"},"test_accuracy":0.8785,"_step":12,"best_val_accuracy":0.8823333333333333,"_wandb":{"runtime":31},"best_val_loss":0.17894186161032288,"train_accuracy":0.895425925925926,"_runtime":30.9830012,"best_train_accuracy":0.895425925925926,"val_loss":0.17894186161032288,"test_loss":0.18613718154902562,"epoch":10,"val_accuracy":0.8823333333333333,"best_epoch":9,"train_loss":0.16495078088515713,"_timestamp":1.7414592050930629e+09,"best_train_loss":0.16495078088515713}