{"best_train_accuracy":0.9282407407407407,"_runtime":32.727828099999996,"train_accuracy":0.9419814814814815,"best_val_loss":0.3189832945049381,"_wandb":{"runtime":32},"_timestamp":1.7413741370540552e+09,"val_accuracy":0.8873333333333333,"best_epoch":14,"best_val_accuracy":0.8946666666666667,"best_train_loss":0.18941184417650805,"epoch":20,"val_loss":0.34913063305294645,"_step":20,"train_loss":0.15477781972399832}