{"_runtime":233.2610417,"val_loss":0.44681650402801815,"_step":15,"_timestamp":1.7412633451405597e+09,"train_accuracy":0.8455,"train_loss":0.43853861326083565,"val_accuracy":0.8431666666666666,"best_train_accuracy":0.8455,"best_epoch":14,"best_val_loss":0.44681650402801815,"_wandb":{"runtime":233},"epoch":15,"best_train_loss":0.43853861326083565,"best_val_accuracy":0.8431666666666666}