{"_wandb":{"runtime":50},"train_loss":0.7323668755750233,"best_train_accuracy":0.8352222222222222,"val_loss":0.8109872890363472,"_runtime":50.4259568,"best_train_loss":0.6117417004925896,"best_val_accuracy":0.8556666666666667,"_step":15,"best_epoch":11,"epoch":15,"val_accuracy":0.8351666666666666,"_timestamp":1.7412693745713687e+09,"best_val_loss":0.628150649600656,"train_accuracy":0.8318888888888889}