{"train_accuracy":0.9412777777777778,"epoch":20,"train_loss":0.15983449238887512,"best_train_accuracy":0.9222962962962963,"best_train_loss":0.20873104130098766,"_step":20,"best_epoch":12,"val_loss":0.33374535566757696,"val_accuracy":0.8865,"_timestamp":1.7413863668738513e+09,"_runtime":24.1379283,"best_val_accuracy":0.893,"best_val_loss":0.3014280096859259,"_wandb":{"runtime":24}}