{"val_loss":0.35158952813262,"_wandb":{"runtime":20},"train_loss":0.33939491046982406,"_step":10,"_runtime":20.8509524,"best_train_loss":0.33939491046982406,"best_val_accuracy":0.8741666666666666,"best_epoch":9,"train_accuracy":0.8792037037037037,"best_train_accuracy":0.8792037037037037,"_timestamp":1.7413650748646286e+09,"best_val_loss":0.35158952813262,"epoch":10,"val_accuracy":0.8741666666666666}