{"best_train_accuracy":0.8816851851851852,"epoch":15,"val_accuracy":0.8716666666666667,"train_loss":0.3271983387479332,"_runtime":70.2830083,"best_train_loss":0.3330594891860189,"train_accuracy":0.8832222222222222,"best_epoch":12,"val_loss":0.35564151487217577,"_timestamp":1.7412793449334862e+09,"_wandb":{"runtime":70},"best_val_accuracy":0.8721666666666666,"_step":15,"best_val_loss":0.3545563318026104}