{"val_accuracy":0.8886666666666667,"train_loss":0.15472188767002448,"best_train_accuracy":0.9317777777777778,"epoch":20,"val_loss":0.3353228436006263,"best_val_loss":0.3169143511554782,"_step":20,"_runtime":28.3970506,"_wandb":{"runtime":28},"_timestamp":1.7413836702654467e+09,"train_accuracy":0.9425555555555556,"best_epoch":14,"best_train_loss":0.186073829733913,"best_val_accuracy":0.8925}