{"best_epoch":17,"best_val_loss":0.33033834859972716,"best_train_accuracy":0.9376111111111111,"val_accuracy":0.8903333333333333,"_wandb":{"runtime":33},"_runtime":32.9724783,"_timestamp":1.7413813356231604e+09,"epoch":20,"_step":20,"best_val_accuracy":0.892,"train_accuracy":0.9421111111111111,"val_loss":0.3412421935443512,"best_train_loss":0.16924040679950697,"train_loss":0.153665309405004}