{"best_train_loss":0.42890438092791583,"best_val_loss":0.43269878137460177,"val_accuracy":0.8455,"_runtime":18.0618158,"_step":10,"best_val_accuracy":0.8473333333333334,"_timestamp":1.741364318020515e+09,"_wandb":{"runtime":18},"best_train_accuracy":0.852925925925926,"best_epoch":8,"epoch":10,"train_loss":0.4198455346469798,"train_accuracy":0.8557407407407407,"val_loss":0.43651495467594564}