{"best_val_accuracy":0.8678333333333333,"epoch":15,"_step":15,"train_accuracy":0.8794444444444445,"best_epoch":13,"_timestamp":1.7412581346447062e+09,"_wandb":{"runtime":27},"best_val_loss":0.3639055856415894,"best_train_loss":0.3452463376512333,"train_loss":0.3410424245003768,"val_accuracy":0.8661666666666666,"val_loss":0.35970640206163323,"best_train_accuracy":0.878537037037037,"_runtime":27.8120342}