{"_step":10,"_timestamp":1.741367749701493e+09,"best_train_accuracy":0.8639814814814815,"best_val_loss":0.39426762377572594,"epoch":10,"val_loss":0.39426762377572594,"best_epoch":9,"_wandb":{"runtime":11},"train_accuracy":0.8639814814814815,"train_loss":0.39073898830042997,"best_val_accuracy":0.8591666666666666,"best_train_loss":0.39073898830042997,"val_accuracy":0.8591666666666666,"_runtime":11.011215}