{"val_loss":0.18307188212514805,"confusion_matrix":{"size":28760,"path":"media/plotly/confusion_matrix_12_58e53b64b0eefcb6b99a.plotly.json","_type":"plotly-file","sha256":"58e53b64b0eefcb6b99ab5158fe8c8201891819465bd1aeec9266644c414a79a"},"test_loss":0.1921886214895175,"_runtime":297.6340766,"epoch":10,"best_val_loss":0.17385674876658172,"train_accuracy":0.9031481481481481,"best_train_loss":0.15812667453963813,"best_train_accuracy":0.8952222222222223,"_wandb":{"runtime":297},"test_accuracy":0.872,"val_accuracy":0.8776666666666667,"best_val_accuracy":0.8855,"_timestamp":1.7414529695493705e+09,"best_epoch":6,"train_loss":0.1466221374785181,"_step":12}