{"epoch":10,"_runtime":156.8288028,"val_accuracy":0.8583333333333333,"_timestamp":1.741363827998683e+09,"best_epoch":6,"_wandb":{"runtime":156},"_step":10,"best_val_accuracy":0.8748333333333334,"val_loss":0.3870964422346374,"train_loss":0.30851874775978994,"best_train_loss":0.333330393575537,"train_accuracy":0.8870370370370371,"best_val_loss":0.3570247857849011,"best_train_accuracy":0.8793148148148148}