{"epoch":20,"best_train_accuracy":0.9273148148148148,"val_loss":0.34696526784019177,"_runtime":19.2530763,"best_epoch":14,"_timestamp":1.7414098625150702e+09,"val_accuracy":0.8918333333333334,"train_accuracy":0.9383518518518519,"best_train_loss":0.19681782143821333,"_wandb":{"runtime":19},"best_val_accuracy":0.8943333333333333,"train_loss":0.16632654201266367,"best_val_loss":0.31147713056755244,"_step":20}