{"_wandb":{"runtime":28},"epoch":10,"val_loss":0.43807540594672756,"best_epoch":9,"best_val_accuracy":0.8558333333333333,"best_train_accuracy":0.8606296296296296,"best_train_loss":0.41729729511046415,"_timestamp":1.7413655042430215e+09,"_runtime":28.4286435,"train_loss":0.41729729511046415,"train_accuracy":0.8606296296296296,"_step":10,"val_accuracy":0.8558333333333333,"best_val_loss":0.43807540594672756}