{"val_accuracy":0.8785,"best_val_loss":0.3358920866218802,"train_loss":0.1804360653302756,"best_epoch":15,"best_train_accuracy":0.9218333333333333,"_runtime":293.6239643,"best_train_loss":0.20278233839219448,"_step":20,"_wandb":{"runtime":293},"_timestamp":1.7413719611998813e+09,"best_val_accuracy":0.8925,"train_accuracy":0.9312407407407407,"epoch":20,"val_loss":0.3850073976631788}