{"_runtime":60.757983,"best_epoch":15,"train_loss":0.16272631317155598,"val_loss":0.3398794089422577,"_timestamp":1.741392219438056e+09,"val_accuracy":0.8916666666666667,"epoch":20,"_wandb":{"runtime":60},"best_train_loss":0.18504005834597087,"best_train_accuracy":0.9273518518518519,"best_val_accuracy":0.8966666666666666,"train_accuracy":0.9370555555555555,"_step":20,"best_val_loss":0.31189274185223265}