{"epoch":5,"test_accuracy":0.8627,"val_accuracy":0.8716666666666667,"_wandb":{"runtime":28},"best_val_loss":0.19294054200479915,"train_accuracy":0.8771851851851852,"best_train_accuracy":0.8771851851851852,"train_loss":0.18893978705908665,"confusion_matrix":{"path":"media/plotly/confusion_matrix_7_3b705a07152d6c221a08.plotly.json","_type":"plotly-file","sha256":"3b705a07152d6c221a085ebdc63330a09a980e204bb17a0cf7cbba18ca8f6700","size":28820},"best_val_accuracy":0.8716666666666667,"_timestamp":1.7414573913755534e+09,"_step":7,"best_train_loss":0.18893978705908665,"val_loss":0.19294054200479915,"_runtime":28.6261875,"best_epoch":4,"test_loss":0.20427618351564947}