{"best_epoch":16,"_wandb":{"runtime":24},"best_val_loss":0.30501880972920176,"_runtime":24.2063798,"epoch":20,"val_accuracy":0.8896666666666667,"best_val_accuracy":0.8935,"train_accuracy":0.927962962962963,"_timestamp":1.7413901103964107e+09,"_step":20,"train_loss":0.19041838565445587,"val_loss":0.31932476331317666,"best_train_loss":0.21179320474227126,"best_train_accuracy":0.9202592592592592}