{"epoch":20,"_wandb":{"runtime":23},"best_epoch":16,"train_loss":0.15548629612342596,"best_val_loss":0.32766003587563924,"val_loss":0.3427855582073924,"best_val_accuracy":0.8953333333333333,"best_train_loss":0.17172588784808038,"val_accuracy":0.8893333333333333,"_timestamp":1.741385383027626e+09,"_step":20,"_runtime":23.9078985,"train_accuracy":0.9418333333333333,"best_train_accuracy":0.9358148148148148}