{"best_val_loss":0.4119889681154951,"epoch":15,"_timestamp":1.7412794553698485e+09,"train_accuracy":0.8570185185185185,"_runtime":26.7990405,"val_accuracy":0.8531666666666666,"val_loss":0.4119889681154951,"best_train_loss":0.40936314632960424,"best_epoch":14,"best_train_accuracy":0.8570185185185185,"train_loss":0.40936314632960424,"_step":15,"best_val_accuracy":0.8531666666666666,"_wandb":{"runtime":26}}