{"_timestamp":1.7413782382598634e+09,"train_loss":0.17787176652683045,"train_accuracy":0.9335185185185185,"val_loss":0.3204553316264261,"best_val_accuracy":0.8955,"best_val_loss":0.30560288298520766,"val_accuracy":0.8901666666666667,"best_train_accuracy":0.9267407407407408,"epoch":20,"best_train_loss":0.1965205181234704,"_step":20,"_runtime":22.6487727,"best_epoch":17,"_wandb":{"runtime":22}}