{"best_val_loss":0.32041003475767826,"_runtime":54.9256385,"best_epoch":14,"_timestamp":1.7413713270256586e+09,"train_accuracy":0.9301296296296296,"_wandb":{"runtime":54},"best_val_accuracy":0.893,"_step":20,"val_loss":0.35152504436652,"best_train_accuracy":0.9193888888888889,"val_accuracy":0.8831666666666667,"epoch":20,"best_train_loss":0.21458392446199256,"train_loss":0.1816475737722605}