{"_wandb":{"runtime":24},"_runtime":23.990074,"best_epoch":11,"train_loss":0.4628662630907662,"best_train_loss":0.45899043375449244,"_step":15,"_timestamp":1.74125343772932e+09,"val_accuracy":0.846,"val_loss":0.4954924062999014,"epoch":15,"best_train_accuracy":0.8555185185185186,"train_accuracy":0.8552037037037037,"best_val_accuracy":0.8638333333333333,"best_val_loss":0.4422846011270114}