{"best_val_accuracy":0.8943333333333333,"best_epoch":19,"best_train_accuracy":0.940037037037037,"_wandb":{"runtime":24},"_step":20,"train_loss":0.1613056571158095,"best_val_loss":0.31642290390537325,"train_accuracy":0.940037037037037,"val_accuracy":0.8943333333333333,"val_loss":0.31642290390537325,"epoch":20,"_timestamp":1.7413985472950304e+09,"best_train_loss":0.1613056571158095,"_runtime":24.3245843}