{"_runtime":119.0745998,"train_accuracy":0.892425925925926,"_wandb":{"runtime":119},"_timestamp":1.7414582168013537e+09,"best_train_loss":0.1747427786987421,"confusion_matrix":{"size":28789,"path":"media/plotly/confusion_matrix_12_636fee3a8659c83b8547.plotly.json","_type":"plotly-file","sha256":"636fee3a8659c83b8547fdcca1321fe367ad8b03c3167987501dabcf9d1b82b4"},"val_loss":0.19392830475772121,"test_accuracy":0.8678,"epoch":10,"best_val_accuracy":0.879,"train_loss":0.16759832247497297,"val_accuracy":0.874,"best_val_loss":0.18976178083788317,"test_loss":0.20109385643346325,"best_train_accuracy":0.8869444444444444,"_step":12,"best_epoch":6}