{"best_val_loss":0.33938542913122766,"val_accuracy":0.8803333333333333,"train_accuracy":0.8920555555555556,"best_train_accuracy":0.8920555555555556,"best_val_accuracy":0.8803333333333333,"_runtime":75.0692541,"best_train_loss":0.29997813578761123,"val_loss":0.33938542913122766,"best_epoch":14,"_wandb":{"runtime":75},"_step":15,"_timestamp":1.7412594715610952e+09,"train_loss":0.29997813578761123,"epoch":15}