{"_timestamp":1.7412524817927978e+09,"best_val_loss":0.391277586651902,"train_loss":0.3701026913888802,"epoch":15,"best_train_loss":0.37277168003114536,"val_accuracy":0.8683333333333333,"val_loss":0.39199256066674154,"_wandb":{"runtime":38},"_runtime":38.7650996,"best_train_accuracy":0.8723148148148148,"train_accuracy":0.8726111111111111,"_step":15,"best_val_accuracy":0.8683333333333333,"best_epoch":13}