{"best_train_accuracy":0.8717407407407407,"train_accuracy":0.8777407407407407,"_timestamp":1.74127835490817e+09,"train_loss":0.35026967128830905,"best_epoch":11,"_runtime":26.6797911,"val_loss":0.3783397525662781,"val_accuracy":0.8671666666666666,"best_train_loss":0.36698960885496357,"_step":15,"_wandb":{"runtime":26},"best_val_loss":0.37979058296950496,"epoch":15,"best_val_accuracy":0.8688333333333333}