{"best_val_loss":0.4249703165932812,"val_accuracy":0.85,"train_loss":0.4034633999916963,"_wandb":{"runtime":50},"val_loss":0.4189379279893173,"epoch":10,"_runtime":50.5767174,"_timestamp":1.7413631407890105e+09,"best_epoch":7,"best_train_loss":0.4263012030244325,"best_train_accuracy":0.8509629629629629,"best_val_accuracy":0.8513333333333334,"train_accuracy":0.8571666666666666,"_step":10}