{"_runtime":35.7785175,"best_train_accuracy":0.8686851851851852,"best_val_loss":0.3913058402330836,"val_loss":0.3937404081830533,"best_val_accuracy":0.8638333333333333,"best_epoch":7,"best_train_loss":0.37629567150818405,"val_accuracy":0.8613333333333333,"epoch":10,"_step":10,"_timestamp":1.7413650406149466e+09,"train_accuracy":0.8720925925925926,"_wandb":{"runtime":35},"train_loss":0.36441775025085016}