{"train_accuracy":0.9313333333333333,"best_val_loss":0.3096075923797239,"train_loss":0.17945258233128208,"best_val_accuracy":0.8958333333333334,"best_train_loss":0.2098546520192211,"epoch":20,"best_train_accuracy":0.9206296296296296,"best_epoch":13,"val_accuracy":0.8931666666666667,"val_loss":0.3578249911904105,"_runtime":85.4010292,"_wandb":{"runtime":85},"_timestamp":1.7414055588419073e+09,"_step":20}