{"epoch":10,"best_train_loss":0.7597009990321575,"_runtime":22.6376398,"best_train_accuracy":0.805537037037037,"best_val_accuracy":0.8331666666666667,"_step":10,"best_epoch":5,"val_loss":0.8292375272198361,"_wandb":{"runtime":22},"train_accuracy":0.7415185185185185,"val_accuracy":0.7491666666666666,"_timestamp":1.741365203782501e+09,"train_loss":0.9961949132314729,"best_val_loss":0.7472933968324711}