{"test_loss":0.21360333871159246,"test_accuracy":0.8611,"_runtime":16.8412593,"confusion_matrix":{"size":28796,"path":"media/plotly/confusion_matrix_7_cbc4f4441fa55dcb834f.plotly.json","_type":"plotly-file","sha256":"cbc4f4441fa55dcb834ff177ab90f7730b11a450a934deb3c4f3c437750ab00b"},"epoch":5,"_timestamp":1.7414494868196974e+09,"train_accuracy":0.885,"best_val_accuracy":0.8786666666666667,"train_loss":0.17668080783325552,"best_train_loss":0.2010219177566116,"best_train_accuracy":0.8683333333333333,"best_val_loss":0.18761419031727994,"val_accuracy":0.8773333333333333,"_wandb":{"runtime":16},"best_epoch":2,"_step":7,"val_loss":0.1951133390244864}