{"best_train_loss":0.18632575432261764,"best_val_accuracy":0.8923333333333333,"val_loss":0.34359593767735086,"train_loss":0.14501426210612964,"_timestamp":1.7414010295118237e+09,"_step":20,"_runtime":48.1262436,"best_epoch":13,"best_val_loss":0.32167308886072504,"_wandb":{"runtime":48},"train_accuracy":0.9459074074074074,"best_train_accuracy":0.9296481481481481,"val_accuracy":0.8913333333333333,"epoch":20}