{"train_accuracy":0.9381111111111111,"best_epoch":18,"_timestamp":1.741410969686536e+09,"_step":20,"best_val_loss":0.35560887105348116,"_runtime":58.2283591,"train_loss":0.15976112109814114,"epoch":20,"val_accuracy":0.8925,"best_val_accuracy":0.8933333333333333,"val_loss":0.35707637913188023,"best_train_accuracy":0.9366666666666666,"_wandb":{"runtime":58},"best_train_loss":0.16528541749710102}