{"val_accuracy":0.8596666666666667,"best_train_loss":0.35344370886428483,"best_epoch":9,"best_val_loss":0.3755163620322263,"val_loss":0.39135051247330366,"best_train_accuracy":0.8736666666666667,"best_val_accuracy":0.8706666666666667,"train_accuracy":0.8782407407407408,"_timestamp":1.7412598275521855e+09,"_step":15,"_wandb":{"runtime":28},"epoch":15,"train_loss":0.34502162171104,"_runtime":28.6452896}