{"best_train_loss":0.16118776229801776,"_runtime":42.4481245,"train_accuracy":0.9441851851851852,"epoch":20,"_step":20,"_wandb":{"runtime":42},"_timestamp":1.7413904978962092e+09,"train_loss":0.15133046302206446,"val_accuracy":0.8925,"val_loss":0.35255245101440097,"best_train_accuracy":0.9398518518518518,"best_val_accuracy":0.8943333333333333,"best_epoch":17,"best_val_loss":0.3319412381285196}