{"val_accuracy":0.8301666666666667,"train_loss":0.4857645534325901,"train_accuracy":0.8342407407407407,"best_val_accuracy":0.8301666666666667,"val_loss":0.48403413243238447,"_runtime":46.032587,"epoch":15,"_timestamp":1.741269695954209e+09,"_step":15,"best_epoch":14,"_wandb":{"runtime":46},"best_train_loss":0.4857645534325901,"best_train_accuracy":0.8342407407407407,"best_val_loss":0.48403413243238447}