{"_timestamp":1.7413970728789291e+09,"epoch":20,"_runtime":43.2446762,"train_accuracy":0.9379444444444445,"val_accuracy":0.8913333333333333,"_step":20,"train_loss":0.16200782323993448,"best_train_accuracy":0.9357962962962963,"_wandb":{"runtime":43},"val_loss":0.3551870339622542,"best_epoch":18,"best_val_accuracy":0.892,"best_val_loss":0.3430638900356419,"best_train_loss":0.16738378769653045}