{"best_train_accuracy":0.9425370370370371,"epoch":20,"val_accuracy":0.8948333333333334,"best_val_accuracy":0.8948333333333334,"best_epoch":19,"val_loss":0.3463986366488268,"train_accuracy":0.9425370370370371,"train_loss":0.15604648077200917,"_step":20,"_wandb":{"runtime":28},"_runtime":28.1236611,"best_train_loss":0.15604648077200917,"best_val_loss":0.3463986366488268,"_timestamp":1.7413860029195492e+09}