{"train_loss":0.1579066658041284,"_runtime":23.8242198,"best_train_accuracy":0.9201111111111111,"_wandb":{"runtime":23},"_step":20,"best_train_loss":0.21311124591809752,"best_val_loss":0.3061043382255395,"train_accuracy":0.9413333333333334,"best_val_accuracy":0.8933333333333333,"epoch":20,"val_loss":0.35149308239664484,"_timestamp":1.741392007340794e+09,"best_epoch":11,"val_accuracy":0.8875}