{"best_train_loss":0.16192212043038304,"_step":20,"val_accuracy":0.8966666666666666,"best_epoch":19,"best_val_loss":0.3199319320041811,"train_loss":0.16192212043038304,"best_train_accuracy":0.9397962962962964,"best_val_accuracy":0.8966666666666666,"_timestamp":1.741383158708327e+09,"_runtime":39.9941013,"epoch":20,"train_accuracy":0.9397962962962964,"val_loss":0.3199319320041811,"_wandb":{"runtime":40}}