{"val_loss":0.33638245396275507,"_step":20,"train_accuracy":0.9294629629629629,"train_loss":0.18976551078346804,"val_accuracy":0.8888333333333334,"_runtime":35.3663273,"best_val_loss":0.33638245396275507,"best_val_accuracy":0.8888333333333334,"best_epoch":19,"best_train_loss":0.18976551078346804,"epoch":20,"best_train_accuracy":0.9294629629629629,"_timestamp":1.7414117126283453e+09,"_wandb":{"runtime":35}}