{"_wandb":{"runtime":28},"_timestamp":1.741405628895415e+09,"best_val_accuracy":0.8931666666666667,"best_epoch":19,"best_val_loss":0.3296958863060271,"train_loss":0.15973529184662993,"best_train_accuracy":0.9407592592592593,"val_loss":0.3296958863060271,"train_accuracy":0.9407592592592593,"val_accuracy":0.8931666666666667,"_runtime":27.9895319,"best_train_loss":0.15973529184662993,"_step":20,"epoch":20}