{"val_accuracy":0.8516666666666667,"_wandb":{"runtime":39},"train_accuracy":0.8763703703703704,"best_val_loss":0.20491313517950932,"best_val_accuracy":0.8685,"best_train_accuracy":0.8702222222222222,"val_loss":0.2280315820669732,"best_train_loss":0.19964007566350667,"_runtime":39.9118849,"test_accuracy":0.8567,"_timestamp":1.7414510130174289e+09,"epoch":5,"best_epoch":2,"test_loss":0.22657126768813804,"train_loss":0.18792397857888513,"confusion_matrix":{"path":"media/plotly/confusion_matrix_7_eaa06717c4d60dc4b331.plotly.json","_type":"plotly-file","sha256":"eaa06717c4d60dc4b331d709b3ab072c5a0410036b53ff784b4bbb28021a9d45","size":28806},"_step":7}