{"_wandb":{"runtime":28},"train_loss":0.19214945942494938,"best_val_accuracy":0.8913333333333333,"best_epoch":17,"_step":20,"val_accuracy":0.8898333333333334,"epoch":20,"best_val_loss":0.31519968452505837,"_timestamp":1.7413835427428596e+09,"best_train_accuracy":0.9238888888888889,"val_loss":0.32534658433075914,"train_accuracy":0.9280555555555555,"_runtime":28.6225468,"best_train_loss":0.20193961870566507}