{"best_epoch":4,"val_accuracy":0.6216666666666667,"best_train_loss":1.3946317617454953,"train_accuracy":0.6002037037037037,"val_loss":1.2681981046486432,"_step":5,"_timestamp":1.7413629800607e+09,"epoch":5,"train_loss":1.3946317617454953,"_runtime":7.3572739,"best_val_loss":1.2681981046486432,"best_val_accuracy":0.6216666666666667,"best_train_accuracy":0.6002037037037037,"_wandb":{"runtime":7}}