{"_wandb":{"runtime":37},"val_accuracy":0.8046666666666666,"_runtime":37.4298906,"train_accuracy":0.8050185185185185,"_timestamp":1.7412519889436126e+09,"_step":15,"best_val_loss":0.5577416618125345,"epoch":15,"best_val_accuracy":0.8046666666666666,"best_epoch":14,"val_loss":0.5577416618125345,"best_train_accuracy":0.8050185185185185,"train_loss":0.5628598118253394,"best_train_loss":0.5628598118253394}