{"best_epoch":14,"train_accuracy":0.8683333333333333,"_timestamp":1.7412737752620118e+09,"val_accuracy":0.8586666666666667,"_step":15,"best_train_loss":0.37158024239219073,"_wandb":{"runtime":36},"best_val_loss":0.38951991722986185,"best_train_accuracy":0.8683333333333333,"best_val_accuracy":0.8586666666666667,"val_loss":0.38951991722986185,"_runtime":36.2551216,"epoch":15,"train_loss":0.37158024239219073}