{"val_loss":0.3673541857989029,"_step":5,"train_accuracy":0.8818148148148148,"best_val_accuracy":0.8691666666666666,"best_val_loss":0.3659953785789138,"_runtime":6.7307565,"best_train_accuracy":0.876537037037037,"epoch":5,"_timestamp":1.7413662191757324e+09,"train_loss":0.3287564926361038,"best_epoch":3,"best_train_loss":0.34307148325524184,"_wandb":{"runtime":6},"val_accuracy":0.8643333333333333}