{"epoch":20,"val_accuracy":0.8928333333333334,"best_epoch":17,"_wandb":{"runtime":27},"val_loss":0.3226446603231368,"best_val_accuracy":0.8938333333333334,"best_train_loss":0.18943336549910159,"_step":20,"_timestamp":1.7413762987348444e+09,"train_loss":0.17783844452064146,"best_val_loss":0.3081564423737139,"train_accuracy":0.932074074074074,"_runtime":27.2193644,"best_train_accuracy":0.9284259259259259}