{"_timestamp":1.7412874083645873e+09,"best_val_loss":0.4168386325170944,"val_loss":0.4203596615028949,"_runtime":258.3697362,"train_accuracy":0.8581296296296296,"best_train_accuracy":0.8562962962962963,"best_train_loss":0.41400648738975004,"_step":15,"_wandb":{"runtime":258},"best_val_accuracy":0.8513333333333334,"epoch":15,"best_epoch":13,"train_loss":0.4073927279623692,"val_accuracy":0.8468333333333333}