{"best_epoch":4,"val_loss":0.4353469875744494,"train_loss":0.43824401631199605,"_wandb":{"runtime":9},"_step":5,"best_val_loss":0.4353469875744494,"best_val_accuracy":0.8483333333333334,"_timestamp":1.7413655269776428e+09,"best_train_accuracy":0.8469814814814814,"train_accuracy":0.8469814814814814,"_runtime":9.2983788,"epoch":5,"val_accuracy":0.8483333333333334,"best_train_loss":0.43824401631199605}