{"best_val_accuracy":0.8805,"_runtime":17.5416066,"epoch":10,"best_val_loss":0.3334419887782533,"best_train_accuracy":0.8928148148148148,"train_accuracy":0.8984629629629629,"best_epoch":7,"best_train_loss":0.2910205050974092,"val_loss":0.3398366379831684,"_step":10,"train_loss":0.27388701704754753,"val_accuracy":0.8771666666666667,"_timestamp":1.7413646456347096e+09,"_wandb":{"runtime":17}}