{"_wandb":{"runtime":23},"epoch":20,"val_loss":0.33162660062066923,"train_loss":0.1612383758853814,"best_val_loss":0.29345606996743356,"best_train_loss":0.20086393221131357,"best_train_accuracy":0.9253333333333333,"train_accuracy":0.9402592592592592,"_step":20,"val_accuracy":0.8876666666666667,"_timestamp":1.7414035744945397e+09,"_runtime":23.9672911,"best_epoch":13,"best_val_accuracy":0.894}