{"_step":20,"best_epoch":15,"_wandb":{"runtime":26},"train_accuracy":0.9359444444444445,"best_train_loss":0.19995576651716965,"val_loss":0.3253306962685357,"best_train_accuracy":0.9241666666666667,"_timestamp":1.7413755052520728e+09,"train_loss":0.17227804315527934,"best_val_accuracy":0.8916666666666667,"val_accuracy":0.8915,"epoch":20,"best_val_loss":0.3205773850645841,"_runtime":26.9724767}