{"best_train_loss":0.6607409672779682,"val_accuracy":0.7041666666666667,"_wandb":{"runtime":54},"best_val_accuracy":0.8401666666666666,"train_accuracy":0.7443333333333333,"best_epoch":5,"best_train_accuracy":0.8183148148148148,"epoch":15,"best_val_loss":0.6595890763147713,"train_loss":1.04612503294553,"_step":15,"val_loss":0.8122645925567812,"_timestamp":1.7412697953845265e+09,"_runtime":54.3113275}