{"val_accuracy":0.8498333333333333,"train_accuracy":0.8548148148148148,"_wandb":{"runtime":30},"train_loss":0.41540124962441755,"_step":15,"epoch":15,"best_train_accuracy":0.8548148148148148,"best_val_accuracy":0.8498333333333333,"_runtime":30.941156499999998,"val_loss":0.42316774154152637,"_timestamp":1.7412708035800586e+09,"best_epoch":14,"best_train_loss":0.41540124962441755,"best_val_loss":0.42316774154152637}