{"val_loss":0.5523412574764015,"_timestamp":1.7412795656541092e+09,"val_accuracy":0.8051666666666667,"best_train_loss":0.5634488710260873,"train_loss":0.5634488710260873,"_runtime":67.0151912,"train_accuracy":0.8035555555555556,"best_val_accuracy":0.8051666666666667,"best_train_accuracy":0.8035555555555556,"best_epoch":14,"_step":15,"epoch":15,"best_val_loss":0.5523412574764015,"_wandb":{"runtime":67}}