{"_timestamp":1.7412758411576686e+09,"train_accuracy":0.8827592592592592,"best_val_loss":0.3629371582294765,"epoch":15,"_wandb":{"runtime":22},"val_loss":0.37004604624970405,"best_epoch":12,"_runtime":22.1972285,"_step":15,"val_accuracy":0.8673333333333333,"best_train_loss":0.34651279601768886,"best_val_accuracy":0.8743333333333333,"train_loss":0.3389664842178922,"best_train_accuracy":0.8799814814814815}