{"_timestamp":1.7414013584697552e+09,"_step":20,"train_accuracy":0.9146666666666666,"_runtime":16.172361,"epoch":20,"best_train_loss":0.2446117999632323,"_wandb":{"runtime":16},"best_epoch":16,"best_val_accuracy":0.8908333333333334,"best_train_accuracy":0.9100185185185186,"val_accuracy":0.8803333333333333,"val_loss":0.3880427771803919,"best_val_loss":0.34367405040659554,"train_loss":0.2303794130030599}