{"train_accuracy":0.9387407407407408,"_step":20,"val_loss":0.37892156826334067,"best_val_loss":0.33587638630376787,"_wandb":{"runtime":25},"_runtime":25.5450842,"train_loss":0.1606125366271422,"_timestamp":1.741383256304673e+09,"best_train_accuracy":0.9203703703703704,"epoch":20,"val_accuracy":0.8866666666666667,"best_train_loss":0.21322818498760152,"best_val_accuracy":0.8893333333333333,"best_epoch":11}