{"_wandb":{"runtime":42},"val_accuracy":0.894,"_timestamp":1.7413984375483391e+09,"epoch":20,"best_val_loss":0.3075845740633216,"_step":20,"best_train_loss":0.16776673080058402,"best_val_accuracy":0.8958333333333334,"train_accuracy":0.9439074074074074,"best_train_accuracy":0.9379074074074074,"train_loss":0.14940343573879225,"best_epoch":16,"_runtime":42.6289393,"val_loss":0.3326951885977719}