{"best_train_loss":0.36570801739282094,"_timestamp":1.74136617639881e+09,"train_accuracy":0.8722037037037037,"best_val_accuracy":0.8656666666666667,"val_accuracy":0.8656666666666667,"_runtime":18.3170479,"_wandb":{"runtime":18},"_step":10,"best_train_accuracy":0.8722037037037037,"epoch":10,"val_loss":0.37446910303649356,"best_val_loss":0.37446910303649356,"train_loss":0.36570801739282094,"best_epoch":9}