{"_runtime":99.2722214,"train_loss":0.18529799269263839,"_step":12,"confusion_matrix":{"size":28803,"path":"media/plotly/confusion_matrix_12_db9d8ff528fa18215f2d.plotly.json","_type":"plotly-file","sha256":"db9d8ff528fa18215f2d0fab8da236a8a208a0e99809e04a7fc753c42907a5d8"},"train_accuracy":0.8763888888888889,"test_accuracy":0.8492,"best_epoch":3,"val_loss":0.22769242434118456,"best_val_accuracy":0.8626666666666667,"val_accuracy":0.8601666666666666,"_timestamp":1.741448572961741e+09,"epoch":10,"_wandb":{"runtime":99},"best_val_loss":0.20623027919173706,"best_train_loss":0.2030605000375499,"test_loss":0.2365144953951958,"best_train_accuracy":0.8646851851851852}