{"best_val_loss":0.3166765953634369,"_step":20,"_runtime":49.587256,"best_train_accuracy":0.915962962962963,"best_val_accuracy":0.8893333333333333,"epoch":20,"train_loss":0.1858515175678316,"_wandb":{"runtime":49},"best_epoch":11,"best_train_loss":0.22708871325080346,"_timestamp":1.741373881836051e+09,"val_accuracy":0.8871666666666667,"train_accuracy":0.9308518518518518,"val_loss":0.34778915010334593}