{"epoch":20,"val_loss":0.33416617493101275,"best_val_accuracy":0.8936666666666667,"_timestamp":1.7413919757050068e+09,"_step":20,"best_train_loss":0.18147743348534748,"train_accuracy":0.930037037037037,"best_epoch":19,"_wandb":{"runtime":24},"train_loss":0.18147743348534748,"best_val_loss":0.33416617493101275,"_runtime":24.1669367,"val_accuracy":0.8936666666666667,"best_train_accuracy":0.930037037037037}