{"val_loss":0.4100236804577528,"_wandb":{"runtime":8},"val_accuracy":0.8601666666666666,"best_train_accuracy":0.8673148148148148,"best_val_loss":0.4100236804577528,"_step":5,"train_loss":0.3720518752689929,"best_val_accuracy":0.8601666666666666,"epoch":5,"best_epoch":4,"_runtime":8.3782514,"best_train_loss":0.3720518752689929,"train_accuracy":0.8673148148148148,"_timestamp":1.7413676262500215e+09}