{"best_train_loss":0.48278263577107977,"_step":10,"best_val_accuracy":0.8228333333333333,"_timestamp":1.7413706456727993e+09,"train_accuracy":0.8276296296296296,"best_train_accuracy":0.8276296296296296,"_wandb":{"runtime":75},"_runtime":75.6078052,"epoch":10,"val_accuracy":0.8228333333333333,"best_val_loss":0.4791268613858184,"best_epoch":9,"train_loss":0.48278263577107977,"val_loss":0.4791268613858184}