{"_timestamp":1.7412541896422663e+09,"best_val_loss":0.4056637551862982,"_runtime":29.4429734,"epoch":15,"val_loss":0.4297315176465062,"best_epoch":13,"best_train_accuracy":0.864462962962963,"best_val_accuracy":0.8598333333333333,"train_loss":0.3870765317807129,"_wandb":{"runtime":29},"val_accuracy":0.8493333333333334,"train_accuracy":0.8663703703703703,"_step":15,"best_train_loss":0.39147381230977996}