{"best_val_loss":0.34982873980175083,"train_accuracy":0.8953148148148148,"_timestamp":1.741271204296697e+09,"best_val_accuracy":0.8771666666666667,"train_loss":0.29576876732883345,"val_loss":0.34982873980175083,"_runtime":53.4071878,"best_train_loss":0.29576876732883345,"_wandb":{"runtime":53},"best_train_accuracy":0.8953148148148148,"epoch":15,"val_accuracy":0.8771666666666667,"_step":15,"best_epoch":14}