{"best_val_loss":0.3380116046834069,"val_loss":0.3601336300828632,"_step":10,"_timestamp":1.7413634810450187e+09,"train_accuracy":0.8950370370370371,"val_accuracy":0.8705,"best_train_loss":0.30010507353233534,"best_val_accuracy":0.882,"best_train_accuracy":0.8897222222222222,"epoch":10,"_runtime":123.6082546,"_wandb":{"runtime":123},"train_loss":0.28252057057042956,"best_epoch":7}