{"train_accuracy":0.9401481481481482,"_step":20,"val_loss":0.33067285220355863,"val_accuracy":0.8908333333333334,"_runtime":23.3901742,"_timestamp":1.741405907587865e+09,"train_loss":0.160213113067428,"_wandb":{"runtime":23},"epoch":20,"best_epoch":17,"best_train_loss":0.17326939799974794,"best_val_loss":0.319685354676301,"best_val_accuracy":0.8921666666666667,"best_train_accuracy":0.9357962962962963}