{"_runtime":588.1676261,"val_accuracy":0.8888333333333334,"train_loss":0.07501050746161095,"best_train_accuracy":0.9505185185185185,"_wandb":{"runtime":588},"_step":30,"train_accuracy":0.9723333333333334,"_timestamp":1.7414255615513349e+09,"best_epoch":18,"epoch":30,"best_val_accuracy":0.8978333333333334,"best_val_loss":0.33880917702678814,"val_loss":0.4149770768386194,"best_train_loss":0.1312236350193497}