{"_runtime":20.9175039,"best_train_accuracy":0.8945740740740741,"val_accuracy":0.8788333333333334,"epoch":10,"train_accuracy":0.8992592592592593,"train_loss":0.2726767779106091,"best_val_loss":0.3388201316620609,"best_train_loss":0.2889889622951371,"_step":10,"_wandb":{"runtime":20},"val_loss":0.3349583707237637,"best_epoch":7,"best_val_accuracy":0.8795,"_timestamp":1.7413656553831797e+09}