{"val_accuracy":0.8653333333333333,"_timestamp":1.7412610621776562e+09,"best_train_accuracy":0.8716851851851852,"best_epoch":13,"epoch":15,"best_train_loss":0.38404497306687363,"_wandb":{"runtime":101},"best_val_loss":0.40210678182857845,"train_loss":0.3828082984807838,"_runtime":101.5149802,"val_loss":0.40773966895457214,"best_val_accuracy":0.8658333333333333,"_step":15,"train_accuracy":0.8712962962962963}