{"_runtime":27.9151251,"best_val_loss":0.3020157703912638,"best_train_loss":0.2101624099738101,"train_loss":0.19080927137802503,"val_accuracy":0.8875,"best_val_accuracy":0.8916666666666667,"epoch":20,"_wandb":{"runtime":27},"_step":20,"train_accuracy":0.9291111111111111,"best_epoch":16,"_timestamp":1.7414061193809903e+09,"val_loss":0.3251188259996975,"best_train_accuracy":0.9217592592592593}