{"_step":20,"val_loss":0.39471198950274233,"_wandb":{"runtime":68},"train_loss":0.20296689246385322,"best_epoch":11,"best_train_loss":0.25142827504176757,"val_accuracy":0.8825,"epoch":20,"best_train_accuracy":0.9086296296296297,"_runtime":68.4562368,"best_val_accuracy":0.8866666666666667,"_timestamp":1.7414086720245378e+09,"best_val_loss":0.34006568949432137,"train_accuracy":0.9260185185185185}