{"val_loss":0.3639566408438036,"best_epoch":18,"_step":20,"train_accuracy":0.9416666666666667,"val_accuracy":0.8896666666666667,"best_train_loss":0.16038664650586107,"best_val_accuracy":0.8978333333333334,"best_val_loss":0.3202889457267975,"_timestamp":1.7414102819625204e+09,"epoch":20,"best_train_accuracy":0.9403148148148148,"train_loss":0.15396251348820542,"_runtime":28.2102282,"_wandb":{"runtime":28}}