{"epoch":20,"best_train_accuracy":0.9343888888888889,"_wandb":{"runtime":39},"best_epoch":17,"train_loss":0.1648713010180867,"_runtime":39.924171,"_timestamp":1.74141083965947e+09,"best_train_loss":0.17509760722002252,"val_accuracy":0.891,"best_val_accuracy":0.8941666666666667,"best_val_loss":0.31487987346624297,"val_loss":0.34148837461146575,"_step":20,"train_accuracy":0.9376296296296296}