{"_step":20,"train_accuracy":0.9300185185185185,"best_train_accuracy":0.9228518518518518,"best_val_accuracy":0.8975,"_wandb":{"runtime":23},"_timestamp":1.7413990152790325e+09,"best_val_loss":0.30181444796549173,"val_accuracy":0.896,"train_loss":0.18685227207005276,"_runtime":23.2968756,"val_loss":0.30127383482968817,"epoch":20,"best_train_loss":0.20530324353675605,"best_epoch":16}