{"train_accuracy":0.8831481481481481,"best_val_loss":0.35114255639081376,"best_val_accuracy":0.8728333333333333,"_runtime":43.2915146,"epoch":15,"best_train_accuracy":0.8807037037037037,"_step":15,"best_train_loss":0.33337889941688775,"best_epoch":12,"train_loss":0.3261725075299419,"_timestamp":1.741267457200271e+09,"_wandb":{"runtime":43},"val_accuracy":0.8728333333333333,"val_loss":0.3506474540522684}