{"best_epoch":14,"train_accuracy":0.8619259259259259,"best_val_loss":0.41133607823104124,"_wandb":{"runtime":66},"val_accuracy":0.8571666666666666,"_runtime":66.803456,"_timestamp":1.741276485878304e+09,"best_val_accuracy":0.8571666666666666,"epoch":15,"best_train_loss":0.39503554151886566,"_step":15,"val_loss":0.41133607823104124,"best_train_accuracy":0.8619259259259259,"train_loss":0.39503554151886566}