{"_runtime":25.8224656,"_step":10,"val_accuracy":0.8635,"_wandb":{"runtime":25},"best_val_loss":0.380808178831645,"best_train_accuracy":0.8692222222222222,"train_loss":0.363096006663614,"best_val_accuracy":0.8656666666666667,"epoch":10,"train_accuracy":0.8726111111111111,"best_epoch":8,"best_train_loss":0.3721264380038403,"_timestamp":1.7413676452956955e+09,"val_loss":0.37828119753399697}