{"epoch":20,"_step":20,"_wandb":{"runtime":21},"best_val_accuracy":0.8911666666666667,"train_loss":0.19152829017408984,"_timestamp":1.7413770993444486e+09,"best_train_accuracy":0.9251851851851852,"val_accuracy":0.8888333333333334,"best_epoch":17,"train_accuracy":0.9290185185185185,"best_val_loss":0.31478404028672646,"best_train_loss":0.20292534820494199,"_runtime":21.160016,"val_loss":0.3201416208894778}