{"_timestamp":1.74136426849272e+09,"best_train_loss":0.6209295806066188,"best_epoch":2,"best_val_loss":0.6147558309875379,"_wandb":{"runtime":29},"val_accuracy":0.6401666666666667,"train_loss":1.1628520010378698,"train_accuracy":0.663425925925926,"_step":10,"epoch":10,"_runtime":29.6431299,"val_loss":1.7627204405002246,"best_val_accuracy":0.8355,"best_train_accuracy":0.8178148148148148}