{"best_epoch":18,"val_loss":0.32939670664668863,"best_train_loss":0.16763659335892916,"best_val_accuracy":0.895,"train_loss":0.16013581165752994,"best_val_loss":0.31733025117060043,"_runtime":40.9833173,"best_train_accuracy":0.9375,"val_accuracy":0.8911666666666667,"epoch":20,"_step":20,"_wandb":{"runtime":41},"_timestamp":1.7413785504310133e+09,"train_accuracy":0.9407407407407408}