{"_step":15,"val_accuracy":0.8723333333333333,"best_epoch":13,"val_loss":0.3533701294192886,"_runtime":679.6675894,"train_accuracy":0.8865740740740741,"train_loss":0.31622431627011616,"best_train_loss":0.320232762710772,"best_train_accuracy":0.8855,"best_val_accuracy":0.8743333333333333,"_timestamp":1.741285061719802e+09,"best_val_loss":0.3463526165846601,"epoch":15,"_wandb":{"runtime":679}}