{"_timestamp":1.7412761274074454e+09,"train_loss":0.5689194573754737,"best_val_accuracy":0.7943333333333333,"_wandb":{"runtime":76},"val_loss":0.5664969583400423,"best_train_loss":0.5689194573754737,"best_epoch":14,"epoch":15,"_runtime":76.622845,"best_train_accuracy":0.8026296296296296,"best_val_loss":0.5664969583400423,"val_accuracy":0.7943333333333333,"train_accuracy":0.8026296296296296,"_step":15}