{"val_accuracy":0.8678333333333333,"train_loss":0.19480112314633874,"epoch":5,"test_loss":0.21205493778168746,"val_loss":0.20439173985259212,"_step":7,"_wandb":{"runtime":252},"best_train_loss":0.19480112314633874,"best_train_accuracy":0.8789259259259259,"best_val_accuracy":0.8678333333333333,"train_accuracy":0.8789259259259259,"_timestamp":1.74145178705361e+09,"_runtime":252.8417805,"test_accuracy":0.8646,"best_val_loss":0.20439173985259212,"best_epoch":4,"confusion_matrix":{"size":28803,"path":"media/plotly/confusion_matrix_7_13f80a460fc8aa9fd98d.plotly.json","_type":"plotly-file","sha256":"13f80a460fc8aa9fd98d6d10bf82e49b6fe49243cc6875733680fdf8ab771950"}}