{"train_accuracy":0.9418888888888889,"_runtime":23.9670175,"_wandb":{"runtime":24},"best_epoch":16,"best_train_accuracy":0.935,"epoch":20,"train_loss":0.15840220369927016,"val_accuracy":0.8893333333333333,"best_train_loss":0.17498113437488408,"best_val_loss":0.30687107933857655,"_step":20,"_timestamp":1.7413958665622694e+09,"val_loss":0.32985562010096087,"best_val_accuracy":0.8941666666666667}