{"_wandb":{"runtime":27},"best_val_accuracy":0.8935,"_runtime":26.9879699,"val_accuracy":0.8935,"_step":20,"best_train_loss":0.209345611840269,"best_epoch":14,"_timestamp":1.7414008208073118e+09,"train_accuracy":0.9340185185185185,"best_train_accuracy":0.9211111111111111,"epoch":20,"val_loss":0.3225413693894672,"best_val_loss":0.3150851339932597,"train_loss":0.17849860606055706}