{"val_loss":0.3744779335633009,"best_train_loss":0.1717726747671798,"val_accuracy":0.8903333333333333,"_runtime":63.2930549,"best_val_loss":0.3548522934269403,"best_epoch":17,"_wandb":{"runtime":63},"best_val_accuracy":0.8923333333333333,"epoch":20,"train_accuracy":0.937,"_timestamp":1.741392552241236e+09,"_step":20,"best_train_accuracy":0.9341666666666667,"train_loss":0.16325898337182296}