{"best_epoch":16,"val_accuracy":0.8836666666666667,"_runtime":36.6791759,"best_train_loss":0.29150519986120305,"train_accuracy":0.9015925925925926,"best_val_accuracy":0.8841666666666667,"val_loss":0.4474822910414597,"epoch":20,"train_loss":0.28837681097716394,"best_train_accuracy":0.899074074074074,"_timestamp":1.7414003542742493e+09,"_wandb":{"runtime":36},"_step":20,"best_val_loss":0.43395017052511076}