{"_timestamp":1.741435108091628e+09,"val_loss":0.3342814697585455,"_wandb":{"runtime":46},"val_accuracy":0.8936666666666667,"best_val_loss":0.3342814697585455,"test_loss":0.34369731127398556,"confusion_matrix":{"sha256":"f3dbdc5600c9f0133145225a31f9da46f6195c45619a587c3b1e7a785752b6f5","size":28783,"path":"media/plotly/confusion_matrix_22_f3dbdc5600c9f0133145.plotly.json","_type":"plotly-file"},"best_epoch":19,"best_val_accuracy":0.8936666666666667,"epoch":20,"_runtime":46.934029,"train_accuracy":0.9427222222222222,"train_loss":0.15654421726158566,"best_train_accuracy":0.9427222222222222,"best_train_loss":0.15654421726158566,"test_accuracy":0.8923,"_step":22}