{"epoch":15,"_timestamp":1.741253509403687e+09,"val_accuracy":0.8536666666666667,"_wandb":{"runtime":36},"best_val_accuracy":0.8536666666666667,"_runtime":36.8826728,"_step":15,"best_train_accuracy":0.858574074074074,"val_loss":0.40235776159427783,"train_loss":0.3951365009287959,"train_accuracy":0.858574074074074,"best_val_loss":0.40235776159427783,"best_epoch":14,"best_train_loss":0.3951365009287959}