{"train_loss":0.18180777150806926,"val_accuracy":0.8891666666666667,"best_val_accuracy":0.8908333333333334,"_timestamp":1.7413852175669851e+09,"best_train_loss":0.20774046704724417,"train_accuracy":0.9313148148148148,"_runtime":22.7414303,"epoch":20,"val_loss":0.34043637875874305,"_wandb":{"runtime":22},"best_val_loss":0.3321589196868536,"best_epoch":14,"_step":20,"best_train_accuracy":0.9227222222222222}