{"train_loss":0.16308599791629208,"val_accuracy":0.8921666666666667,"_runtime":23.7541603,"best_val_loss":0.3177395295960302,"best_train_accuracy":0.9378148148148148,"best_epoch":18,"best_train_loss":0.16848594466269373,"_timestamp":1.7413789275713215e+09,"val_loss":0.3238619826183005,"epoch":20,"_step":20,"best_val_accuracy":0.8965,"_wandb":{"runtime":23},"train_accuracy":0.9395925925925926}