{"_runtime":200.6997127,"best_train_accuracy":0.8508703703703704,"_wandb":{"runtime":200},"val_accuracy":0.8388333333333333,"val_loss":0.4601403632612741,"_timestamp":1.7412788799069037e+09,"train_loss":0.45260825563097745,"train_accuracy":0.8526851851851852,"best_epoch":13,"best_val_loss":0.4713918250958465,"best_val_accuracy":0.8576666666666667,"epoch":15,"best_train_loss":0.44720964030994276,"_step":15}