{"val_accuracy":0.8935,"best_val_accuracy":0.8935,"best_train_loss":0.14812677715772757,"best_val_loss":0.3386330505070694,"_wandb":{"runtime":47},"val_loss":0.3386330505070694,"train_loss":0.14812677715772757,"_step":20,"_timestamp":1.7413988321580322e+09,"epoch":20,"_runtime":47.8347676,"best_train_accuracy":0.9445370370370371,"train_accuracy":0.9445370370370371,"best_epoch":19}