{"best_train_accuracy":0.8861111111111111,"val_accuracy":0.8676666666666667,"val_loss":0.40368579311172276,"_runtime":58.796783,"train_accuracy":0.8868888888888888,"epoch":15,"best_val_loss":0.39301759062687347,"_step":15,"best_train_loss":0.34324065013055455,"_wandb":{"runtime":58},"best_val_accuracy":0.8766666666666667,"train_loss":0.34400146663025505,"best_epoch":13,"_timestamp":1.741264531223211e+09}