{"best_epoch":9,"train_loss":0.3377990970478612,"train_accuracy":0.8791851851851852,"val_accuracy":0.8721666666666666,"_runtime":30.1571154,"epoch":10,"_wandb":{"runtime":30},"best_train_loss":0.3377990970478612,"best_val_accuracy":0.8721666666666666,"best_train_accuracy":0.8791851851851852,"best_val_loss":0.35978645132455633,"val_loss":0.35978645132455633,"_step":10,"_timestamp":1.7413695600882704e+09}