{"best_epoch":15,"best_train_loss":0.20386788191850658,"best_train_accuracy":0.9225740740740741,"_step":20,"_runtime":31.5631327,"epoch":20,"_timestamp":1.7413998523323112e+09,"train_loss":0.17781062684137935,"val_accuracy":0.8875,"best_val_loss":0.32282340520283137,"_wandb":{"runtime":31},"best_val_accuracy":0.8926666666666667,"train_accuracy":0.9339814814814815,"val_loss":0.33148065040659896}