{"_wandb":{"runtime":19},"_runtime":19.5205977,"best_train_loss":0.3995320548944268,"val_accuracy":0.8545,"_step":15,"val_loss":0.4143594890458751,"best_val_loss":0.4101508301123501,"best_epoch":12,"epoch":15,"best_train_accuracy":0.8622777777777778,"best_val_accuracy":0.8551666666666666,"_timestamp":1.7412680293618176e+09,"train_loss":0.3890020306744514,"train_accuracy":0.865537037037037}