{"train_accuracy":0.8666666666666667,"_timestamp":1.741365909069403e+09,"best_train_loss":0.37982711801414637,"best_epoch":9,"_runtime":11.3428488,"best_val_loss":0.389856214565177,"_wandb":{"runtime":11},"train_loss":0.37982711801414637,"_step":10,"val_accuracy":0.8621666666666666,"best_val_accuracy":0.8621666666666666,"best_train_accuracy":0.8666666666666667,"epoch":10,"val_loss":0.389856214565177}