{"train_accuracy":0.8900555555555556,"_runtime":29.9971883,"best_val_accuracy":0.8781666666666667,"_timestamp":1.7412664160400503e+09,"best_val_loss":0.36759640636557434,"train_loss":0.3148082685955,"_wandb":{"runtime":30},"best_epoch":11,"best_train_loss":0.32645198219281124,"val_accuracy":0.8711666666666666,"best_train_accuracy":0.8865185185185185,"val_loss":0.37301581497312947,"epoch":15,"_step":15}