{"_runtime":22.3679112,"best_val_accuracy":0.8891666666666667,"_timestamp":1.7414075466940567e+09,"_wandb":{"runtime":22},"best_epoch":9,"best_train_loss":0.25110825254258656,"_step":20,"train_loss":0.1767709037375919,"val_accuracy":0.8868333333333334,"best_train_accuracy":0.9054074074074074,"val_loss":0.33929100884814684,"best_val_loss":0.31407776306264323,"train_accuracy":0.9317592592592593,"epoch":20}