{"_wandb":{"runtime":62},"train_loss":0.3992443499148535,"best_train_accuracy":0.8583333333333333,"best_train_loss":0.40457525605173555,"_step":15,"best_epoch":13,"val_loss":0.4202037558180099,"val_accuracy":0.8485,"_runtime":62.1053909,"_timestamp":1.7412508782626998e+09,"best_val_accuracy":0.8503333333333334,"best_val_loss":0.4124272308173717,"train_accuracy":0.8602037037037037,"epoch":15}