{"val_accuracy":0.896,"val_loss":0.3245019381087156,"_runtime":47.0840953,"_wandb":{"runtime":47},"best_val_loss":0.3245019381087156,"train_accuracy":0.9357407407407408,"best_epoch":19,"_timestamp":1.7413828452189443e+09,"train_loss":0.16775800801819274,"epoch":20,"best_val_accuracy":0.896,"best_train_accuracy":0.9357407407407408,"_step":20,"best_train_loss":0.16775800801819274}