{"best_val_accuracy":0.8718333333333333,"_wandb":{"runtime":31},"best_train_loss":0.3303817463450211,"train_accuracy":0.8846481481481482,"val_accuracy":0.8706666666666667,"best_val_loss":0.3566658766349285,"best_train_accuracy":0.8818333333333334,"best_epoch":13,"epoch":15,"_step":15,"val_loss":0.35966288830442983,"_runtime":31.3113165,"train_loss":0.3264136683031613,"_timestamp":1.7412614272012396e+09}