{"_step":10,"train_accuracy":0.9059444444444444,"best_train_loss":0.27725533655160356,"best_epoch":7,"_runtime":16.6715016,"best_val_loss":0.3102874077181123,"val_accuracy":0.8805,"_wandb":{"runtime":16},"best_train_accuracy":0.8969074074074074,"val_loss":0.3368738840979478,"_timestamp":1.7413665152861586e+09,"epoch":10,"train_loss":0.2553623847852012,"best_val_accuracy":0.8871666666666667}