{"_runtime":46.9836491,"_wandb":{"runtime":47},"_step":15,"best_epoch":11,"train_accuracy":0.12453703703703704,"val_accuracy":0.09416666666666666,"val_loss":2.300265690871216,"best_val_loss":2.3000381546895055,"best_train_accuracy":0.12435185185185185,"train_loss":2.2998571764872944,"_timestamp":1.7412796732501812e+09,"best_val_accuracy":0.19133333333333333,"epoch":15,"best_train_loss":2.300518161543192}