{"best_val_accuracy":0.8943333333333333,"best_epoch":15,"best_val_loss":0.33282824248215537,"_step":20,"_runtime":19.0128914,"_wandb":{"runtime":19},"val_loss":0.33481350404345284,"train_accuracy":0.9371296296296296,"epoch":20,"val_accuracy":0.8926666666666667,"best_train_loss":0.19428896519533026,"train_loss":0.16854555338836344,"best_train_accuracy":0.927537037037037,"_timestamp":1.7413838044791389e+09}