{"_timestamp":1.7413997472475357e+09,"epoch":20,"best_train_accuracy":0.927537037037037,"best_val_loss":0.3031078911315384,"best_val_accuracy":0.8955,"train_loss":0.1597944032152018,"_runtime":24.0328167,"best_epoch":14,"val_accuracy":0.8926666666666667,"_step":20,"val_loss":0.3320437153434207,"best_train_loss":0.19512831446863577,"train_accuracy":0.9398333333333333,"_wandb":{"runtime":24}}