{"best_epoch":18,"val_loss":0.3330197285728421,"best_train_loss":0.16918049907239746,"epoch":20,"train_accuracy":0.9399074074074074,"_timestamp":1.741384963854448e+09,"train_loss":0.16308509813828914,"best_train_accuracy":0.9377037037037037,"val_accuracy":0.8948333333333334,"_wandb":{"runtime":19},"best_val_loss":0.31181713960852503,"best_val_accuracy":0.8963333333333333,"_step":20,"_runtime":19.6800861}