{"best_val_loss":0.3481874150584186,"_step":10,"best_train_loss":0.307490477767409,"train_accuracy":0.888462962962963,"epoch":10,"best_epoch":9,"_wandb":{"runtime":61},"_timestamp":1.7413660525481071e+09,"best_val_accuracy":0.8793333333333333,"val_loss":0.3481874150584186,"_runtime":61.7760123,"best_train_accuracy":0.888462962962963,"val_accuracy":0.8793333333333333,"train_loss":0.307490477767409}