{"_timestamp":1.7412538188098712e+09,"_wandb":{"runtime":53},"val_accuracy":0.105,"train_loss":2.302674457767391,"train_accuracy":0.10298148148148148,"best_train_accuracy":0.10298148148148148,"_step":15,"val_loss":2.302544014434498,"_runtime":53.948228,"best_val_loss":2.302544014434498,"best_epoch":14,"best_val_accuracy":0.105,"best_train_loss":2.302674457767391,"epoch":15}