{"train_accuracy":0.919,"test_accuracy":0.8856,"best_val_accuracy":0.8913333333333333,"_step":22,"confusion_matrix":{"_type":"plotly-file","sha256":"7854e0398df7fefc9a3ee95a71f1c4e4028f3d9485b030de8afb4640304e88b4","size":28779,"path":"media/plotly/confusion_matrix_22_7854e0398df7fefc9a3e.plotly.json"},"_runtime":159.4517236,"train_loss":0.12951583578810463,"best_train_accuracy":0.919,"epoch":20,"test_loss":0.17455442709519708,"best_train_loss":0.12951583578810463,"_timestamp":1.7414435909011104e+09,"best_epoch":19,"val_accuracy":0.8913333333333333,"best_val_loss":0.16599535061442036,"_wandb":{"runtime":159},"val_loss":0.16599535061442036}