{"best_train_loss":0.18743191700173092,"val_accuracy":0.8915,"best_epoch":19,"_runtime":23.2343065,"train_loss":0.18743191700173092,"best_train_accuracy":0.9306296296296296,"_timestamp":1.7414111858407946e+09,"train_accuracy":0.9306296296296296,"epoch":20,"_step":20,"best_val_accuracy":0.8915,"_wandb":{"runtime":23},"val_loss":0.313564171670584,"best_val_loss":0.313564171670584}