{"_wandb":{"runtime":23},"_timestamp":1.7412579306800137e+09,"_step":15,"best_val_loss":0.4277943368865556,"_runtime":23.4324185,"best_val_accuracy":0.8456666666666667,"train_loss":0.41910157856989366,"val_accuracy":0.8405,"best_train_accuracy":0.852462962962963,"epoch":15,"best_train_loss":0.4246048642102641,"val_loss":0.4367928132203354,"best_epoch":13,"train_accuracy":0.8543148148148149}