{"_wandb":{"runtime":24},"best_val_loss":0.30686242093008753,"_runtime":24.2107607,"best_train_accuracy":0.9362407407407407,"best_epoch":16,"val_accuracy":0.8895,"train_loss":0.1560177560093115,"_step":20,"best_val_accuracy":0.8958333333333334,"best_train_loss":0.17214982556124933,"epoch":20,"_timestamp":1.7413815830790665e+09,"val_loss":0.3238508493377208,"train_accuracy":0.9422962962962963}