{"train_accuracy":0.8938888888888888,"_wandb":{"runtime":46},"_runtime":46.1594853,"best_epoch":11,"val_loss":0.35608867445032427,"train_loss":0.2978095728089972,"_step":15,"epoch":15,"best_val_loss":0.34464363331720277,"best_train_loss":0.31159649904822123,"_timestamp":1.7412570649053442e+09,"best_train_accuracy":0.8892037037037037,"best_val_accuracy":0.8791666666666667,"val_accuracy":0.8756666666666667}