{"best_val_loss":0.3109556139294471,"val_accuracy":0.8886666666666667,"_runtime":58.3410223,"_timestamp":1.741371181498793e+09,"best_train_accuracy":0.936,"best_train_loss":0.17175047344722966,"train_loss":0.16437798674573026,"_step":20,"epoch":20,"val_loss":0.337059119912389,"_wandb":{"runtime":58},"train_accuracy":0.9388888888888889,"best_val_accuracy":0.8946666666666667,"best_epoch":18}