{"val_accuracy":0.8895,"best_train_loss":0.1913124038751997,"best_epoch":17,"val_loss":0.3423842534594946,"epoch":20,"best_val_loss":0.30388580852023606,"_step":20,"_timestamp":1.7413826769821532e+09,"_runtime":23.0228303,"best_val_accuracy":0.8941666666666667,"train_loss":0.183039571002544,"train_accuracy":0.9308703703703703,"best_train_accuracy":0.9285185185185185,"_wandb":{"runtime":23}}