{"best_train_accuracy":0.9388703703703704,"best_val_accuracy":0.8918333333333334,"epoch":20,"_wandb":{"runtime":65},"best_epoch":19,"val_loss":0.3401261781122574,"_step":20,"val_accuracy":0.8918333333333334,"_timestamp":1.7414035103820815e+09,"train_loss":0.15903758280559274,"best_val_loss":0.3401261781122574,"_runtime":65.5054236,"train_accuracy":0.9388703703703704,"best_train_loss":0.15903758280559274}