{"_wandb":{"runtime":18},"val_accuracy":0.8335,"_step":10,"best_val_loss":0.4813454702779496,"best_train_loss":0.4871696831832934,"epoch":10,"_runtime":18.2661909,"train_loss":0.4871696831832934,"train_accuracy":0.8303148148148148,"_timestamp":1.7413641278448472e+09,"best_val_accuracy":0.8335,"val_loss":0.4813454702779496,"best_train_accuracy":0.8303148148148148,"best_epoch":9}