{"_runtime":24.1861806,"train_accuracy":0.9401666666666667,"_step":20,"best_val_accuracy":0.893,"train_loss":0.160881409114659,"best_epoch":16,"val_accuracy":0.8878333333333334,"_wandb":{"runtime":24},"best_val_loss":0.32113657912918186,"epoch":20,"best_train_accuracy":0.9335740740740741,"best_train_loss":0.17800830064286557,"val_loss":0.3453334377757799,"_timestamp":1.741381551116502e+09}