{"_wandb":{"runtime":23},"_step":5,"_timestamp":1.7413693154965951e+09,"best_val_loss":0.5143368669082589,"epoch":5,"best_val_accuracy":0.8566666666666667,"val_accuracy":0.8566666666666667,"best_epoch":4,"train_accuracy":0.8393703703703703,"best_train_accuracy":0.8393703703703703,"val_loss":0.5143368669082589,"best_train_loss":0.540197011826047,"train_loss":0.540197011826047,"_runtime":23.5967978}