{"val_accuracy":0.8941666666666667,"_timestamp":1.741392480121475e+09,"best_train_accuracy":0.9363333333333334,"_runtime":23.9894942,"_wandb":{"runtime":24},"best_train_loss":0.1708804854037274,"_step":20,"best_epoch":17,"epoch":20,"train_accuracy":0.9409444444444445,"best_val_accuracy":0.896,"best_val_loss":0.31335935314098723,"val_loss":0.32895864566275923,"train_loss":0.15795685677451982}