{"train_accuracy":0.8544259259259259,"best_epoch":9,"confusion_matrix":{"_type":"plotly-file","sha256":"af38661a29b6e5958994b216cb405b3c7b87f9317230281c30abbaa6b59acb5c","size":28821,"path":"media/plotly/confusion_matrix_12_af38661a29b6e5958994.plotly.json"},"best_val_loss":0.2409670679095229,"best_val_accuracy":0.8498333333333333,"_step":12,"_timestamp":1.7414484596250744e+09,"val_loss":0.2409670679095229,"best_train_accuracy":0.8544259259259259,"test_accuracy":0.8435,"train_loss":0.23687467246506497,"test_loss":0.2500106572257596,"val_accuracy":0.8498333333333333,"best_train_loss":0.23687467246506497,"_wandb":{"runtime":28},"epoch":10,"_runtime":28.5419529}