{"epoch":20,"train_loss":0.1610133617159663,"_timestamp":1.741401159504868e+09,"best_val_loss":0.33708450119649314,"train_accuracy":0.9391296296296296,"val_accuracy":0.8928333333333334,"val_loss":0.33708450119649314,"_runtime":19.2286562,"_wandb":{"runtime":19},"best_train_loss":0.1610133617159663,"_step":20,"best_train_accuracy":0.9391296296296296,"best_epoch":19,"best_val_accuracy":0.8928333333333334}