{"best_train_accuracy":0.8727962962962963,"val_loss":0.38471015759105415,"_timestamp":1.7412573719687433e+09,"best_train_loss":0.3604705834987997,"train_accuracy":0.8727962962962963,"best_val_accuracy":0.8646666666666667,"val_accuracy":0.8646666666666667,"epoch":15,"_runtime":26.9825064,"best_epoch":14,"best_val_loss":0.38471015759105415,"_wandb":{"runtime":27},"train_loss":0.3604705834987997,"_step":15}