{"_step":15,"_wandb":{"runtime":34},"best_val_loss":0.37021136118880427,"best_train_loss":0.35999518185721346,"val_accuracy":0.867,"epoch":15,"val_loss":0.3727394517462201,"_timestamp":1.7412666066817727e+09,"best_epoch":11,"train_loss":0.34398560672668116,"best_train_accuracy":0.8731851851851852,"train_accuracy":0.8772222222222222,"_runtime":34.4899038,"best_val_accuracy":0.8713333333333333}