{"best_val_loss":0.561339845064992,"_step":15,"_timestamp":1.741258950282467e+09,"train_accuracy":0.8020185185185185,"best_val_accuracy":0.8056666666666666,"_runtime":64.9374898,"train_loss":0.5721240271133795,"_wandb":{"runtime":64},"best_train_accuracy":0.8020185185185185,"best_epoch":14,"val_accuracy":0.8056666666666666,"best_train_loss":0.5721240271133795,"val_loss":0.561339845064992,"epoch":15}