{"_timestamp":1.7414103800796225e+09,"best_val_accuracy":0.8946666666666667,"epoch":20,"best_train_loss":0.1779667690903499,"train_loss":0.1584184758111961,"_step":20,"best_epoch":16,"best_val_loss":0.31048242079975596,"val_loss":0.3254584110212935,"_wandb":{"runtime":23},"val_accuracy":0.8906666666666667,"best_train_accuracy":0.9337037037037037,"_runtime":23.9472484,"train_accuracy":0.9425370370370371}