{"val_loss":0.38598313442714516,"_timestamp":1.741271434334854e+09,"_wandb":{"runtime":33},"train_loss":0.3431183314111325,"best_train_accuracy":0.8721666666666666,"_step":15,"val_accuracy":0.8643333333333333,"train_accuracy":0.8785925925925926,"best_val_accuracy":0.87,"best_val_loss":0.379216507104104,"best_epoch":10,"best_train_loss":0.36805415724435336,"_runtime":33.6199778,"epoch":15}