{"val_loss":0.34442950178800397,"epoch":20,"_wandb":{"runtime":49},"train_loss":0.16001752570624664,"best_epoch":17,"best_train_loss":0.17588521022914227,"best_val_accuracy":0.8986666666666666,"train_accuracy":0.9393703703703704,"_step":20,"best_train_accuracy":0.9353888888888889,"best_val_loss":0.32575888695287586,"val_accuracy":0.894,"_timestamp":1.7413836010790732e+09,"_runtime":49.6766402}