{"_runtime":107.1398264,"_step":10,"_wandb":{"runtime":107},"best_val_loss":0.5284669343895936,"val_accuracy":0.7983333333333333,"train_loss":0.7552770336146787,"epoch":10,"best_epoch":2,"best_val_accuracy":0.8421666666666666,"best_train_accuracy":0.8416666666666667,"best_train_loss":0.5535425199882869,"_timestamp":1.7413695158886237e+09,"train_accuracy":0.804,"val_loss":0.9172261900879588}