{"_step":15,"_wandb":{"runtime":29},"best_val_accuracy":0.87,"best_train_accuracy":0.8792407407407408,"train_accuracy":0.8816666666666667,"best_val_loss":0.3593333929972652,"_timestamp":1.741280486334924e+09,"val_loss":0.36523964135918907,"_runtime":29.636224,"best_train_loss":0.3396967593351812,"epoch":15,"val_accuracy":0.8676666666666667,"best_epoch":13,"train_loss":0.33441102801739614}