{"_runtime":19.6802055,"epoch":20,"train_accuracy":0.8865555555555555,"_timestamp":1.7413973324216638e+09,"train_loss":0.3204163339324973,"_wandb":{"runtime":19},"_step":20,"best_train_accuracy":0.8848703703703704,"best_val_loss":0.3520777771899149,"val_loss":0.3494256555330799,"best_val_accuracy":0.876,"val_accuracy":0.8721666666666666,"best_train_loss":0.3251242158508478,"best_epoch":18}