{"best_train_loss":0.19263278943473253,"_timestamp":1.7413906672280915e+09,"train_loss":0.18500946769136084,"epoch":20,"best_val_accuracy":0.8915,"train_accuracy":0.9319814814814815,"_step":20,"best_val_loss":0.34575360716510106,"val_accuracy":0.887,"_runtime":62.7907204,"_wandb":{"runtime":62},"val_loss":0.37382570355717404,"best_epoch":18,"best_train_accuracy":0.9289814814814815}