{"best_train_loss":0.5180779147705278,"train_accuracy":0.8265370370370371,"epoch":10,"best_val_accuracy":0.849,"best_epoch":4,"best_val_loss":0.49736296331567836,"train_loss":0.5955024613712954,"_step":10,"_runtime":148.1093467,"_wandb":{"runtime":148},"_timestamp":1.7413704389340684e+09,"val_accuracy":0.8173333333333334,"best_train_accuracy":0.8386481481481481,"val_loss":0.6608880531904114}