{"_step":20,"_runtime":65.4113893,"_wandb":{"runtime":65},"best_train_loss":0.17054637811156337,"best_val_loss":0.33615328515776016,"train_loss":0.15263542058540194,"val_loss":0.3438385129843282,"train_accuracy":0.9426111111111111,"best_val_accuracy":0.895,"val_accuracy":0.8876666666666667,"best_epoch":16,"best_train_accuracy":0.9368888888888889,"epoch":20,"_timestamp":1.7414030348664672e+09}