{"best_epoch":18,"best_train_accuracy":0.9415555555555556,"val_accuracy":0.8906666666666667,"best_train_loss":0.15529869020654355,"train_loss":0.14896217932275904,"val_loss":0.34108543846586525,"_step":20,"train_accuracy":0.943962962962963,"_runtime":50.3882402,"best_val_loss":0.34758098101515716,"_wandb":{"runtime":50},"_timestamp":1.7413979963171902e+09,"epoch":20,"best_val_accuracy":0.8961666666666667}