{"val_loss":0.3765641549309201,"_wandb":{"runtime":26},"best_train_accuracy":0.8741666666666666,"best_epoch":14,"_timestamp":1.7412741795516562e+09,"_step":15,"best_val_accuracy":0.8651666666666666,"_runtime":26.0798542,"val_accuracy":0.8651666666666666,"best_val_loss":0.3765641549309201,"epoch":15,"train_accuracy":0.8741666666666666,"best_train_loss":0.3583286170939879,"train_loss":0.3583286170939879}