{"train_loss":0.3521502844571286,"best_epoch":14,"best_train_accuracy":0.8749444444444444,"_wandb":{"runtime":52},"best_val_loss":0.38043670269606294,"val_loss":0.38043670269606294,"val_accuracy":0.8715,"_runtime":52.3415656,"_timestamp":1.7412613044509466e+09,"best_val_accuracy":0.8715,"best_train_loss":0.3521502844571286,"_step":15,"train_accuracy":0.8749444444444444,"epoch":15}