{"epoch":15,"train_loss":0.31432129632121475,"train_accuracy":0.8909259259259259,"best_val_accuracy":0.8766666666666667,"best_epoch":6,"best_train_accuracy":0.8806851851851852,"_step":15,"best_train_loss":0.34276371416319995,"_timestamp":1.741252210525058e+09,"_wandb":{"runtime":24},"val_loss":0.3800104067070516,"best_val_loss":0.36431502710830393,"val_accuracy":0.8713333333333333,"_runtime":24.486729}