{"_step":20,"train_accuracy":0.9419259259259259,"val_loss":0.3450611071321871,"best_val_loss":0.3233602425166002,"_wandb":{"runtime":32},"_timestamp":1.7413946262766006e+09,"val_accuracy":0.8876666666666667,"best_val_accuracy":0.8955,"epoch":20,"train_loss":0.1551761896368468,"best_train_accuracy":0.9396111111111111,"_runtime":32.7980706,"best_train_loss":0.16131644078697924,"best_epoch":18}