{"best_train_accuracy":0.8357592592592593,"best_val_loss":0.574608123423407,"best_val_accuracy":0.8475,"_timestamp":1.741368062850392e+09,"_step":10,"train_accuracy":0.8191111111111111,"best_epoch":1,"_runtime":55.6867951,"epoch":10,"train_loss":0.7673320225594751,"val_loss":1.0737416123102226,"best_train_loss":0.5621226884037236,"_wandb":{"runtime":55},"val_accuracy":0.8298333333333333}