{"train_loss":0.380717159919425,"best_train_loss":0.38663026026704317,"best_train_accuracy":0.8716296296296296,"epoch":15,"val_loss":0.4258603140756932,"train_accuracy":0.8733518518518518,"_runtime":113.0674138,"val_accuracy":0.8618333333333333,"best_val_loss":0.3912240971328007,"best_epoch":12,"_timestamp":1.7412665368453717e+09,"_step":15,"best_val_accuracy":0.8675,"_wandb":{"runtime":113}}