{"best_val_accuracy":0.8951666666666667,"train_loss":0.19143757586693447,"_wandb":{"runtime":28},"_step":20,"_runtime":28.3328088,"val_loss":0.34047050566979387,"_timestamp":1.7413810790796998e+09,"val_accuracy":0.886,"best_train_accuracy":0.9248703703703703,"best_val_loss":0.3100563104423116,"best_train_loss":0.19773705183714474,"train_accuracy":0.9273148148148148,"best_epoch":18,"epoch":20}