{"_wandb":{"runtime":266},"train_loss":0.13854573230990055,"best_train_loss":0.1502632536241826,"best_epoch":25,"best_train_accuracy":0.9427407407407408,"val_loss":0.3901076460511002,"val_accuracy":0.8911666666666667,"best_val_accuracy":0.8946666666666667,"train_accuracy":0.9467592592592593,"_runtime":266.5446928,"epoch":30,"_step":30,"best_val_loss":0.35649951669107616,"_timestamp":1.741418121271451e+09}