{"_step":15,"best_val_accuracy":0.8686666666666667,"_runtime":29.6148872,"val_loss":0.37196059646324975,"best_train_loss":0.3497018164916359,"best_train_accuracy":0.8752407407407408,"_timestamp":1.7412809266733873e+09,"train_accuracy":0.8768888888888889,"train_loss":0.3447775660114596,"epoch":15,"best_epoch":13,"_wandb":{"runtime":29},"best_val_loss":0.37299682295638087,"val_accuracy":0.8661666666666666}