{"_step":20,"train_accuracy":0.9384074074074074,"best_val_accuracy":0.8921666666666667,"val_accuracy":0.8921666666666667,"_timestamp":1.7413947501706717e+09,"train_loss":0.16538650214783673,"best_epoch":19,"best_train_loss":0.16538650214783673,"epoch":20,"val_loss":0.32189817678430627,"_wandb":{"runtime":38},"best_val_loss":0.32189817678430627,"_runtime":38.2984547,"best_train_accuracy":0.9384074074074074}