{"best_val_loss":0.36044140106214384,"best_train_accuracy":0.9427592592592593,"_runtime":290.1566104,"_wandb":{"runtime":290},"best_train_loss":0.1501688190595091,"train_loss":0.12978840279016926,"best_epoch":24,"val_loss":0.3862254056633241,"epoch":30,"_step":30,"train_accuracy":0.9501666666666667,"_timestamp":1.741416859459188e+09,"best_val_accuracy":0.8943333333333333,"val_accuracy":0.8908333333333334}