{"val_loss":0.349179907530354,"best_val_loss":0.32354338944816496,"_timestamp":1.7413741728405492e+09,"best_train_loss":0.19154999565148279,"train_loss":0.1786063779116614,"_runtime":31.1967071,"epoch":20,"best_epoch":17,"train_accuracy":0.9347962962962963,"best_val_accuracy":0.8916666666666667,"_wandb":{"runtime":31},"val_accuracy":0.8855,"_step":20,"best_train_accuracy":0.9295740740740741}