{"_step":20,"train_accuracy":0.8787407407407407,"best_val_accuracy":0.8683333333333333,"_timestamp":1.7413722791863298e+09,"epoch":20,"best_epoch":19,"best_train_accuracy":0.8787407407407407,"val_accuracy":0.8683333333333333,"_wandb":{"runtime":17},"best_train_loss":0.3473045968385458,"_runtime":17.7017198,"train_loss":0.3473045968385458,"val_loss":0.3638548676957155,"best_val_loss":0.3638548676957155}