{"_wandb":{"runtime":29},"train_accuracy":0.9407962962962962,"best_epoch":14,"_step":20,"val_loss":0.32801002361996634,"best_train_loss":0.18554616480695518,"epoch":20,"train_loss":0.15626043235767445,"val_accuracy":0.8935,"best_val_accuracy":0.8951666666666667,"_timestamp":1.741384706841734e+09,"best_val_loss":0.3136911053447059,"best_train_accuracy":0.9304814814814815,"_runtime":29.4865234}