{"best_train_accuracy":0.9262037037037038,"train_accuracy":0.9422592592592592,"val_loss":0.33232984745036537,"train_loss":0.15518383905296895,"_step":20,"best_val_loss":0.31070544988572224,"best_val_accuracy":0.8926666666666667,"best_train_loss":0.1952631860926475,"_wandb":{"runtime":28},"val_accuracy":0.8903333333333333,"_runtime":28.5052881,"best_epoch":13,"epoch":20,"_timestamp":1.741409129038636e+09}