{"best_train_loss":0.18945321765469147,"val_accuracy":0.8945,"_wandb":{"runtime":19},"_timestamp":1.7414068748635077e+09,"best_epoch":18,"train_accuracy":0.9326111111111111,"best_train_accuracy":0.9274629629629629,"best_val_loss":0.30903268778689125,"_step":20,"best_val_accuracy":0.896,"epoch":20,"_runtime":19.1262665,"val_loss":0.32323849312952413,"train_loss":0.17996744979396043}