{"best_train_loss":0.20154311613929646,"best_val_loss":0.3096056363726102,"train_loss":0.17716667063439295,"epoch":20,"best_epoch":16,"_timestamp":1.7413808387668643e+09,"best_val_accuracy":0.8946666666666667,"_wandb":{"runtime":22},"_runtime":22.8284785,"val_accuracy":0.8921666666666667,"_step":20,"best_train_accuracy":0.9250185185185186,"train_accuracy":0.9337592592592593,"val_loss":0.32129021255370066}