{"best_val_loss":0.33585890852146943,"best_train_accuracy":0.9362777777777778,"best_val_accuracy":0.8953333333333333,"_runtime":54.2754082,"_wandb":{"runtime":54},"train_accuracy":0.9440185185185185,"best_epoch":16,"train_loss":0.14836519538861243,"best_train_loss":0.16643618529013712,"epoch":20,"_step":20,"val_accuracy":0.8925,"_timestamp":1.7414017022057822e+09,"val_loss":0.3490180306292853}