{"val_accuracy":0.8911666666666667,"_step":20,"_runtime":28.6500299,"best_epoch":15,"_timestamp":1.7413916135479329e+09,"best_train_loss":0.1811391235777926,"best_train_accuracy":0.9318888888888889,"_wandb":{"runtime":28},"train_accuracy":0.9417777777777778,"best_val_loss":0.31419214040608134,"best_val_accuracy":0.8948333333333334,"val_loss":0.32377051914169197,"epoch":20,"train_loss":0.15530088353691038}