{"_step":20,"val_loss":0.3543360362965949,"val_accuracy":0.8883333333333333,"_wandb":{"runtime":63},"best_train_accuracy":0.9236481481481481,"_runtime":63.941456,"best_val_accuracy":0.8916666666666667,"best_train_loss":0.20075285159178832,"best_val_loss":0.3270312681379109,"_timestamp":1.7413843141355982e+09,"train_accuracy":0.9366481481481481,"best_epoch":13,"epoch":20,"train_loss":0.1637968018194945}