{"best_val_loss":0.5194353852195434,"best_train_accuracy":0.8169444444444445,"_runtime":20.7797778,"_wandb":{"runtime":20},"epoch":15,"best_train_loss":0.5217988290079542,"_timestamp":1.7412672430404165e+09,"train_loss":0.5217988290079542,"val_accuracy":0.8171666666666667,"_step":15,"best_val_accuracy":0.8171666666666667,"train_accuracy":0.8169444444444445,"best_epoch":14,"val_loss":0.5194353852195434}