{"test_accuracy":0.9801,"epoch":30,"train_accuracy":0.9988703703703704,"best_val_loss":0.09163328914605642,"_timestamp":1.7414624183176346e+09,"_runtime":172.405,"_step":32,"best_epoch":20,"best_train_accuracy":0.999,"best_val_accuracy":0.9838333333333333,"val_loss":0.09674258557072812,"train_loss":0.003747320225312849,"test_loss":0.10475515345840988,"_wandb":{"runtime":172},"confusion_matrix":{"_type":"plotly-file","sha256":"399ea02de2de48d983da51b0826265a7e0590c69dd0da3c90977eba4275f4deb","size":28369,"path":"media/plotly/confusion_matrix_32_399ea02de2de48d983da.plotly.json"},"best_train_loss":0.0031005405467517603,"val_accuracy":0.9828333333333333}