{"train_loss":0.18068389787452607,"val_loss":0.3722614618495308,"epoch":20,"best_train_loss":0.19007620423781968,"_wandb":{"runtime":46},"_step":20,"_timestamp":1.741396429237651e+09,"best_val_accuracy":0.8963333333333333,"val_accuracy":0.8853333333333333,"best_train_accuracy":0.9270555555555555,"best_val_loss":0.31695761740556844,"train_accuracy":0.9299444444444445,"best_epoch":17,"_runtime":46.6691862}