{"val_accuracy":0.8501666666666666,"train_accuracy":0.8567777777777777,"best_val_loss":0.42485053308195686,"_timestamp":1.7413657463360214e+09,"val_loss":0.42485053308195686,"epoch":5,"best_val_accuracy":0.8501666666666666,"best_train_loss":0.4093167180709713,"_step":5,"_runtime":15.5076883,"_wandb":{"runtime":15},"train_loss":0.4093167180709713,"best_epoch":4,"best_train_accuracy":0.8567777777777777}