{"train_accuracy":0.8472592592592593,"_timestamp":1.7412593896472843e+09,"train_loss":0.43647664892528026,"best_train_loss":0.43647664892528026,"_runtime":40.9115981,"_wandb":{"runtime":40},"best_val_loss":0.4402275620445735,"epoch":15,"best_epoch":14,"val_loss":0.4402275620445735,"best_val_accuracy":0.8441666666666666,"_step":15,"best_train_accuracy":0.8472592592592593,"val_accuracy":0.8441666666666666}