{"best_train_loss":0.19898829652148373,"_timestamp":1.7414579832236514e+09,"confusion_matrix":{"size":28817,"path":"media/plotly/confusion_matrix_12_643dd52556cb30598e88.plotly.json","_type":"plotly-file","sha256":"643dd52556cb30598e8877a02428063e29782cfd481c411fa9ff4043cea9fb71"},"best_train_accuracy":0.8722222222222222,"train_loss":0.1938025910396246,"best_val_accuracy":0.8693333333333333,"test_loss":0.21838423077428323,"test_accuracy":0.8595,"epoch":10,"best_epoch":6,"val_loss":0.21033689080994758,"val_accuracy":0.866,"_step":12,"_wandb":{"runtime":108},"train_accuracy":0.8755925925925926,"_runtime":108.2919664,"best_val_loss":0.20594310321542464}