{"train_accuracy":0.8707037037037038,"val_loss":0.4449700979428234,"val_accuracy":0.852,"best_val_loss":0.3771840759527282,"epoch":15,"best_train_accuracy":0.8668703703703704,"_step":15,"best_train_loss":0.3797116349277556,"_runtime":78.6283537,"best_epoch":7,"_timestamp":1.7412615121055727e+09,"best_val_accuracy":0.8696666666666667,"_wandb":{"runtime":78},"train_loss":0.37150974684000876}