{"val_accuracy":0.8676666666666667,"best_val_loss":0.3803660890184447,"best_train_accuracy":0.879,"_step":10,"val_loss":0.4071303780401898,"_runtime":11.4514338,"_timestamp":1.74136647763896e+09,"epoch":10,"_wandb":{"runtime":11},"train_accuracy":0.8816666666666667,"train_loss":0.3333377358893394,"best_val_accuracy":0.8706666666666667,"best_epoch":7,"best_train_loss":0.33692178824157415}