{"epoch":20,"_step":20,"best_val_accuracy":0.892,"best_epoch":18,"val_accuracy":0.8881666666666667,"_timestamp":1.741384743061358e+09,"_wandb":{"runtime":28},"best_train_loss":0.16210317714471095,"best_train_accuracy":0.9383703703703704,"val_loss":0.32832649602083397,"train_loss":0.15615150130006314,"_runtime":28.3641732,"train_accuracy":0.9427037037037037,"best_val_loss":0.3283814286163511}