{"val_loss":0.6666618060466315,"best_val_accuracy":0.8593333333333333,"_wandb":{"runtime":42},"val_accuracy":0.8201666666666667,"_runtime":42.3097423,"best_train_loss":0.5028879028515855,"_step":15,"best_epoch":5,"epoch":15,"train_loss":0.5914485730691785,"best_val_loss":0.5967555687783309,"best_train_accuracy":0.8525,"_timestamp":1.7412705753654392e+09,"train_accuracy":0.8428148148148148}