{"best_val_accuracy":0.8855,"train_loss":0.16222946416394188,"val_accuracy":0.8851666666666667,"best_train_accuracy":0.8997407407407407,"test_loss":0.19171305979463704,"train_accuracy":0.9025,"best_train_loss":0.16748082143497667,"_wandb":{"runtime":21},"best_epoch":8,"_runtime":21.7308836,"epoch":10,"best_val_loss":0.18442823914653267,"_step":12,"_timestamp":1.741457464170193e+09,"val_loss":0.1821621916559643,"test_accuracy":0.8802,"confusion_matrix":{"path":"media/plotly/confusion_matrix_12_3062def0a5b6e1884271.plotly.json","_type":"plotly-file","sha256":"3062def0a5b6e1884271630e6b8f27845883a7e285cd6cfbc239916a449d8fda","size":28797}}