{"_wandb":{"runtime":34},"best_epoch":19,"val_accuracy":0.8935,"_step":20,"best_val_accuracy":0.8935,"best_val_loss":0.33687015539454457,"val_loss":0.33687015539454457,"train_loss":0.16742031421478615,"_runtime":34.1413985,"train_accuracy":0.9361851851851852,"best_train_accuracy":0.9361851851851852,"best_train_loss":0.16742031421478615,"epoch":20,"_timestamp":1.7414057209796846e+09}