{"train_loss":0.3337100485253728,"val_loss":0.3685286961355073,"_wandb":{"runtime":58},"epoch":10,"best_epoch":7,"_runtime":58.5944342,"best_val_accuracy":0.8776666666666667,"val_accuracy":0.8695,"_step":10,"best_val_loss":0.360781303389655,"best_train_loss":0.3378946050208473,"train_accuracy":0.8854074074074074,"_timestamp":1.741366784938085e+09,"best_train_accuracy":0.8812962962962962}