{"_timestamp":1.7413895834427817e+09,"best_val_accuracy":0.8928333333333334,"train_loss":0.16588803944424418,"_runtime":19.5299854,"_wandb":{"runtime":19},"best_val_loss":0.3187818641146166,"val_loss":0.34516899775878185,"train_accuracy":0.9386666666666666,"_step":20,"best_train_accuracy":0.9192222222222223,"epoch":20,"val_accuracy":0.8876666666666667,"best_epoch":11,"best_train_loss":0.21995549817851695}