{"test_accuracy":0.8549,"test_loss":0.21654642597944834,"best_train_accuracy":0.8759074074074074,"best_val_loss":0.19513742071553122,"epoch":5,"train_accuracy":0.8818703703703704,"val_accuracy":0.8636666666666667,"train_loss":0.18245969697699577,"best_val_accuracy":0.8736666666666667,"_step":7,"_wandb":{"runtime":17},"best_epoch":3,"best_train_loss":0.1919585464171617,"_timestamp":1.741451086637685e+09,"_runtime":17.0511531,"val_loss":0.20328751020067307,"confusion_matrix":{"path":"media/plotly/confusion_matrix_7_d3e54d965c0b59e5251f.plotly.json","_type":"plotly-file","sha256":"d3e54d965c0b59e5251f1ab14b7a6a5aeed1bf1ea863158ef8baa1ead50a24e1","size":28793}}