{"_runtime":22.7142509,"val_loss":0.3301163247491184,"_wandb":{"runtime":22},"_step":20,"train_loss":0.1820319810870895,"train_accuracy":0.930962962962963,"best_val_loss":0.3081820268391725,"val_accuracy":0.8918333333333334,"best_val_accuracy":0.8943333333333333,"best_train_accuracy":0.921962962962963,"epoch":20,"best_train_loss":0.20743545330162,"_timestamp":1.741398177689406e+09,"best_epoch":14}