{"val_loss":0.9596483930659205,"best_epoch":12,"train_loss":0.5906380894515914,"_timestamp":1.741259700734918e+09,"epoch":15,"_runtime":25.3017692,"best_train_loss":0.5783638765010727,"best_train_accuracy":0.8382222222222222,"val_accuracy":0.7815,"best_val_accuracy":0.8556666666666667,"train_accuracy":0.8391666666666666,"_wandb":{"runtime":25},"_step":15,"best_val_loss":0.5404454505014358}