{"train_loss":0.3302510496358157,"val_loss":0.3753261554102688,"best_train_accuracy":0.8822222222222222,"_wandb":{"runtime":17},"epoch":10,"best_val_loss":0.37163746522368934,"train_accuracy":0.8840925925925925,"best_val_accuracy":0.8738333333333334,"_runtime":17.971076,"_step":10,"best_epoch":8,"_timestamp":1.741365597048809e+09,"best_train_loss":0.33346394446982125,"val_accuracy":0.866}