{"val_accuracy":0.8705,"_step":10,"_wandb":{"runtime":11},"train_loss":0.3150291138339339,"best_epoch":8,"_timestamp":1.7413645604972024e+09,"_runtime":11.3342684,"best_train_accuracy":0.882425925925926,"epoch":10,"best_val_loss":0.3582523357623772,"best_train_loss":0.32285730474287255,"train_accuracy":0.8848888888888888,"best_val_accuracy":0.8741666666666666,"val_loss":0.380291055364479}