{"_timestamp":1.7413959780774858e+09,"best_train_loss":0.21719751120898448,"_wandb":{"runtime":24},"best_epoch":11,"best_val_accuracy":0.8928333333333334,"best_val_loss":0.30673979251670064,"_step":20,"val_loss":0.33358597966638875,"_runtime":24.0871746,"train_accuracy":0.9416481481481481,"best_train_accuracy":0.9199444444444445,"train_loss":0.1615630174052383,"val_accuracy":0.8926666666666667,"epoch":20}