{"best_val_loss":0.3300328291304579,"train_loss":0.2799899286172182,"_runtime":38.40651,"train_accuracy":0.8987777777777778,"best_epoch":16,"_wandb":{"runtime":38},"val_loss":0.343985282473389,"best_train_loss":0.2926815571289686,"epoch":20,"_timestamp":1.741373426271011e+09,"best_val_accuracy":0.8848333333333334,"_step":20,"val_accuracy":0.8775,"best_train_accuracy":0.8944074074074074}