{"best_val_loss":0.3341132640195188,"best_train_loss":0.17890372394755583,"_step":30,"best_epoch":20,"_runtime":872.1960267,"train_loss":0.1556161709069179,"epoch":30,"val_loss":0.377865620377457,"_timestamp":1.741420812671681e+09,"val_accuracy":0.8853333333333333,"_wandb":{"runtime":872},"train_accuracy":0.9411111111111111,"best_val_accuracy":0.8951666666666667,"best_train_accuracy":0.931037037037037}