{"train_loss":0.16127214481051497,"best_val_accuracy":0.8961666666666667,"best_train_loss":0.16604829086801312,"_timestamp":1.741401639878134e+09,"train_accuracy":0.9402777777777778,"_runtime":23.8628284,"val_loss":0.3434505630512591,"best_train_accuracy":0.9385925925925926,"_step":20,"val_accuracy":0.8911666666666667,"best_epoch":18,"best_val_loss":0.31892195709951426,"epoch":20,"_wandb":{"runtime":23}}