{"val_loss":0.33339873547934423,"best_train_accuracy":0.9278518518518518,"epoch":20,"best_val_accuracy":0.8946666666666667,"_wandb":{"runtime":24},"best_epoch":14,"train_accuracy":0.9416296296296296,"best_val_loss":0.31108147697746114,"best_train_loss":0.1901412281378889,"_step":20,"val_accuracy":0.8931666666666667,"train_loss":0.1581132135929165,"_timestamp":1.741387513222254e+09,"_runtime":24.195255}