{"_step":15,"_wandb":{"runtime":26},"val_loss":0.4298366996282678,"_timestamp":1.7412570981649761e+09,"best_val_loss":0.4298366996282678,"_runtime":26.3430061,"epoch":15,"best_epoch":14,"val_accuracy":0.8471666666666666,"train_loss":0.4122422896986494,"best_val_accuracy":0.8471666666666666,"best_train_accuracy":0.855574074074074,"train_accuracy":0.855574074074074,"best_train_loss":0.4122422896986494}