{"best_epoch":17,"_step":20,"_wandb":{"runtime":46},"val_loss":0.3663047547099231,"best_val_loss":0.33022229315906654,"train_accuracy":0.9299814814814815,"_runtime":46.0086295,"best_train_accuracy":0.9250555555555555,"best_val_accuracy":0.8898333333333334,"best_train_loss":0.1994611922369309,"val_accuracy":0.886,"train_loss":0.18807377350185883,"_timestamp":1.7413748521120677e+09,"epoch":20}