{"val_accuracy":0.8943333333333333,"best_train_accuracy":0.943,"_wandb":{"runtime":27},"best_val_accuracy":0.8943333333333333,"_runtime":27.8977226,"train_loss":0.15479757560284796,"best_epoch":19,"val_loss":0.33385611677796995,"train_accuracy":0.943,"epoch":20,"best_val_loss":0.33385611677796995,"best_train_loss":0.15479757560284796,"_timestamp":1.7414039723288555e+09,"_step":20}