{"best_train_accuracy":0.9064444444444445,"epoch":10,"best_val_accuracy":0.8858333333333334,"test_accuracy":0.8826,"test_loss":0.1770669298209167,"train_accuracy":0.9087962962962963,"best_val_loss":0.17182174602135883,"_step":12,"train_loss":0.14156811753669782,"val_accuracy":0.8838333333333334,"best_train_loss":0.14434319750238908,"confusion_matrix":{"_type":"plotly-file","sha256":"f0e45e576e91a61493acc83ce0cfd964291618a662b8d852425ce734f3f8194d","size":28784,"path":"media/plotly/confusion_matrix_12_f0e45e576e91a61493ac.plotly.json"},"val_loss":0.17428852590367275,"best_epoch":8,"_wandb":{"runtime":35},"_runtime":35.3325757,"_timestamp":1.7414494131747167e+09}