{"train_loss":0.1881810034248121,"val_loss":0.31000276954971445,"best_train_loss":0.20663044921057266,"_runtime":22.7450291,"best_epoch":16,"train_accuracy":0.9287592592592593,"_timestamp":1.741408956782511e+09,"val_accuracy":0.892,"best_train_accuracy":0.9223518518518519,"epoch":20,"best_val_accuracy":0.8946666666666667,"_step":20,"_wandb":{"runtime":22},"best_val_loss":0.30260293726419524}