{"_timestamp":1.741273568279222e+09,"best_train_loss":0.4075329187792217,"val_loss":0.41402445569363744,"_runtime":73.5811491,"best_val_accuracy":0.8573333333333333,"train_accuracy":0.857462962962963,"_wandb":{"runtime":73},"best_epoch":14,"best_train_accuracy":0.857462962962963,"epoch":15,"_step":15,"val_accuracy":0.8573333333333333,"best_val_loss":0.41402445569363744,"train_loss":0.4075329187792217}