{"train_accuracy":0.877537037037037,"epoch":15,"train_loss":0.34176564356647254,"val_accuracy":0.868,"best_val_accuracy":0.8701666666666666,"val_loss":0.36641100501168006,"_wandb":{"runtime":29},"_runtime":29.1156442,"best_train_loss":0.34651077815571707,"_timestamp":1.741274304533364e+09,"_step":15,"best_epoch":13,"best_train_accuracy":0.8766851851851852,"best_val_loss":0.3664716599710265}