{"best_val_accuracy":0.8926666666666667,"_timestamp":1.7413937985960822e+09,"_step":20,"best_train_accuracy":0.931037037037037,"train_accuracy":0.9345,"val_loss":0.3164708211775128,"best_train_loss":0.1816852538231606,"epoch":20,"best_val_loss":0.3082569528246858,"train_loss":0.17449247305533042,"_runtime":27.1827253,"val_accuracy":0.891,"_wandb":{"runtime":27},"best_epoch":18}