{"_runtime":6.3134544,"_step":5,"best_train_loss":0.4282761212427752,"val_accuracy":0.8591666666666666,"best_val_accuracy":0.8591666666666666,"train_accuracy":0.8551666666666666,"val_loss":0.44438266765504053,"best_val_loss":0.43176852585186143,"_wandb":{"runtime":6},"best_epoch":2,"best_train_accuracy":0.8547407407407407,"train_loss":0.45773252734988107,"_timestamp":1.7413645434392264e+09,"epoch":5}