{"best_train_loss":0.17190226211779167,"train_accuracy":0.9430925925925926,"_step":20,"best_val_accuracy":0.8926666666666667,"best_epoch":15,"val_accuracy":0.8901666666666667,"epoch":20,"train_loss":0.14916488363242902,"_runtime":49.1949715,"_timestamp":1.7414037116597624e+09,"val_loss":0.3353232744406818,"best_val_loss":0.3318399634380446,"_wandb":{"runtime":49},"best_train_accuracy":0.9355925925925926}