{"epoch":5,"best_train_accuracy":0.8282037037037037,"val_loss":0.48332419666622417,"best_val_accuracy":0.8291666666666667,"best_epoch":4,"train_accuracy":0.8282037037037037,"best_val_loss":0.48332419666622417,"train_loss":0.4913348483446892,"_step":5,"val_accuracy":0.8291666666666667,"best_train_loss":0.4913348483446892,"_timestamp":1.7413645959485762e+09,"_runtime":7.5162802,"_wandb":{"runtime":7}}