{"best_train_loss":0.17667803348394273,"val_accuracy":0.8876666666666667,"best_val_loss":0.33402071578614173,"epoch":20,"train_loss":0.16644177317785125,"train_accuracy":0.9384629629629629,"best_epoch":17,"val_loss":0.3594871058719322,"_timestamp":1.7413782081408565e+09,"_wandb":{"runtime":19},"_runtime":19.2761528,"best_train_accuracy":0.9343148148148148,"best_val_accuracy":0.892,"_step":20}