{"_runtime":194.7145153,"val_accuracy":0.8931666666666667,"train_accuracy":0.9756481481481482,"best_epoch":28,"_timestamp":1.7414630341137674e+09,"_wandb":{"runtime":194},"train_loss":0.06858563079082927,"_step":30,"best_val_loss":0.37438955445037464,"best_train_loss":0.07499607806760933,"best_val_accuracy":0.901,"epoch":30,"val_loss":0.3916110785429464,"best_train_accuracy":0.9731111111111111}