{"val_loss":0.35838744170511816,"best_train_accuracy":0.9269259259259259,"_runtime":31.5903924,"_wandb":{"runtime":31},"best_val_loss":0.3162098504507716,"best_train_loss":0.1941098028142373,"epoch":20,"train_loss":0.176437313473164,"train_accuracy":0.9341481481481482,"best_epoch":17,"val_accuracy":0.8838333333333334,"_timestamp":1.7413830331159017e+09,"best_val_accuracy":0.8915,"_step":20}