{"best_epoch":9,"best_train_accuracy":0.8262962962962963,"_wandb":{"runtime":16},"val_accuracy":0.8248333333333333,"best_val_accuracy":0.8248333333333333,"best_val_loss":0.49161114134376127,"train_accuracy":0.8262962962962963,"_step":10,"_runtime":16.1014714,"best_train_loss":0.4948692634054376,"epoch":10,"train_loss":0.4948692634054376,"val_loss":0.49161114134376127,"_timestamp":1.741364744165202e+09}