{"best_val_loss":0.40946150537566955,"_timestamp":1.7413680287123718e+09,"best_epoch":9,"train_loss":0.4039206167986706,"_wandb":{"runtime":12},"epoch":10,"_runtime":12.4735917,"best_val_accuracy":0.8526666666666667,"best_train_accuracy":0.8592407407407407,"best_train_loss":0.4039206167986706,"_step":10,"train_accuracy":0.8592407407407407,"val_loss":0.40946150537566955,"val_accuracy":0.8526666666666667}