{"best_train_loss":1.1833856203931625,"best_val_accuracy":0.6858333333333333,"val_loss":1.1412759089406006,"best_train_accuracy":0.6543703703703704,"_step":10,"epoch":10,"train_loss":1.1833856203931625,"_wandb":{"runtime":9},"_runtime":9.3871674,"_timestamp":1.7413699699134595e+09,"train_accuracy":0.6543703703703704,"best_val_loss":1.1412759089406006,"best_epoch":9,"val_accuracy":0.6858333333333333}