{"_timestamp":1.7414083963271701e+09,"_step":20,"best_epoch":18,"_runtime":46.450095,"val_accuracy":0.8898333333333334,"epoch":20,"val_loss":0.33030672418800766,"best_val_loss":0.32907778731086684,"best_train_accuracy":0.9344259259259259,"best_train_loss":0.17337889051779537,"train_accuracy":0.9368333333333333,"_wandb":{"runtime":46},"train_loss":0.1655053068680814,"best_val_accuracy":0.8918333333333334}