{"train_loss":0.16021823140883398,"epoch":20,"_wandb":{"runtime":23},"val_loss":0.3272412599115872,"best_train_accuracy":0.9280925925925926,"best_val_accuracy":0.8921666666666667,"_step":20,"best_val_loss":0.3202968159986893,"_runtime":23.5806543,"train_accuracy":0.9407222222222222,"best_train_loss":0.1918525351153152,"_timestamp":1.7413750266918173e+09,"best_epoch":14,"val_accuracy":0.8903333333333333}