{"train_accuracy":0.9428703703703704,"best_epoch":18,"train_loss":0.1538239171429857,"best_val_accuracy":0.8956666666666667,"_step":20,"_runtime":28.8117473,"val_accuracy":0.8955,"_timestamp":1.7413950527737865e+09,"_wandb":{"runtime":28},"epoch":20,"val_loss":0.3398719097537494,"best_val_loss":0.3207224432213589,"best_train_accuracy":0.9397037037037037,"best_train_loss":0.16206715190349458}