{"_timestamp":1.7413809252207117e+09,"best_val_loss":0.32076552657759716,"val_loss":0.3213779890573304,"_runtime":23.8305673,"train_accuracy":0.9418333333333333,"best_epoch":17,"best_val_accuracy":0.8965,"val_accuracy":0.8938333333333334,"_step":20,"best_train_accuracy":0.9359444444444445,"epoch":20,"_wandb":{"runtime":23},"train_loss":0.15772709509790123,"best_train_loss":0.17163419378621184}