{"epoch":20,"_timestamp":1.7413793742989872e+09,"train_accuracy":0.9152962962962963,"val_loss":0.3115327008851385,"_step":20,"val_accuracy":0.8896666666666667,"best_train_accuracy":0.9153518518518519,"best_epoch":18,"_wandb":{"runtime":21},"best_train_loss":0.2313238839575891,"_runtime":21.2363022,"best_val_loss":0.3132363232849665,"train_loss":0.2268490491266858,"best_val_accuracy":0.8906666666666667}