{"_timestamp":1.741271839741886e+09,"best_val_loss":0.40838686207577657,"train_loss":0.38842356747269075,"_runtime":19.405806,"best_val_accuracy":0.8553333333333333,"val_accuracy":0.851,"best_train_accuracy":0.8638333333333333,"_wandb":{"runtime":19},"best_epoch":13,"val_loss":0.40463394390732516,"best_train_loss":0.393428628386336,"_step":15,"train_accuracy":0.863574074074074,"epoch":15}