{"best_train_loss":0.18045701704269476,"test_loss":0.20330623553567084,"best_epoch":9,"best_val_loss":0.18721781358739248,"train_accuracy":0.8806296296296297,"_wandb":{"runtime":122},"_step":12,"epoch":10,"test_accuracy":0.8615,"_runtime":122.1478136,"_timestamp":1.7414487036690867e+09,"best_val_accuracy":0.877,"confusion_matrix":{"_type":"plotly-file","sha256":"bd971f5f8e4773b5a47f2a284b406f72d29ba0b6313f9da65d4fa5797bb5ef29","size":28802,"path":"media/plotly/confusion_matrix_12_bd971f5f8e4773b5a47f.plotly.json"},"train_loss":0.18045701704269476,"best_train_accuracy":0.8806296296296297,"val_accuracy":0.877,"val_loss":0.18721781358739248}