{"best_epoch":13,"_step":15,"best_val_loss":0.36428006138458485,"val_loss":0.374421500327507,"train_accuracy":0.8775925925925926,"val_accuracy":0.8641666666666666,"best_train_accuracy":0.8756296296296296,"_runtime":56.6888209,"train_loss":0.3432379176771759,"_wandb":{"runtime":56},"_timestamp":1.741280390465107e+09,"epoch":15,"best_train_loss":0.3476036041685626,"best_val_accuracy":0.8665}