{"best_train_accuracy":0.9277037037037037,"train_accuracy":0.941037037037037,"_step":20,"_wandb":{"runtime":37},"best_epoch":13,"best_train_loss":0.1932091696579317,"_timestamp":1.7413954996348171e+09,"val_accuracy":0.8896666666666667,"best_val_loss":0.3199393325532313,"best_val_accuracy":0.894,"train_loss":0.15489022450736453,"epoch":20,"val_loss":0.37346353758400147,"_runtime":37.4214913}