{"train_loss":0.36538552528543305,"_timestamp":1.7413646199023051e+09,"best_val_accuracy":0.8641666666666666,"best_val_loss":0.37942285304054174,"val_loss":0.37942285304054174,"_step":10,"_runtime":16.2781195,"best_train_accuracy":0.8705555555555555,"epoch":10,"best_train_loss":0.36538552528543305,"best_epoch":9,"_wandb":{"runtime":16},"val_accuracy":0.8641666666666666,"train_accuracy":0.8705555555555555}