{"val_accuracy":0.8183333333333334,"best_val_accuracy":0.8183333333333334,"best_epoch":14,"best_train_accuracy":0.8218888888888889,"_wandb":{"runtime":302},"_timestamp":1.741249581957808e+09,"best_val_loss":0.5126828530338561,"train_loss":0.5075604899012114,"_step":15,"best_train_loss":0.5075604899012114,"val_loss":0.5126828530338561,"train_accuracy":0.8218888888888889,"_runtime":301.955995,"epoch":15}