{"best_epoch":14,"best_train_accuracy":0.8659814814814815,"val_accuracy":0.8578333333333333,"_runtime":22.7402958,"train_loss":0.39471766078237536,"_timestamp":1.7412542203323348e+09,"_step":15,"best_train_loss":0.39471766078237536,"epoch":15,"_wandb":{"runtime":22},"train_accuracy":0.8659814814814815,"best_val_loss":0.409521106367537,"best_val_accuracy":0.8578333333333333,"val_loss":0.409521106367537}