{"_wandb":{"runtime":73},"best_train_loss":0.2502786991317512,"train_loss":0.1684143835011552,"_step":20,"epoch":20,"_timestamp":1.7413976203279164e+09,"best_epoch":8,"best_train_accuracy":0.9054444444444445,"_runtime":73.2746793,"train_accuracy":0.9360740740740741,"val_accuracy":0.8871666666666667,"best_val_loss":0.3093207807576103,"best_val_accuracy":0.8921666666666667,"val_loss":0.35745058291625675}