{"best_train_loss":0.20212156769009845,"best_train_accuracy":0.9232407407407407,"train_loss":0.15489350641957944,"_runtime":28.2560519,"_timestamp":1.741387078201885e+09,"best_val_loss":0.3058593225115477,"epoch":20,"_wandb":{"runtime":28},"val_loss":0.3401728520993132,"best_epoch":12,"_step":20,"best_val_accuracy":0.8948333333333334,"train_accuracy":0.9416111111111111,"val_accuracy":0.8928333333333334}