{"train_loss":0.42332716863644254,"_runtime":21.6423514,"best_train_accuracy":0.8682777777777778,"best_epoch":5,"_wandb":{"runtime":21},"best_val_accuracy":0.8655,"_timestamp":1.7412599306364355e+09,"epoch":15,"best_train_loss":0.3807216875362142,"train_accuracy":0.8626851851851852,"val_loss":0.4593577974426715,"best_val_loss":0.4079908791950216,"val_accuracy":0.8551666666666666,"_step":15}