{"_step":20,"_runtime":43.0275052,"best_val_loss":0.31981793924761237,"best_val_accuracy":0.8908333333333334,"epoch":20,"_timestamp":1.7414045696125364e+09,"val_accuracy":0.8908333333333334,"_wandb":{"runtime":43},"val_loss":0.31981793924761237,"best_train_accuracy":0.9337407407407408,"best_epoch":19,"best_train_loss":0.1769771858014678,"train_loss":0.1769771858014678,"train_accuracy":0.9337407407407408}