{"_step":20,"epoch":20,"best_val_loss":0.31871929254491604,"val_accuracy":0.8846666666666667,"val_loss":0.31871929254491604,"best_epoch":19,"train_loss":0.26043444241423874,"best_train_accuracy":0.9037777777777778,"train_accuracy":0.9037777777777778,"_wandb":{"runtime":171},"_timestamp":1.74137441878055e+09,"best_train_loss":0.26043444241423874,"_runtime":171.3510829,"best_val_accuracy":0.8846666666666667}