{"train_accuracy":0.9391666666666667,"_step":32,"val_accuracy":0.8921666666666667,"best_train_accuracy":0.9332037037037038,"_wandb":{"runtime":208},"best_train_loss":0.11691798585686637,"test_loss":0.18514805580301122,"confusion_matrix":{"_type":"plotly-file","sha256":"1da30eb253310dd42aa310c585b56448f9aae2fd49655a14cdf25ee746e6f548","size":28790,"path":"media/plotly/confusion_matrix_32_1da30eb253310dd42aa3.plotly.json"},"epoch":30,"_runtime":208.0216892,"best_val_accuracy":0.8948333333333334,"_timestamp":1.741445150967653e+09,"test_accuracy":0.8858,"best_val_loss":0.18028754608144623,"val_loss":0.17930609780276893,"best_epoch":25,"train_loss":0.10837010138650013}