{"train_loss":0.5112246577822923,"best_val_accuracy":0.8253333333333334,"_step":5,"best_val_loss":0.5025337919215503,"best_train_accuracy":0.8274814814814815,"_runtime":5.1391914,"val_loss":0.5025337919215503,"best_epoch":4,"_wandb":{"runtime":5},"_timestamp":1.7413662159602582e+09,"train_accuracy":0.8274814814814815,"best_train_loss":0.5112246577822923,"val_accuracy":0.8253333333333334,"epoch":5}