{"train_loss":0.18700226604848258,"_runtime":26.1249763,"val_accuracy":0.887,"_wandb":{"runtime":26},"_step":20,"best_epoch":17,"val_loss":0.3498094549437988,"best_val_loss":0.3291370856752374,"train_accuracy":0.9311666666666667,"best_val_accuracy":0.8923333333333333,"epoch":20,"best_train_loss":0.1987188801391941,"_timestamp":1.7413752322732654e+09,"best_train_accuracy":0.9254814814814815}