{"train_loss":0.25806406335731247,"test_accuracy":0.8402,"best_val_accuracy":0.8485,"train_accuracy":0.8523148148148149,"_step":12,"best_val_loss":0.25518751162250447,"epoch":10,"best_train_accuracy":0.8523148148148149,"val_loss":0.25518751162250447,"confusion_matrix":{"_type":"plotly-file","sha256":"47cb60fd2da048d9131b0b047eed5de475d413b31d5bff60d52faed3645fc412","size":28827,"path":"media/plotly/confusion_matrix_12_47cb60fd2da048d9131b.plotly.json"},"best_epoch":9,"_runtime":35.0246246,"test_loss":0.27001193723577055,"_wandb":{"runtime":35},"best_train_loss":0.25806406335731247,"val_accuracy":0.8485,"_timestamp":1.7414518871669078e+09}