{"_step":20,"val_loss":0.3500171926540195,"_timestamp":1.7414031985246398e+09,"val_accuracy":0.8916666666666667,"best_train_accuracy":0.9249444444444445,"train_accuracy":0.9368888888888889,"best_train_loss":0.194308102682817,"best_epoch":14,"_runtime":58.9730467,"epoch":20,"best_val_loss":0.3272506740771719,"train_loss":0.16571457205477927,"_wandb":{"runtime":59},"best_val_accuracy":0.8938333333333334}