{"best_epoch":7,"_step":12,"best_train_accuracy":0.8844814814814815,"test_loss":0.22734572322323396,"best_train_loss":0.17995185507617745,"_wandb":{"runtime":111},"val_loss":0.21764546759581924,"test_accuracy":0.8621,"val_accuracy":0.867,"_runtime":111.5660315,"best_val_loss":0.2003138493824744,"epoch":10,"train_loss":0.17348427861216628,"_timestamp":1.7414501762943358e+09,"confusion_matrix":{"sha256":"39c0d60c2456f68106b7aa1a0d6a60db5cac40f5329aeb064b826337a62a42d4","size":28801,"path":"media/plotly/confusion_matrix_12_39c0d60c2456f68106b7.plotly.json","_type":"plotly-file"},"best_val_accuracy":0.8761666666666666,"train_accuracy":0.8889074074074074}