{"_timestamp":1.7413764226310117e+09,"val_accuracy":0.8931666666666667,"train_accuracy":0.9413703703703704,"train_loss":0.15946444095267095,"best_val_accuracy":0.8955,"_runtime":23.7565677,"best_epoch":18,"epoch":20,"best_train_accuracy":0.9384444444444444,"val_loss":0.3199868801211987,"best_val_loss":0.3020899263720618,"_step":20,"best_train_loss":0.1646058874325663,"_wandb":{"runtime":23}}