{"val_loss":0.7922104670249284,"_timestamp":1.7413649576381884e+09,"train_accuracy":0.8608888888888889,"_step":10,"best_epoch":5,"best_train_loss":0.44272680007367116,"val_accuracy":0.8,"_runtime":33.8155253,"_wandb":{"runtime":33},"best_val_accuracy":0.867,"best_train_accuracy":0.8599444444444444,"train_loss":0.46312622433457434,"epoch":10,"best_val_loss":0.4285393764683089}