{"best_val_accuracy":0.896,"best_train_loss":0.19602643559676367,"val_accuracy":0.8918333333333334,"_timestamp":1.741398276079332e+09,"_step":20,"epoch":20,"best_val_loss":0.31487964276943764,"val_loss":0.3413045102842358,"best_train_accuracy":0.9247222222222222,"train_loss":0.17388250206816225,"train_accuracy":0.9332962962962963,"best_epoch":15,"_runtime":84.4101411,"_wandb":{"runtime":84}}