{"best_val_loss":0.3720071370912638,"_runtime":111.7247666,"_step":10,"epoch":10,"val_loss":0.3612207685801077,"_wandb":{"runtime":111},"best_epoch":7,"best_train_accuracy":0.8762037037037037,"best_val_accuracy":0.8741666666666666,"_timestamp":1.741361919455852e+09,"val_accuracy":0.8721666666666666,"best_train_loss":0.3523678879774725,"train_loss":0.34084751671322233,"train_accuracy":0.8811851851851852}