{"train_loss":0.3174654042868317,"train_accuracy":0.8848333333333334,"val_accuracy":0.8696666666666667,"_timestamp":1.7413675274428594e+09,"best_val_loss":0.35781422699842536,"_wandb":{"runtime":561},"_step":10,"epoch":10,"best_train_accuracy":0.8815185185185185,"_runtime":561.786761,"best_val_accuracy":0.8741666666666666,"best_train_loss":0.33039745775378027,"val_loss":0.35791687458729354,"best_epoch":7}