{"best_val_loss":0.3259592600762398,"_timestamp":1.7414102071085448e+09,"epoch":20,"best_train_accuracy":0.9144814814814815,"train_accuracy":0.929962962962963,"_step":20,"val_loss":0.37225984971955667,"_runtime":74.3231808,"_wandb":{"runtime":74},"best_epoch":12,"best_train_loss":0.2316875769574442,"best_val_accuracy":0.8896666666666667,"val_accuracy":0.88,"train_loss":0.18905356154889122}