{"_wandb":{"runtime":20},"_runtime":20.8563994,"val_accuracy":0.8245,"epoch":15,"best_epoch":13,"best_val_loss":0.4922280617885461,"_step":15,"train_accuracy":0.8294444444444444,"train_loss":0.48702771258373145,"_timestamp":1.7412525122475233e+09,"best_train_accuracy":0.8278333333333333,"best_val_accuracy":0.8296666666666667,"best_train_loss":0.49502049316210633,"val_loss":0.4948469656638775}