{"val_loss":0.33106949117738443,"epoch":20,"best_val_loss":0.3367937689707394,"val_accuracy":0.8761666666666666,"_step":20,"train_accuracy":0.8941851851851852,"best_epoch":16,"best_val_accuracy":0.8781666666666667,"best_train_loss":0.3069737757619066,"_wandb":{"runtime":28},"_runtime":28.0833581,"_timestamp":1.741378889804269e+09,"train_loss":0.2938038726296489,"best_train_accuracy":0.8901111111111111}