{"best_train_accuracy":0.8872777777777778,"epoch":10,"train_accuracy":0.891425925925926,"_step":10,"best_epoch":7,"val_accuracy":0.8718333333333333,"val_loss":0.36242789304626527,"best_val_accuracy":0.876,"_runtime":16.7524724,"_wandb":{"runtime":16},"best_train_loss":0.3144775270180493,"train_loss":0.3016357266947646,"best_val_loss":0.3468758312988004,"_timestamp":1.7413644573513083e+09}