{"best_val_loss":0.33932939687513175,"_runtime":19.4454787,"val_loss":0.3525533736826916,"_timestamp":1.7413903888401809e+09,"train_accuracy":0.9391296296296296,"best_train_accuracy":0.9373518518518519,"train_loss":0.1656755340377135,"epoch":20,"best_val_accuracy":0.8931666666666667,"best_epoch":18,"val_accuracy":0.893,"_step":20,"_wandb":{"runtime":19},"best_train_loss":0.17103389455271725}