{"_wandb":{"runtime":55},"_step":15,"val_loss":0.36856867724282,"best_epoch":13,"best_val_loss":0.3661907067533189,"_timestamp":1.7412704134700422e+09,"best_train_accuracy":0.8795555555555555,"best_val_accuracy":0.8693333333333333,"train_loss":0.33885172720991585,"best_train_loss":0.3417746456788345,"epoch":15,"train_accuracy":0.881462962962963,"val_accuracy":0.8673333333333333,"_runtime":55.30474}