{"_timestamp":1.7412542978088508e+09,"train_loss":0.45968881137864404,"val_accuracy":0.8216666666666667,"val_loss":0.5716857106112767,"_step":15,"_wandb":{"runtime":26},"best_train_accuracy":0.8640740740740741,"_runtime":26.4480538,"best_epoch":6,"epoch":15,"best_train_loss":0.40776667654935667,"best_val_loss":0.4227976763058306,"best_val_accuracy":0.8645,"train_accuracy":0.8613518518518518}