{"best_train_accuracy":0.7890185185185186,"_runtime":18.4143803,"train_loss":0.5966568966010206,"val_loss":0.6348819743713231,"best_val_loss":0.6348819743713231,"val_accuracy":0.7763333333333333,"best_epoch":9,"best_val_accuracy":0.7763333333333333,"train_accuracy":0.7890185185185186,"best_train_loss":0.5966568966010206,"_step":10,"epoch":10,"_timestamp":1.7413639021389048e+09,"_wandb":{"runtime":18}}