{"_timestamp":1.7412763779410467e+09,"_runtime":24.1991277,"train_accuracy":0.8247037037037037,"_wandb":{"runtime":24},"best_train_loss":0.5096205493973276,"best_val_loss":0.5001691339572079,"_step":15,"best_val_accuracy":0.8238333333333333,"val_accuracy":0.823,"best_train_accuracy":0.8222037037037037,"epoch":15,"best_epoch":13,"train_loss":0.4986617730014422,"val_loss":0.5050989758605633}