{"_step":22,"best_train_accuracy":0.9415370370370371,"best_epoch":19,"best_val_loss":0.32116175528143914,"val_loss":0.32116175528143914,"_runtime":58.1971753,"_timestamp":1.741464393725948e+09,"epoch":20,"test_loss":0.3464364907378385,"val_accuracy":0.8961666666666667,"_wandb":{"runtime":58},"confusion_matrix":{"sha256":"1879e78e64f9b3e56a760b3e9b0e743124a64ba99534638169bcb5f388cc0670","size":28769,"path":"media/plotly/confusion_matrix_22_1879e78e64f9b3e56a76.plotly.json","_type":"plotly-file"},"train_accuracy":0.9415370370370371,"best_val_accuracy":0.8961666666666667,"train_loss":0.15627729236635576,"best_train_loss":0.15627729236635576,"test_accuracy":0.8909}