{"best_train_accuracy":0.9050555555555555,"_step":15,"val_loss":0.3399448189739687,"best_epoch":13,"train_loss":0.25410911623388105,"_timestamp":1.7412530770146673e+09,"val_accuracy":0.8808333333333334,"_runtime":30.4806562,"epoch":15,"_wandb":{"runtime":30},"train_accuracy":0.9070370370370371,"best_train_loss":0.25942359098040907,"best_val_loss":0.34015643284908215,"best_val_accuracy":0.8828333333333334}