{"_wandb":{"runtime":23},"_step":20,"best_train_accuracy":0.9345740740740741,"best_train_loss":0.1772400873377832,"val_accuracy":0.8898333333333334,"best_val_accuracy":0.8945,"train_loss":0.15939414209427757,"val_loss":0.33314104318994686,"best_val_loss":0.3204380479687267,"_runtime":23.7192934,"_timestamp":1.7413826456650145e+09,"epoch":20,"train_accuracy":0.9402962962962963,"best_epoch":16}