{"val_accuracy":0.8928333333333334,"best_val_accuracy":0.893,"_step":20,"_wandb":{"runtime":19},"best_epoch":15,"val_loss":0.33794466984368987,"best_val_loss":0.32748825088809075,"train_accuracy":0.9375,"train_loss":0.1656041270109381,"best_train_loss":0.19030513767115376,"_runtime":19.4592095,"_timestamp":1.7413869788953836e+09,"epoch":20,"best_train_accuracy":0.9280925925925926}