{"best_val_loss":0.18165610312593258,"_step":12,"best_val_accuracy":0.8803333333333333,"confusion_matrix":{"sha256":"5a5f38f361e9623e9b5f1550b5e6f972df789a5efb3b9b9914aee38713cb9dd8","size":28798,"path":"media/plotly/confusion_matrix_12_5a5f38f361e9623e9b5f.plotly.json","_type":"plotly-file"},"best_train_loss":0.1603147647245728,"_timestamp":1.741451844446697e+09,"test_accuracy":0.8755,"epoch":10,"best_train_accuracy":0.8948333333333334,"best_epoch":9,"val_loss":0.18165610312593258,"_wandb":{"runtime":50},"train_loss":0.1603147647245728,"test_loss":0.1909871760164645,"train_accuracy":0.8948333333333334,"val_accuracy":0.8803333333333333,"_runtime":50.4574166}