{"epoch":15,"best_val_loss":0.40467221231446737,"_wandb":{"runtime":22},"_timestamp":1.7412665676157906e+09,"val_loss":0.40467221231446737,"best_train_loss":0.3957020357303598,"best_epoch":14,"_step":15,"train_loss":0.3957020357303598,"best_val_accuracy":0.8543333333333333,"val_accuracy":0.8543333333333333,"_runtime":22.2360186,"best_train_accuracy":0.862574074074074,"train_accuracy":0.862574074074074}