{"val_loss":0.32856959323142193,"_wandb":{"runtime":64},"_step":20,"train_loss":0.26202322527061295,"best_val_accuracy":0.8805,"val_accuracy":0.8798333333333334,"best_epoch":18,"best_val_loss":0.32923117248540734,"best_train_accuracy":0.902,"_runtime":64.253855,"epoch":20,"train_accuracy":0.9038888888888889,"_timestamp":1.7414006218376255e+09,"best_train_loss":0.26706768611588544}