{"best_train_loss":0.3817288267038107,"epoch":15,"_step":15,"_wandb":{"runtime":24},"train_accuracy":0.8702037037037037,"_runtime":24.0041446,"train_loss":0.3780520224944366,"val_loss":0.3931492799144965,"best_val_accuracy":0.8606666666666667,"best_epoch":13,"_timestamp":1.7412584580194306e+09,"best_val_loss":0.3926100311077959,"best_train_accuracy":0.8681481481481481,"val_accuracy":0.8606666666666667}