{"epoch":20,"_runtime":36.5062969,"train_accuracy":0.9406481481481481,"train_loss":0.1566496993092934,"best_epoch":18,"val_loss":0.35440124764995173,"best_val_loss":0.33692797689461185,"best_train_accuracy":0.9388888888888889,"best_val_accuracy":0.8975,"_wandb":{"runtime":36},"val_accuracy":0.8901666666666667,"_step":20,"best_train_loss":0.1619251898166491,"_timestamp":1.7413800298107889e+09}