{"train_loss":0.3866174097743712,"_step":15,"_timestamp":1.7412764126502483e+09,"epoch":15,"train_accuracy":0.8671111111111112,"_wandb":{"runtime":26},"best_train_loss":0.3952980618677105,"best_train_accuracy":0.8641111111111112,"val_accuracy":0.8573333333333333,"val_loss":0.41831895964284965,"best_epoch":12,"_runtime":26.7763851,"best_val_accuracy":0.859,"best_val_loss":0.42693169127282415}