{"best_train_loss":0.18433686597722743,"best_train_accuracy":0.931,"best_val_loss":0.31312737967952076,"val_accuracy":0.8943333333333333,"_timestamp":1.741389981425862e+09,"epoch":20,"_runtime":23.0292252,"val_loss":0.3076167824020883,"train_accuracy":0.933037037037037,"_wandb":{"runtime":23},"train_loss":0.17765172472640928,"best_epoch":18,"best_val_accuracy":0.8955,"_step":20}