{"train_accuracy":0.9342592592592592,"_timestamp":1.7413930713942957e+09,"best_epoch":14,"_step":20,"train_loss":0.17200208180374468,"_runtime":55.6107907,"epoch":20,"val_loss":0.3544008416478483,"best_val_loss":0.31206662947988034,"val_accuracy":0.8823333333333333,"best_val_accuracy":0.8938333333333334,"best_train_accuracy":0.9232777777777778,"_wandb":{"runtime":55},"best_train_loss":0.20555748192087986}