{"best_train_loss":0.1695434724466888,"best_train_accuracy":0.9359074074074074,"train_accuracy":0.9418148148148148,"train_loss":0.15725867813047784,"val_accuracy":0.8905,"best_val_loss":0.33257197962624846,"_runtime":28.2416537,"_timestamp":1.7413783829587467e+09,"best_epoch":17,"val_loss":0.33121711259490805,"_wandb":{"runtime":28},"epoch":20,"_step":20,"best_val_accuracy":0.8938333333333334}