{"val_accuracy":0.8923333333333333,"epoch":20,"best_train_accuracy":0.9361851851851852,"_step":20,"_runtime":32.2282434,"val_loss":0.34259292462407515,"best_train_loss":0.1700644838508978,"train_loss":0.15646279189334206,"best_epoch":17,"best_val_loss":0.3213307484170524,"train_accuracy":0.9417592592592593,"_timestamp":1.741407583413211e+09,"best_val_accuracy":0.8948333333333334,"_wandb":{"runtime":32}}