{"_wandb":{"runtime":19},"_timestamp":1.7413648328967886e+09,"best_train_accuracy":0.8842592592592593,"val_accuracy":0.8713333333333333,"_runtime":19.7511176,"best_val_loss":0.35791179948036456,"epoch":10,"best_epoch":8,"train_loss":0.3207570977510229,"val_loss":0.3661507704462462,"best_val_accuracy":0.8723333333333333,"best_train_loss":0.32698779166252845,"_step":10,"train_accuracy":0.8863518518518518}