{"best_val_loss":0.3537672255871095,"train_accuracy":0.9389444444444445,"_runtime":38.2375278,"best_val_accuracy":0.8945,"val_accuracy":0.8936666666666667,"train_loss":0.1606268939775973,"_step":20,"best_epoch":18,"_timestamp":1.74140994038049e+09,"val_loss":0.36432835298612926,"epoch":20,"best_train_accuracy":0.9387407407407408,"best_train_loss":0.16242618339527518,"_wandb":{"runtime":38}}