{"_timestamp":1.7413639421857247e+09,"train_loss":0.26962229974297985,"epoch":10,"train_accuracy":0.9013148148148148,"_step":10,"val_loss":0.3266498746259613,"best_epoch":8,"best_train_loss":0.2779433242292041,"best_val_accuracy":0.8836666666666667,"best_train_accuracy":0.8976666666666666,"best_val_loss":0.31804842725232263,"val_accuracy":0.8825,"_wandb":{"runtime":11},"_runtime":11.0256126}