{"_wandb":{"runtime":45},"best_val_accuracy":0.8935,"best_epoch":18,"best_train_loss":0.1727871827939715,"train_accuracy":0.9373333333333334,"best_train_accuracy":0.9342962962962963,"best_val_loss":0.3138130199418376,"_timestamp":1.741378501619253e+09,"_runtime":45.4770219,"train_loss":0.1655468004300212,"val_accuracy":0.8813333333333333,"_step":20,"val_loss":0.353151805192415,"epoch":20}