{"epoch":20,"train_accuracy":0.9340555555555555,"best_epoch":19,"train_loss":0.17545545670475107,"best_train_loss":0.17545545670475107,"_step":20,"_runtime":55.7744907,"val_loss":0.35312393910962103,"best_val_accuracy":0.893,"val_accuracy":0.893,"_timestamp":1.7414023920433297e+09,"best_val_loss":0.35312393910962103,"best_train_accuracy":0.9340555555555555,"_wandb":{"runtime":55}}