{"best_epoch":8,"val_loss":0.34017090241646664,"best_train_loss":0.30314389259933994,"_step":10,"_timestamp":1.7413658202330563e+09,"val_accuracy":0.8738333333333334,"_runtime":8.2183042,"best_train_accuracy":0.8907037037037037,"train_loss":0.29645605698744043,"epoch":10,"best_val_accuracy":0.8748333333333334,"train_accuracy":0.8926481481481482,"best_val_loss":0.3498023984718595,"_wandb":{"runtime":8}}