{"test_accuracy":0.8869,"train_accuracy":0.9263888888888889,"epoch":20,"best_train_loss":0.12668402921314872,"val_accuracy":0.8838333333333334,"best_val_accuracy":0.8895,"_step":22,"best_train_accuracy":0.9206666666666666,"val_loss":0.17376456243819652,"best_epoch":16,"_timestamp":1.741454058982861e+09,"test_loss":0.17484802064490929,"_wandb":{"runtime":176},"best_val_loss":0.16476107477391472,"confusion_matrix":{"size":28788,"path":"media/plotly/confusion_matrix_22_a50c7ec454e4e7185d03.plotly.json","_type":"plotly-file","sha256":"a50c7ec454e4e7185d03887374bc83b7756b4c68f85feaa86fc4260eea95bb6d"},"train_loss":0.11758662408048234,"_runtime":176.9075607}