{"_timestamp":1.7412517909029365e+09,"_wandb":{"runtime":21},"val_loss":0.8151860407270144,"_runtime":21.0207906,"best_train_loss":0.840068468214135,"train_accuracy":0.6992962962962963,"best_epoch":14,"train_loss":0.840068468214135,"best_val_accuracy":0.7125,"best_val_loss":0.8151860407270144,"epoch":15,"best_train_accuracy":0.6992962962962963,"val_accuracy":0.7125,"_step":15}