{"val_accuracy":0.8868333333333334,"train_loss":0.11935164108885156,"_wandb":{"runtime":378},"val_loss":0.4106245186202617,"_step":30,"epoch":30,"_timestamp":1.7414241678114188e+09,"best_epoch":22,"best_val_loss":0.3557819105089298,"_runtime":378.8176549,"best_val_accuracy":0.8926666666666667,"train_accuracy":0.9551111111111111,"best_train_loss":0.15011410485904425,"best_train_accuracy":0.9428703703703704}