{"val_loss":0.3229928289250639,"best_val_accuracy":0.8933333333333333,"best_train_loss":0.2126003947716217,"best_val_loss":0.3083546857174251,"best_epoch":18,"best_train_accuracy":0.9203518518518519,"epoch":20,"_timestamp":1.7413794489381282e+09,"_wandb":{"runtime":21},"_step":20,"train_loss":0.2068029902076238,"val_accuracy":0.886,"_runtime":21.1486853,"train_accuracy":0.9234629629629629}