{"val_loss":0.35251179302081354,"epoch":20,"best_train_accuracy":0.9274444444444444,"_wandb":{"runtime":47},"val_accuracy":0.8908333333333334,"_runtime":47.6279844,"best_val_accuracy":0.8926666666666667,"best_train_loss":0.19640920045693755,"_timestamp":1.7414098377768736e+09,"train_loss":0.14845870636911238,"train_accuracy":0.9444444444444444,"best_epoch":12,"best_val_loss":0.3076749438482562,"_step":20}