{"_step":20,"val_accuracy":0.889,"_timestamp":1.7414040992887151e+09,"train_loss":0.15039515764370742,"best_val_accuracy":0.8971666666666667,"best_train_loss":0.15516353301843666,"best_val_loss":0.3326849460609027,"_runtime":48.6470269,"train_accuracy":0.9432037037037037,"best_epoch":18,"val_loss":0.35288777361257023,"epoch":20,"_wandb":{"runtime":48},"best_train_accuracy":0.9423703703703704}