{"val_accuracy":0.8488333333333333,"best_epoch":6,"best_val_accuracy":0.8723333333333333,"best_val_loss":0.43045418632444876,"train_accuracy":0.8644259259259259,"_step":15,"best_train_loss":0.4156554378117827,"epoch":15,"_runtime":31.1516765,"train_loss":0.4404853250633893,"_wandb":{"runtime":31},"_timestamp":1.7412783915567036e+09,"val_loss":0.5317891293502542,"best_train_accuracy":0.8629444444444444}