{"_runtime":25.3706645,"best_val_loss":0.37943107333103526,"_step":12,"best_train_accuracy":0.7708148148148148,"_wandb":{"runtime":25},"train_accuracy":0.7708148148148148,"epoch":10,"best_val_accuracy":0.7718333333333334,"_timestamp":1.7414487437903414e+09,"train_loss":0.385808484901718,"val_loss":0.37943107333103526,"test_accuracy":0.7679,"best_train_loss":0.385808484901718,"test_loss":0.38795391396680307,"confusion_matrix":{"size":28873,"path":"media/plotly/confusion_matrix_12_018785da4952de270c06.plotly.json","_type":"plotly-file","sha256":"018785da4952de270c0657c8651a104e60ff19e5779c9ccac9807d2dbee5293a"},"best_epoch":9,"val_accuracy":0.7718333333333334}