{"val_loss":0.3415649494476854,"_timestamp":1.7413858103220413e+09,"best_val_accuracy":0.8953333333333333,"best_val_loss":0.3268425408728936,"val_accuracy":0.8931666666666667,"best_epoch":16,"train_accuracy":0.9409259259259259,"_wandb":{"runtime":32},"_runtime":32.6331944,"best_train_accuracy":0.9346111111111111,"_step":20,"best_train_loss":0.17311773278982248,"train_loss":0.15633170538998714,"epoch":20}