{"best_train_accuracy":0.8906851851851851,"val_loss":0.34041180429263285,"_runtime":23.5263187,"_wandb":{"runtime":23},"best_val_loss":0.34087425911161684,"train_loss":0.28684541230922295,"_step":10,"best_train_loss":0.30183856148691857,"epoch":10,"best_epoch":7,"_timestamp":1.7413626832942686e+09,"val_accuracy":0.8768333333333334,"best_val_accuracy":0.8785,"train_accuracy":0.8955925925925926}