{"_wandb":{"runtime":15},"train_loss":0.2930758885395058,"val_accuracy":0.871,"best_train_loss":0.2981523380410089,"best_val_loss":0.34177213660091704,"_runtime":15.0706795,"best_epoch":8,"best_train_accuracy":0.8926851851851851,"train_accuracy":0.8957407407407407,"_step":10,"_timestamp":1.7413643574920824e+09,"best_val_accuracy":0.8796666666666667,"val_loss":0.38215663307949255,"epoch":10}