{"_step":20,"best_val_loss":0.33948680945238113,"epoch":20,"_wandb":{"runtime":28},"best_train_loss":0.1548779884384852,"best_val_accuracy":0.8951666666666667,"best_epoch":19,"_runtime":28.505834,"train_accuracy":0.9418333333333333,"train_loss":0.1548779884384852,"val_loss":0.33948680945238113,"val_accuracy":0.8951666666666667,"best_train_accuracy":0.9418333333333333,"_timestamp":1.7414019223962374e+09}