{"best_train_loss":0.8987793222421278,"train_loss":0.8984923707578442,"_step":12,"epoch":10,"confusion_matrix":{"path":"media/plotly/confusion_matrix_12_acc7bef2644b2db23bc7.plotly.json","_type":"plotly-file","sha256":"acc7bef2644b2db23bc7d40000e7730bc2a474972cc8bfe584811b89ba7cf64e","size":28677},"_runtime":53.1679044,"test_accuracy":0.1088,"best_epoch":3,"val_loss":0.8985364627362781,"best_val_loss":0.89877064341164,"train_accuracy":0.13787037037037037,"_timestamp":1.7414483006340685e+09,"best_train_accuracy":0.13770370370370372,"best_val_accuracy":0.17683333333333334,"_wandb":{"runtime":53},"val_accuracy":0.10683333333333334,"test_loss":0.8984197142452969}