{"train_accuracy":0.8908518518518519,"best_train_loss":0.31239308156539675,"epoch":20,"_step":20,"best_val_loss":0.33653173322025814,"best_val_accuracy":0.8781666666666667,"best_train_accuracy":0.887537037037037,"_timestamp":1.7414110026647227e+09,"_wandb":{"runtime":27},"val_loss":0.33669111425707754,"train_loss":0.3044787198450794,"best_epoch":17,"val_accuracy":0.8758333333333334,"_runtime":27.2865866}