{"_timestamp":1.7413757920566447e+09,"_wandb":{"runtime":21},"best_train_accuracy":0.922074074074074,"epoch":20,"best_epoch":18,"val_accuracy":0.8881666666666667,"_runtime":21.7965535,"train_loss":0.20780884077455306,"best_train_loss":0.21112498754207817,"best_val_loss":0.3198557249841987,"val_loss":0.3209399893103486,"train_accuracy":0.9228888888888889,"best_val_accuracy":0.8883333333333333,"_step":20}