{"val_loss":0.3477037291431283,"_runtime":19.1463891,"best_val_accuracy":0.8953333333333333,"epoch":20,"_step":20,"train_loss":0.16426775159587992,"best_epoch":15,"best_val_loss":0.32818655617108183,"train_accuracy":0.9373703703703704,"_timestamp":1.741380807184543e+09,"best_train_accuracy":0.9288148148148148,"best_train_loss":0.1880001234307762,"val_accuracy":0.8946666666666667,"_wandb":{"runtime":19}}