{"best_epoch":12,"_runtime":19.7949878,"_wandb":{"runtime":19},"epoch":20,"best_train_accuracy":0.9151481481481482,"val_accuracy":0.8886666666666667,"best_train_loss":0.2316356714075796,"train_accuracy":0.9301111111111111,"_step":20,"best_val_accuracy":0.8888333333333334,"train_loss":0.19059236496803397,"best_val_loss":0.31543512570968235,"_timestamp":1.7413958341249037e+09,"val_loss":0.3299214234561798}