{"epoch":15,"_timestamp":1.7412752541681485e+09,"_wandb":{"runtime":52},"val_accuracy":0.7771666666666667,"best_val_loss":0.6094072857895806,"val_loss":0.6094072857895806,"_runtime":52.0793676,"train_accuracy":0.7757037037037037,"_step":15,"best_train_loss":0.6273776597335944,"train_loss":0.6273776597335944,"best_train_accuracy":0.7757037037037037,"best_val_accuracy":0.7771666666666667,"best_epoch":14}