{"_timestamp":1.7413959033063548e+09,"best_val_loss":0.3178153536208556,"_wandb":{"runtime":28},"val_accuracy":0.8893333333333333,"train_accuracy":0.9417222222222222,"best_val_accuracy":0.895,"best_train_accuracy":0.9366666666666666,"_runtime":28.5711926,"best_train_loss":0.1677019934948202,"_step":20,"best_epoch":17,"val_loss":0.3561355039714346,"train_loss":0.1568484179960084,"epoch":20}