{"val_loss":0.32813291983412696,"train_accuracy":0.8961296296296296,"_runtime":28.2045183,"best_val_accuracy":0.8795,"val_accuracy":0.8795,"_step":20,"_wandb":{"runtime":28},"best_train_accuracy":0.8961296296296296,"_timestamp":1.7413745632925541e+09,"best_epoch":19,"epoch":20,"best_train_loss":0.2906377480904369,"train_loss":0.2906377480904369,"best_val_loss":0.32813291983412696}