{"_step":20,"val_loss":0.3363569400692285,"epoch":20,"best_val_accuracy":0.8941666666666667,"best_train_accuracy":0.9297777777777778,"best_val_loss":0.3130435454230675,"best_epoch":14,"_timestamp":1.7413983245651767e+09,"_wandb":{"runtime":42},"best_train_loss":0.1844247908820066,"train_accuracy":0.9444074074074074,"_runtime":42.0259548,"val_accuracy":0.8923333333333333,"train_loss":0.1481467395952014}