{"_runtime":27.7723535,"train_loss":0.19920560679827973,"train_accuracy":0.9238888888888889,"best_val_loss":0.3164035407745451,"_timestamp":1.7413801741668324e+09,"best_train_loss":0.19920560679827973,"_wandb":{"runtime":27},"val_accuracy":0.8946666666666667,"best_train_accuracy":0.9238888888888889,"epoch":20,"best_val_accuracy":0.8946666666666667,"val_loss":0.3164035407745451,"best_epoch":19,"_step":20}