{"best_val_loss":0.31769432465790487,"epoch":20,"best_train_loss":0.18949549888763403,"val_accuracy":0.8905,"_wandb":{"runtime":19},"best_epoch":15,"_runtime":19.2310557,"train_loss":0.16463549040912837,"train_accuracy":0.9397962962962964,"best_val_accuracy":0.8936666666666667,"val_loss":0.3416047546243175,"_timestamp":1.7413849046473787e+09,"best_train_accuracy":0.9294259259259259,"_step":20}