{"best_train_loss":0.3055126691879966,"train_accuracy":0.8938703703703703,"best_epoch":13,"best_val_loss":0.34326641976977323,"_runtime":42.9922294,"epoch":15,"best_train_accuracy":0.8912222222222222,"_wandb":{"runtime":43},"_timestamp":1.7412606848730986e+09,"_step":15,"val_accuracy":0.8758333333333334,"train_loss":0.3006151190892391,"val_loss":0.33970217006621883,"best_val_accuracy":0.8775}