{"_runtime":53.990867,"best_val_accuracy":0.8833333333333333,"_timestamp":1.741395361402853e+09,"train_loss":0.2912283857684339,"best_train_loss":0.2912283857684339,"_wandb":{"runtime":54},"_step":20,"best_epoch":19,"val_loss":0.32707332398625116,"best_val_loss":0.32707332398625116,"epoch":20,"train_accuracy":0.8952407407407408,"val_accuracy":0.8833333333333333,"best_train_accuracy":0.8952407407407408}