{"train_accuracy":0.9548888888888889,"val_accuracy":0.8886666666666667,"_step":30,"_timestamp":1.7414173944027395e+09,"best_epoch":27,"best_train_loss":0.12670021226369566,"_runtime":528.340504,"val_loss":0.4017254959483024,"best_val_loss":0.39692113762486025,"epoch":30,"train_loss":0.1181525077836677,"best_train_accuracy":0.951925925925926,"_wandb":{"runtime":528},"best_val_accuracy":0.8931666666666667}