{"best_val_loss":0.3084182260457008,"train_loss":0.1868272862309201,"_step":20,"epoch":20,"val_accuracy":0.8911666666666667,"_timestamp":1.741387120692665e+09,"_wandb":{"runtime":28},"val_loss":0.32437355581374755,"best_train_accuracy":0.9174814814814815,"_runtime":28.4039252,"best_epoch":14,"train_accuracy":0.9301296296296296,"best_train_loss":0.22021629792722627,"best_val_accuracy":0.8928333333333334}