{"val_accuracy":0.8876666666666667,"train_accuracy":0.9176481481481481,"best_val_loss":0.30906751788423065,"best_epoch":17,"best_train_accuracy":0.9142962962962963,"_runtime":20.5528548,"epoch":20,"_wandb":{"runtime":20},"best_train_loss":0.23096791515686357,"val_loss":0.3238670215668179,"_timestamp":1.7413764951146467e+09,"_step":20,"best_val_accuracy":0.8903333333333333,"train_loss":0.2225400127633014}