{"_timestamp":1.7413834728875508e+09,"_runtime":28.1968318,"best_val_loss":0.32889671258601144,"best_val_accuracy":0.8933333333333333,"best_train_accuracy":0.9353518518518519,"train_loss":0.15698325454821946,"val_accuracy":0.8906666666666667,"train_accuracy":0.9413518518518519,"best_train_loss":0.17621537684483304,"val_loss":0.3363996986441949,"_step":20,"best_epoch":16,"epoch":20,"_wandb":{"runtime":28}}