{"epoch":20,"best_train_loss":0.20914323660114162,"best_train_accuracy":0.9216111111111112,"val_accuracy":0.8841666666666667,"train_accuracy":0.9393518518518519,"best_val_accuracy":0.8903333333333333,"_timestamp":1.7413981238036964e+09,"best_val_loss":0.32998810355002073,"val_loss":0.3596494884936385,"_wandb":{"runtime":22},"best_epoch":12,"_step":20,"_runtime":22.4743545,"train_loss":0.16397771656093507}