{"_step":10,"train_accuracy":0.8755555555555555,"best_val_accuracy":0.87,"_wandb":{"runtime":17},"best_val_loss":0.3761168796939866,"val_loss":0.3761168796939866,"_runtime":17.1548525,"epoch":10,"best_train_accuracy":0.8755555555555555,"val_accuracy":0.87,"_timestamp":1.7413699946650875e+09,"train_loss":0.3533407593400654,"best_epoch":9,"best_train_loss":0.3533407593400654}