{"best_train_accuracy":0.9201666666666667,"_runtime":18.4437381,"_timestamp":1.74140176771016e+09,"_wandb":{"runtime":18},"train_loss":0.1853752337960395,"best_train_loss":0.21251527262858247,"epoch":20,"best_epoch":14,"best_val_loss":0.3060093142685218,"train_accuracy":0.9301111111111111,"_step":20,"best_val_accuracy":0.8923333333333333,"val_loss":0.33495818911047237,"val_accuracy":0.8921666666666667}