{"train_loss":0.16498783918296653,"best_val_loss":0.3285262551671202,"train_accuracy":0.9367962962962963,"val_loss":0.3316290601981163,"_step":20,"best_epoch":18,"val_accuracy":0.8898333333333334,"best_val_accuracy":0.8933333333333333,"best_train_loss":0.17585464283642854,"_wandb":{"runtime":46},"epoch":20,"best_train_accuracy":0.9330740740740741,"_timestamp":1.7413806272902877e+09,"_runtime":46.3975975}