{"_timestamp":1.7413600934002068e+09,"best_train_accuracy":0.46285185185185185,"best_epoch":9,"best_train_loss":1.777484182982874,"val_loss":1.7502695725248092,"val_accuracy":0.477,"_step":10,"_wandb":{"runtime":14},"train_loss":1.777484182982874,"epoch":10,"best_val_loss":1.7502695725248092,"best_val_accuracy":0.477,"_runtime":14.8904358,"train_accuracy":0.46285185185185185}