{"train_loss":0.16723861110759006,"best_epoch":7,"best_val_accuracy":0.8775,"_step":12,"val_accuracy":0.8738333333333334,"_runtime":34.0697349,"_timestamp":1.7414547840929258e+09,"_wandb":{"runtime":34},"train_accuracy":0.8899259259259259,"best_train_accuracy":0.8852592592592593,"epoch":10,"test_loss":0.1980700148181673,"best_val_loss":0.19017244118258447,"test_accuracy":0.8659,"best_train_loss":0.17297500806069302,"val_loss":0.1879344209177413,"confusion_matrix":{"sha256":"3c24456548c0185f5f7017037b6786bbe5181d91b27b383da1cb75c59b951878","size":28802,"path":"media/plotly/confusion_matrix_12_3c24456548c0185f5f70.plotly.json","_type":"plotly-file"}}