{"best_train_loss":0.17909735345778718,"best_val_loss":0.3104670673351118,"best_val_accuracy":0.8983333333333333,"best_train_accuracy":0.9345,"train_loss":0.15638198365014433,"val_loss":0.3319265090170653,"best_epoch":15,"train_accuracy":0.9417407407407408,"_step":20,"val_accuracy":0.8938333333333334,"_timestamp":1.74139851419887e+09,"_wandb":{"runtime":24},"_runtime":24.1867379,"epoch":20}