{"epoch":20,"best_val_loss":0.33647599571459463,"best_train_accuracy":0.9404814814814815,"best_val_accuracy":0.8956666666666667,"_runtime":49.0294819,"train_loss":0.15121672579876572,"best_epoch":17,"train_accuracy":0.9430555555555555,"_wandb":{"runtime":49},"val_accuracy":0.8893333333333333,"best_train_loss":0.16065598931858635,"_timestamp":1.7414001954470139e+09,"val_loss":0.34755163690508234,"_step":20}