{"best_train_accuracy":0.8935740740740741,"val_loss":0.3783921701306365,"train_loss":0.30260017236906,"epoch":10,"best_val_accuracy":0.8811666666666667,"best_train_loss":0.30260017236906,"_timestamp":1.7413663051184943e+09,"val_accuracy":0.8811666666666667,"_runtime":16.416203199999998,"_step":10,"train_accuracy":0.8935740740740741,"_wandb":{"runtime":16},"best_epoch":9,"best_val_loss":0.3783921701306365}