{"best_val_loss":0.39534232540942715,"val_accuracy":0.8348333333333333,"_wandb":{"runtime":29},"_runtime":29.1755731,"epoch":15,"best_epoch":2,"best_train_accuracy":0.8605185185185186,"train_loss":0.47775541015208367,"best_val_accuracy":0.8601666666666666,"_step":15,"train_accuracy":0.8575,"_timestamp":1.7412697326401482e+09,"best_train_loss":0.39747718598061527,"val_loss":0.6181306728529182}