{"best_train_loss":0.33118011299879035,"train_loss":0.30806980630381325,"val_accuracy":0.8648333333333333,"_wandb":{"runtime":60},"_timestamp":1.7413702495922017e+09,"train_accuracy":0.8895185185185185,"epoch":10,"val_loss":0.3990879230426495,"_runtime":60.2174727,"best_val_accuracy":0.8778333333333334,"_step":10,"best_epoch":5,"best_train_accuracy":0.8812222222222222,"best_val_loss":0.3500789325465437}