{"train_loss":0.1886172984561311,"_runtime":22.5562544,"best_val_loss":0.31997769476618054,"best_val_accuracy":0.8933333333333333,"train_accuracy":0.9298148148148148,"_wandb":{"runtime":22},"_timestamp":1.7413780819338632e+09,"_step":20,"best_train_loss":0.213841223182661,"best_train_accuracy":0.9198333333333333,"val_accuracy":0.8885,"val_loss":0.32155662600865675,"epoch":20,"best_epoch":15}