{"epoch":20,"val_loss":0.3237806669167888,"train_accuracy":0.9397037037037037,"best_val_loss":0.3237806669167888,"best_epoch":19,"_runtime":28.8294555,"best_train_accuracy":0.9397037037037037,"_step":20,"best_val_accuracy":0.895,"train_loss":0.15789883945740418,"val_accuracy":0.895,"best_train_loss":0.15789883945740418,"_timestamp":1.7413893364743671e+09,"_wandb":{"runtime":28}}