{"best_val_loss":0.32861625558156266,"val_loss":0.35328213072161324,"best_train_accuracy":0.9162407407407407,"_timestamp":1.7413822939283197e+09,"_wandb":{"runtime":19},"best_train_loss":0.2283696281653568,"val_accuracy":0.8811666666666667,"_runtime":19.7963027,"epoch":20,"train_accuracy":0.9194074074074075,"train_loss":0.2193035184676627,"best_epoch":17,"_step":20,"best_val_accuracy":0.8868333333333334}