{"best_val_accuracy":0.8795,"epoch":15,"best_val_loss":0.34747142204045783,"_timestamp":1.7412609528343544e+09,"best_epoch":11,"_wandb":{"runtime":87},"_runtime":87.5116354,"train_accuracy":0.8892962962962963,"best_train_loss":0.32294523125668506,"train_loss":0.3041384778775323,"val_accuracy":0.8716666666666667,"_step":15,"val_loss":0.359538251676195,"best_train_accuracy":0.8829444444444444}