{"best_train_accuracy":0.856,"best_epoch":13,"train_accuracy":0.8534814814814815,"val_loss":0.5522813485345566,"_timestamp":1.7412727869324148e+09,"train_loss":0.46118764034446896,"best_val_loss":0.44576310005795633,"epoch":15,"_wandb":{"runtime":25},"_step":15,"best_val_accuracy":0.8625,"_runtime":25.8718707,"val_accuracy":0.8473333333333334,"best_train_loss":0.4567955415439602}