{"epoch":15,"_timestamp":1.7412737348767529e+09,"_wandb":{"runtime":22},"val_accuracy":0.8383333333333334,"best_epoch":13,"_step":15,"best_val_loss":0.44932588849169314,"_runtime":22.574003,"train_loss":0.43713873700105954,"best_val_accuracy":0.8398333333333333,"best_train_loss":0.4428516908057938,"train_accuracy":0.847037037037037,"best_train_accuracy":0.8442037037037037,"val_loss":0.4514563270036833}