{"best_val_loss":0.31827728396250815,"val_accuracy":0.8928333333333334,"train_accuracy":0.9349074074074074,"best_train_accuracy":0.922037037037037,"_step":20,"best_train_loss":0.20902821821255949,"best_val_accuracy":0.8935,"best_epoch":14,"epoch":20,"train_loss":0.1750311598577606,"_wandb":{"runtime":26},"_timestamp":1.7413763571629736e+09,"val_loss":0.3275467590689947,"_runtime":26.9117426}