{"val_loss":0.34645684538299854,"best_val_accuracy":0.8941666666666667,"best_train_accuracy":0.9213518518518519,"_step":20,"val_accuracy":0.882,"_runtime":22.8181429,"_timestamp":1.741398353143439e+09,"train_loss":0.17990374916057988,"best_epoch":14,"_wandb":{"runtime":22},"best_train_loss":0.2108108614220097,"train_accuracy":0.9331481481481482,"epoch":20,"best_val_loss":0.30879444211203005}