{"best_train_loss":0.34329890619149545,"best_val_accuracy":0.8666666666666667,"train_loss":0.34329890619149545,"_timestamp":1.7413625376865797e+09,"val_loss":0.36282956324122445,"_step":10,"epoch":10,"_runtime":21.8520358,"_wandb":{"runtime":21},"best_epoch":9,"best_train_accuracy":0.8770740740740741,"val_accuracy":0.8666666666666667,"best_val_loss":0.36282956324122445,"train_accuracy":0.8770740740740741}