{"val_accuracy":0.8773333333333333,"_step":15,"_runtime":41.1944817,"best_train_loss":0.26450332293278833,"val_loss":0.35755039159382374,"epoch":15,"train_accuracy":0.9080370370370371,"_timestamp":1.7412741466297126e+09,"train_loss":0.2538306457842084,"best_epoch":12,"best_train_accuracy":0.9029074074074074,"_wandb":{"runtime":41},"best_val_loss":0.34017470269472166,"best_val_accuracy":0.886}