{"epoch":20,"best_train_loss":0.19147095553455418,"best_epoch":19,"val_accuracy":0.8865,"best_train_accuracy":0.9291296296296296,"best_val_accuracy":0.8865,"train_loss":0.19147095553455418,"val_loss":0.33218875364508993,"_timestamp":1.7414094487746496e+09,"_step":20,"train_accuracy":0.9291296296296296,"_runtime":23.7851586,"_wandb":{"runtime":23},"best_val_loss":0.33218875364508993}