{"best_train_loss":0.35031921566530855,"train_accuracy":0.8786666666666667,"best_train_accuracy":0.8783333333333333,"val_loss":0.42846101121513086,"epoch":10,"_step":10,"_wandb":{"runtime":21},"_runtime":20.9663738,"best_val_accuracy":0.8743333333333333,"_timestamp":1.7413664367672808e+09,"val_accuracy":0.865,"train_loss":0.3557435234861762,"best_val_loss":0.3986885314123951,"best_epoch":6}