{"train_loss":0.17471913434259512,"best_train_loss":0.20724802687891555,"best_val_accuracy":0.8901666666666667,"best_train_accuracy":0.9215740740740741,"epoch":20,"train_accuracy":0.9347407407407408,"_timestamp":1.7414038624638534e+09,"best_val_loss":0.3358551391163676,"_runtime":68.0573614,"_step":20,"best_epoch":13,"_wandb":{"runtime":68},"val_loss":0.3690351261143974,"val_accuracy":0.8815}