{"best_val_accuracy":0.8766666666666667,"train_loss":0.3225406226420646,"_runtime":20.0416658,"val_accuracy":0.836,"epoch":10,"_step":10,"best_train_loss":0.3252791598013936,"val_loss":0.488876251902233,"train_accuracy":0.8860185185185185,"_wandb":{"runtime":20},"best_val_loss":0.36377489791115786,"best_train_accuracy":0.8872222222222222,"best_epoch":7,"_timestamp":1.7413649167303927e+09}