{"train_accuracy":0.945037037037037,"best_val_loss":0.30656953007822063,"val_accuracy":0.8915,"best_val_accuracy":0.8948333333333334,"best_train_loss":0.1942003059506308,"_timestamp":1.741396643142866e+09,"train_loss":0.14562650777226469,"_wandb":{"runtime":41},"val_loss":0.33887985696978795,"_runtime":41.8994619,"_step":20,"epoch":20,"best_train_accuracy":0.9272962962962963,"best_epoch":12}