{"_timestamp":1.741378450644515e+09,"train_accuracy":0.9314814814814815,"best_val_loss":0.3127280436864519,"val_loss":0.35299121925293897,"best_epoch":15,"_runtime":21.4023593,"train_loss":0.1794819224117302,"_step":20,"_wandb":{"runtime":21},"best_val_accuracy":0.8946666666666667,"best_train_accuracy":0.9229444444444445,"epoch":20,"val_accuracy":0.89,"best_train_loss":0.20292061026417482}