{"_runtime":41.5561687,"best_train_accuracy":0.9392592592592592,"_wandb":{"runtime":41},"epoch":20,"best_epoch":17,"train_loss":0.1482252179306199,"val_loss":0.3297237638404773,"best_val_loss":0.3198219526354605,"val_accuracy":0.8928333333333334,"train_accuracy":0.944,"_timestamp":1.7413794214851787e+09,"_step":20,"best_train_loss":0.1625134994429996,"best_val_accuracy":0.8953333333333333}