{"_step":30,"val_accuracy":0.8888333333333334,"epoch":30,"_wandb":{"runtime":143},"val_loss":0.3872934639187957,"best_train_accuracy":0.9547962962962963,"train_loss":0.12003424509981402,"_runtime":143.8542209,"best_epoch":28,"best_val_loss":0.36607446630464996,"best_val_accuracy":0.895,"train_accuracy":0.9540925925925926,"_timestamp":1.741424429515985e+09,"best_train_loss":0.1212338180179749}