{"train_accuracy":0.8730185185185185,"epoch":15,"best_train_loss":0.3624838360332677,"_runtime":73.1184218,"val_accuracy":0.8658333333333333,"best_val_loss":0.38254501503399374,"best_epoch":14,"best_train_accuracy":0.8730185185185185,"best_val_accuracy":0.8658333333333333,"_wandb":{"runtime":73},"val_loss":0.38254501503399374,"train_loss":0.3624838360332677,"_timestamp":1.741280073375397e+09,"_step":15}