{"val_accuracy":0.853,"best_epoch":4,"_wandb":{"runtime":20},"train_loss":0.4001644649353627,"_timestamp":1.7413642320672135e+09,"train_accuracy":0.8592407407407407,"val_loss":0.40878778311460623,"best_train_accuracy":0.8592407407407407,"_runtime":20.8505365,"best_val_accuracy":0.853,"_step":5,"best_val_loss":0.40878778311460623,"epoch":5,"best_train_loss":0.4001644649353627}