{"_wandb":{"runtime":49},"_runtime":49.8061222,"best_train_loss":0.3125196849075808,"best_train_accuracy":0.8873148148148148,"train_loss":0.30781292572748065,"_step":15,"val_accuracy":0.8653333333333333,"train_accuracy":0.8883703703703704,"best_val_accuracy":0.8731666666666666,"val_loss":0.39819457126639585,"best_epoch":13,"_timestamp":1.7412722205366342e+09,"epoch":15,"best_val_loss":0.3478896516747825}