{"_step":15,"best_val_loss":0.3615713849548945,"best_val_accuracy":0.8735,"_timestamp":1.7412592948902786e+09,"best_train_loss":0.33847609414353147,"train_loss":0.33847609414353147,"val_loss":0.3615713849548945,"best_train_accuracy":0.8808333333333334,"_wandb":{"runtime":31},"train_accuracy":0.8808333333333334,"epoch":15,"best_epoch":14,"_runtime":31.5560977,"val_accuracy":0.8735}