{"best_val_loss":0.3169558268530317,"val_loss":0.37907441813457166,"val_accuracy":0.8876666666666667,"best_train_accuracy":0.923537037037037,"train_loss":0.16508204616069364,"_wandb":{"runtime":35},"_runtime":35.5647694,"_timestamp":1.741393763861156e+09,"best_val_accuracy":0.8946666666666667,"best_train_loss":0.2053741165846625,"train_accuracy":0.9361111111111111,"epoch":20,"best_epoch":13,"_step":20}