{"_wandb":{"runtime":32},"epoch":20,"best_train_loss":0.15765190768700962,"best_train_accuracy":0.9407407407407408,"_timestamp":1.7413749974939852e+09,"_step":20,"train_accuracy":0.9407407407407408,"val_loss":0.31810004374777295,"_runtime":32.6774992,"best_epoch":19,"best_val_accuracy":0.8953333333333333,"best_val_loss":0.31810004374777295,"val_accuracy":0.8953333333333333,"train_loss":0.15765190768700962}