{"best_val_loss":0.3277110590658927,"_wandb":{"runtime":28},"val_accuracy":0.8901666666666667,"best_train_accuracy":0.9255925925925926,"val_loss":0.3420662314690103,"best_epoch":18,"train_accuracy":0.9291111111111111,"best_train_loss":0.1952096931312959,"_runtime":28.4463936,"_timestamp":1.7414048653714445e+09,"best_val_accuracy":0.8913333333333333,"train_loss":0.18905675251080759,"_step":20,"epoch":20}