{"best_epoch":13,"train_loss":0.2926746097730943,"_timestamp":1.7412728374357865e+09,"_step":15,"_runtime":44.3584849,"best_train_accuracy":0.8949444444444444,"epoch":15,"val_loss":0.33903243210044004,"_wandb":{"runtime":44},"best_val_loss":0.341651589822751,"best_train_loss":0.29560425606995683,"train_accuracy":0.8965185185185185,"best_val_accuracy":0.8823333333333333,"val_accuracy":0.8818333333333334}