{"_timestamp":1.7413680014116142e+09,"best_val_accuracy":0.12233333333333334,"_wandb":{"runtime":21},"epoch":10,"train_accuracy":0.11055555555555556,"best_epoch":8,"_step":10,"best_train_accuracy":0.10931481481481481,"val_loss":2.301621947565239,"best_train_loss":2.301771485291,"_runtime":21.5271092,"train_loss":2.3015636596637283,"val_accuracy":0.11333333333333333,"best_val_loss":2.301437127323714}