{"best_val_loss":0.3095596609276818,"_step":20,"_runtime":23.6682438,"best_train_accuracy":0.9244259259259259,"best_epoch":12,"epoch":20,"train_loss":0.15692156358394846,"val_loss":0.3483276217216121,"best_val_accuracy":0.8933333333333333,"train_accuracy":0.9409444444444445,"_wandb":{"runtime":23},"val_accuracy":0.889,"_timestamp":1.741377427624401e+09,"best_train_loss":0.2026245743144672}