{"_runtime":13.3046202,"_step":10,"_wandb":{"runtime":13},"epoch":10,"train_accuracy":0.9009814814814815,"best_train_loss":0.28573868731430696,"val_loss":0.3366746100956414,"best_epoch":7,"_timestamp":1.7413659501310422e+09,"train_loss":0.2687610262503145,"val_accuracy":0.8805,"best_val_loss":0.3099708796985192,"best_val_accuracy":0.888,"best_train_accuracy":0.8948703703703703}