{"best_val_loss":0.32452509576159133,"val_loss":0.32452509576159133,"best_val_accuracy":0.8931666666666667,"_runtime":24.1911371,"val_accuracy":0.8931666666666667,"best_epoch":19,"best_train_loss":0.15915384645693675,"_timestamp":1.741395422204972e+09,"train_loss":0.15915384645693675,"_step":20,"best_train_accuracy":0.9409444444444445,"train_accuracy":0.9409444444444445,"_wandb":{"runtime":24},"epoch":20}