{"best_val_accuracy":0.6841666666666667,"train_loss":0.860924823935812,"_wandb":{"runtime":37},"val_accuracy":0.6841666666666667,"train_accuracy":0.669962962962963,"_runtime":37.2385042,"_step":15,"best_val_loss":0.8371993915623195,"epoch":15,"_timestamp":1.7412753933333464e+09,"best_epoch":14,"val_loss":0.8371993915623195,"best_train_loss":0.860924823935812,"best_train_accuracy":0.669962962962963}