{"_runtime":45.7982756,"best_train_loss":0.3127729526467032,"best_val_loss":0.3493307482465272,"_wandb":{"runtime":45},"val_loss":0.3493307482465272,"best_val_accuracy":0.8751666666666666,"epoch":15,"best_epoch":14,"train_accuracy":0.8891666666666667,"_step":15,"val_accuracy":0.8751666666666666,"_timestamp":1.7412720989573677e+09,"best_train_accuracy":0.8891666666666667,"train_loss":0.3127729526467032}