{"_step":15,"best_val_accuracy":0.8781666666666667,"_runtime":405.2102293,"train_loss":0.30785224214605167,"best_train_accuracy":0.8889074074074074,"best_epoch":13,"val_accuracy":0.875,"_timestamp":1.7412552525918868e+09,"_wandb":{"runtime":405},"val_loss":0.34368714854105414,"best_val_loss":0.3648707838833199,"best_train_loss":0.311977693852557,"epoch":15,"train_accuracy":0.8911851851851852}