{"_wandb":{"runtime":36},"val_loss":0.3453571774719309,"best_val_accuracy":0.8963333333333333,"best_train_accuracy":0.9408888888888889,"_runtime":36.7568547,"val_accuracy":0.8963333333333333,"best_train_loss":0.15891280288482004,"train_accuracy":0.9408888888888889,"best_epoch":19,"best_val_loss":0.3453571774719309,"train_loss":0.15891280288482004,"epoch":20,"_timestamp":1.7413957279996998e+09,"_step":20}