{"best_val_loss":0.3365613745139862,"best_train_loss":0.16742916955400658,"epoch":20,"train_accuracy":0.943,"_runtime":54.7359899,"_timestamp":1.7413886018743129e+09,"best_train_accuracy":0.9375370370370371,"train_loss":0.15088047328201104,"_wandb":{"runtime":54},"val_accuracy":0.8866666666666667,"best_val_accuracy":0.8943333333333333,"val_loss":0.37791861706834123,"_step":20,"best_epoch":17}