{"train_accuracy":0.8368888888888889,"val_accuracy":0.8328333333333333,"best_epoch":14,"best_val_loss":0.4618663416491326,"_wandb":{"runtime":29},"_timestamp":1.7412701323369231e+09,"_step":15,"_runtime":29.1312571,"epoch":15,"val_loss":0.4618663416491326,"best_val_accuracy":0.8328333333333333,"best_train_loss":0.4661986456994843,"train_loss":0.4661986456994843,"best_train_accuracy":0.8368888888888889}