{"best_val_loss":0.3498649441818164,"_runtime":26.729344,"train_loss":0.2858460992799425,"_wandb":{"runtime":26},"val_loss":0.3498649441818164,"best_val_accuracy":0.8816666666666667,"best_epoch":14,"val_accuracy":0.8816666666666667,"epoch":15,"best_train_loss":0.2858460992799425,"_step":15,"train_accuracy":0.897425925925926,"best_train_accuracy":0.897425925925926,"_timestamp":1.7412528793543198e+09}