{"_step":10,"_runtime":35.1423711,"best_epoch":9,"best_val_accuracy":0.8713333333333333,"val_accuracy":0.8713333333333333,"train_accuracy":0.8809814814814815,"_timestamp":1.7413643994511883e+09,"_wandb":{"runtime":35},"best_val_loss":0.36066730026067817,"epoch":10,"best_train_loss":0.3377011947669053,"train_loss":0.3377011947669053,"best_train_accuracy":0.8809814814814815,"val_loss":0.36066730026067817}