{"val_accuracy":0.895,"best_epoch":16,"best_val_loss":0.31551322676040316,"epoch":20,"train_loss":0.14849893704845651,"best_train_accuracy":0.9372407407407407,"best_train_loss":0.16748621153042725,"best_val_accuracy":0.8971666666666667,"_step":20,"train_accuracy":0.9452592592592592,"_runtime":42.7892431,"_timestamp":1.741387724084984e+09,"val_loss":0.33552616934625135,"_wandb":{"runtime":42}}