{"best_train_accuracy":0.8450925925925926,"_step":10,"best_epoch":8,"val_loss":0.4410164380364015,"_runtime":36.5033171,"_wandb":{"runtime":36},"best_val_loss":0.4535756580972265,"train_loss":0.4427267682095264,"best_train_loss":0.4532102347689201,"_timestamp":1.7413701820398326e+09,"best_val_accuracy":0.847,"val_accuracy":0.8453333333333334,"train_accuracy":0.8481296296296297,"epoch":10}