{"best_train_loss":0.18595478400046245,"_timestamp":1.7414097378657079e+09,"best_val_accuracy":0.8933333333333333,"train_accuracy":0.9298703703703703,"best_epoch":19,"val_accuracy":0.8933333333333333,"_step":20,"epoch":20,"_wandb":{"runtime":27},"best_train_accuracy":0.9298703703703703,"_runtime":27.716018,"val_loss":0.30767839887844123,"train_loss":0.18595478400046245,"best_val_loss":0.30767839887844123}