{"epoch":20,"best_train_accuracy":0.9287962962962963,"best_train_loss":0.19207383738193623,"train_loss":0.17860497717277612,"best_val_loss":0.3066751834612449,"_wandb":{"runtime":22},"best_val_accuracy":0.8938333333333334,"_step":20,"train_accuracy":0.9331296296296296,"val_accuracy":0.8841666666666667,"_timestamp":1.741397884724689e+09,"_runtime":22.8812366,"best_epoch":17,"val_loss":0.34861130973827076}