{"train_loss":0.44458942739639673,"val_accuracy":0.8405,"best_train_accuracy":0.8441666666666666,"_timestamp":1.7413699555218873e+09,"best_val_loss":0.44497954740081164,"val_loss":0.44497954740081164,"_wandb":{"runtime":60},"train_accuracy":0.8441666666666666,"best_val_accuracy":0.8405,"best_epoch":9,"_runtime":60.1060227,"best_train_loss":0.44458942739639673,"epoch":10,"_step":10}