{"val_accuracy":0.8665,"best_val_loss":0.3694139678256873,"train_loss":0.3344005634060174,"_runtime":60.6673695,"_timestamp":1.7412776895720375e+09,"epoch":15,"best_train_loss":0.33646404778650907,"val_loss":0.4085706450527712,"train_accuracy":0.8892222222222222,"_step":15,"best_val_accuracy":0.8756666666666667,"_wandb":{"runtime":60},"best_epoch":12,"best_train_accuracy":0.8876851851851851}