{"train_accuracy":0.9411296296296296,"best_epoch":18,"best_val_accuracy":0.8938333333333334,"best_train_loss":0.17035572147479586,"_step":20,"val_loss":0.32836342737073826,"best_train_accuracy":0.9371666666666667,"val_accuracy":0.8893333333333333,"epoch":20,"best_val_loss":0.3194913180801216,"_runtime":23.8252196,"train_loss":0.16342576168197917,"_timestamp":1.741385474171137e+09,"_wandb":{"runtime":23}}