{"epoch":10,"val_loss":0.3753960991613254,"_timestamp":1.7413647108417697e+09,"_step":10,"best_val_accuracy":0.8723333333333333,"train_accuracy":0.8877777777777778,"train_loss":0.31609487186715773,"best_train_accuracy":0.8812592592592593,"best_train_loss":0.330821296940149,"_runtime":14.1963577,"best_val_loss":0.3580182561775416,"best_epoch":6,"_wandb":{"runtime":14},"val_accuracy":0.8685}