{"val_accuracy":0.8883333333333333,"_wandb":{"runtime":67},"best_val_loss":0.3214187177816638,"train_accuracy":0.9350925925925926,"best_train_loss":0.18921634845686855,"best_val_accuracy":0.8915,"val_loss":0.34773078850666866,"_timestamp":1.7413736440185997e+09,"best_train_accuracy":0.9277777777777778,"train_loss":0.1703726601431141,"best_epoch":16,"epoch":20,"_runtime":66.9798748,"_step":20}