{"best_val_accuracy":0.8925,"best_val_loss":0.30322790894796703,"best_epoch":17,"train_accuracy":0.9296296296296296,"_wandb":{"runtime":22},"val_loss":0.32232361875256915,"best_train_accuracy":0.9248148148148149,"_step":20,"val_accuracy":0.8883333333333333,"_timestamp":1.7413856988519597e+09,"train_loss":0.18849969107916104,"best_train_loss":0.2022772512618764,"_runtime":22.8812219,"epoch":20}