{"_step":10,"_runtime":20.9065184,"val_loss":0.3693354096883207,"val_accuracy":0.8641666666666666,"_wandb":{"runtime":20},"train_loss":0.34192482720689454,"best_val_loss":0.371951578588826,"train_accuracy":0.8783888888888889,"best_train_accuracy":0.8755555555555555,"best_epoch":8,"best_train_loss":0.3501227830234453,"best_val_accuracy":0.8668333333333333,"_timestamp":1.7413700440850945e+09,"epoch":10}