{"train_accuracy":0.9445370370370371,"_runtime":42.5744818,"epoch":20,"_wandb":{"runtime":42},"best_val_loss":0.3253882642219891,"val_accuracy":0.887,"train_loss":0.14804048142129278,"best_val_accuracy":0.8941666666666667,"best_epoch":16,"val_loss":0.3550038581789916,"_step":20,"best_train_loss":0.16693049517619596,"best_train_accuracy":0.9371851851851852,"_timestamp":1.7413977015102496e+09}