{"_step":20,"best_train_accuracy":0.9228333333333333,"best_train_loss":0.2026251751706987,"best_val_loss":0.3183933712814337,"_wandb":{"runtime":39},"val_accuracy":0.8915,"best_epoch":14,"best_val_accuracy":0.8953333333333333,"epoch":20,"train_accuracy":0.9346481481481481,"val_loss":0.3463231897051036,"_timestamp":1.7413895230242417e+09,"_runtime":39.4789377,"train_loss":0.17250066258330413}