{"best_val_loss":0.33045760937564866,"_timestamp":1.7413963311638093e+09,"epoch":20,"_step":20,"val_accuracy":0.89,"_wandb":{"runtime":18},"val_loss":0.3483013153226715,"best_epoch":17,"_runtime":18.2344472,"train_accuracy":0.9293148148148148,"best_train_loss":0.19203864341293791,"best_train_accuracy":0.9277037037037037,"train_loss":0.18309974523562852,"best_val_accuracy":0.8941666666666667}