{"val_accuracy":0.8515,"_timestamp":1.7413628952418404e+09,"train_loss":0.37871979535289774,"train_accuracy":0.8671296296296296,"_wandb":{"runtime":14},"best_epoch":8,"best_train_loss":0.3874186049793075,"best_train_accuracy":0.8638703703703704,"_step":10,"_runtime":14.1725611,"best_val_loss":0.39123577066903165,"best_val_accuracy":0.8555,"val_loss":0.40458564532540336,"epoch":10}