{"best_val_loss":0.35383032194360736,"best_train_accuracy":0.8780555555555556,"_step":10,"train_loss":0.3374225552153028,"_wandb":{"runtime":31},"val_accuracy":0.8688333333333333,"_timestamp":1.7413698729145567e+09,"train_accuracy":0.8780555555555556,"val_loss":0.35383032194360736,"_runtime":31.4054117,"best_train_loss":0.3374225552153028,"epoch":10,"best_val_accuracy":0.8688333333333333,"best_epoch":9}