{"val_loss":0.3633969609093942,"best_val_accuracy":0.8783333333333333,"best_epoch":9,"_step":10,"train_loss":0.29016446962827214,"best_train_loss":0.29016446962827214,"best_val_loss":0.3633969609093942,"best_train_accuracy":0.8952407407407408,"_wandb":{"runtime":11},"train_accuracy":0.8952407407407408,"epoch":10,"_runtime":11.8381249,"val_accuracy":0.8783333333333333,"_timestamp":1.741366721004377e+09}