{"best_train_loss":0.1839899585673254,"_timestamp":1.7413857693832047e+09,"train_loss":0.15923732183206474,"epoch":20,"best_train_accuracy":0.9314444444444444,"val_loss":0.32917013156258185,"best_val_accuracy":0.8935,"train_accuracy":0.9413703703703704,"_wandb":{"runtime":23},"best_epoch":15,"val_accuracy":0.893,"best_val_loss":0.31666308202860505,"_runtime":23.8597269,"_step":20}