{"epoch":20,"_timestamp":1.741398870767789e+09,"_wandb":{"runtime":33},"val_loss":0.3662744092645885,"best_train_accuracy":0.9403333333333334,"best_train_loss":0.15943377560509336,"best_epoch":18,"best_val_accuracy":0.8935,"_runtime":33.1302883,"train_accuracy":0.9410925925925926,"_step":20,"train_loss":0.15544238480752445,"val_accuracy":0.8841666666666667,"best_val_loss":0.34367552270133417}