{"_step":10,"val_accuracy":0.8155,"best_val_loss":0.5056284814707955,"_runtime":28.536218,"val_loss":0.5575318452539156,"train_loss":0.5499241240319452,"_timestamp":1.741365857132085e+09,"epoch":10,"train_accuracy":0.842574074074074,"best_train_accuracy":0.8383518518518519,"_wandb":{"runtime":28},"best_train_loss":0.5524435834745663,"best_epoch":7,"best_val_accuracy":0.8611666666666666}