{"_runtime":28.2623108,"epoch":20,"best_train_loss":0.20082209183945848,"val_accuracy":0.8941666666666667,"best_train_accuracy":0.9238518518518518,"best_epoch":17,"_wandb":{"runtime":28},"best_val_loss":0.30554131081293157,"_timestamp":1.7413848225748317e+09,"train_accuracy":0.9283888888888889,"val_loss":0.30672400758873614,"best_val_accuracy":0.8953333333333333,"train_loss":0.1893268856788359,"_step":20}