{"val_loss":0.3896204269343089,"val_accuracy":0.8825,"_wandb":{"runtime":73},"train_loss":0.16441042445358128,"_step":20,"epoch":20,"best_train_loss":0.18884586298920994,"best_train_accuracy":0.9284814814814815,"train_accuracy":0.9375370370370371,"_timestamp":1.7414028088417554e+09,"best_val_accuracy":0.8918333333333334,"best_epoch":15,"best_val_loss":0.345239094741391,"_runtime":73.3790745}