{"best_val_accuracy":0.8923333333333333,"best_val_loss":0.3404701137948159,"_runtime":36.4639406,"_wandb":{"runtime":36},"epoch":20,"_step":20,"train_accuracy":0.9406851851851852,"best_train_accuracy":0.9285925925925926,"best_epoch":14,"best_train_loss":0.1900919404107649,"_timestamp":1.7413833419973764e+09,"val_loss":0.37212806276153426,"val_accuracy":0.8898333333333334,"train_loss":0.15741853359304464}