{"best_epoch":2,"_wandb":{"runtime":12},"best_val_loss":0.3540221515461811,"epoch":5,"val_accuracy":0.871,"train_loss":0.3231916894068392,"_step":5,"best_train_loss":0.36427374150276404,"val_loss":0.35196888051198894,"_timestamp":1.741369809611458e+09,"best_val_accuracy":0.8743333333333333,"_runtime":12.333007,"train_accuracy":0.8824814814814815,"best_train_accuracy":0.8664259259259259}