{"train_loss":0.18091836246460166,"_runtime":23.8317829,"_timestamp":1.7414107484243317e+09,"_step":20,"_wandb":{"runtime":23},"best_val_loss":0.32803730792197006,"train_accuracy":0.9308333333333333,"best_train_loss":0.18537640331532676,"best_val_accuracy":0.8918333333333334,"epoch":20,"val_accuracy":0.8906666666666667,"val_loss":0.34528617381039384,"best_train_accuracy":0.9292777777777778,"best_epoch":18}