{"best_train_accuracy":0.9405925925925926,"_wandb":{"runtime":28},"train_loss":0.1530677446665604,"_runtime":28.6589319,"best_train_loss":0.15971632820542986,"best_val_loss":0.33391274759646417,"best_epoch":18,"train_accuracy":0.9427407407407408,"val_accuracy":0.8888333333333334,"epoch":20,"val_loss":0.344591863737536,"_timestamp":1.741406542867921e+09,"best_val_accuracy":0.892,"_step":20}