{"val_loss":0.3450289804709058,"_step":20,"val_accuracy":0.8906666666666667,"best_epoch":17,"best_val_accuracy":0.8921666666666667,"train_loss":0.17737682868854063,"train_accuracy":0.9317777777777778,"best_val_loss":0.3373497597735758,"best_train_loss":0.18283400817875403,"best_train_accuracy":0.9296296296296296,"_timestamp":1.7414095317486207e+09,"_wandb":{"runtime":37},"_runtime":37.6813967,"epoch":20}