{"_wandb":{"runtime":43},"train_loss":0.33719816406724556,"val_accuracy":0.8696666666666667,"epoch":15,"_timestamp":1.7412792115879369e+09,"val_loss":0.36704469116666827,"best_train_loss":0.34096527842279517,"best_train_accuracy":0.8788148148148148,"_step":15,"best_val_loss":0.3603672313598626,"best_epoch":13,"train_accuracy":0.8796851851851852,"_runtime":43.4123597,"best_val_accuracy":0.871}