{"_timestamp":1.741400929899279e+09,"best_val_accuracy":0.8948333333333334,"best_train_loss":0.15339512335511626,"val_loss":0.32525644071833165,"train_loss":0.15339512335511626,"_runtime":28.469527,"train_accuracy":0.9418888888888889,"best_epoch":19,"best_val_loss":0.32525644071833165,"_wandb":{"runtime":28},"epoch":20,"val_accuracy":0.8948333333333334,"_step":20,"best_train_accuracy":0.9418888888888889}