{"best_train_accuracy":0.9286296296296296,"_wandb":{"runtime":22},"best_train_loss":0.19178011689342347,"_timestamp":1.7413833711003697e+09,"_runtime":22.533653,"val_loss":0.3213844800123816,"val_accuracy":0.8883333333333333,"best_val_loss":0.3061439698785456,"_step":20,"train_loss":0.1760530024731324,"epoch":20,"best_val_accuracy":0.8963333333333333,"best_epoch":17,"train_accuracy":0.9345740740740741}