{"best_train_accuracy":0.890537037037037,"best_epoch":9,"_step":12,"_timestamp":1.7414570970705204e+09,"epoch":10,"val_loss":0.19944702116729024,"best_val_accuracy":0.8768333333333334,"test_loss":0.2102715482684383,"test_accuracy":0.8684,"confusion_matrix":{"size":28792,"path":"media/plotly/confusion_matrix_12_5af0f18a97668760f936.plotly.json","_type":"plotly-file","sha256":"5af0f18a97668760f936468a96a74cbd66d44ca8ac2d87fb68b85b9f31c8d34e"},"best_train_loss":0.17295650077563005,"_wandb":{"runtime":107},"train_loss":0.17295650077563005,"val_accuracy":0.8768333333333334,"best_val_loss":0.19944702116729024,"train_accuracy":0.890537037037037,"_runtime":107.3309561}