{"_runtime":18.3698024,"best_val_loss":0.392462010105865,"train_loss":0.40348554137623466,"best_epoch":2,"best_train_accuracy":0.8637407407407407,"train_accuracy":0.8705925925925926,"_timestamp":1.741364047113596e+09,"epoch":10,"_wandb":{"runtime":18},"best_val_accuracy":0.864,"_step":10,"best_train_loss":0.3820714135115296,"val_accuracy":0.856,"val_loss":0.5149751150013016}