{"train_accuracy":0.9417592592592593,"_step":20,"val_loss":0.34472598267160204,"_timestamp":1.7413856334659047e+09,"_wandb":{"runtime":32},"epoch":20,"best_train_loss":0.15505998497137422,"train_loss":0.15505998497137422,"best_train_accuracy":0.9417592592592593,"best_val_loss":0.34472598267160204,"best_epoch":19,"val_accuracy":0.8926666666666667,"best_val_accuracy":0.8926666666666667,"_runtime":32.4926576}