{"_step":20,"_timestamp":1.7413755416052005e+09,"best_train_loss":0.19600054979508794,"best_val_accuracy":0.8935,"best_epoch":16,"train_loss":0.17843989013388667,"_wandb":{"runtime":31},"best_train_accuracy":0.9271666666666667,"epoch":20,"best_val_loss":0.31156821614215874,"_runtime":31.3729192,"train_accuracy":0.933,"val_accuracy":0.8903333333333333,"val_loss":0.3199197289874572}