{"best_train_loss":0.25007665729437706,"best_val_loss":0.3124253482409499,"best_train_accuracy":0.9055185185185185,"_runtime":73.4348069,"_wandb":{"runtime":73},"best_epoch":8,"val_accuracy":0.8838333333333334,"epoch":20,"train_loss":0.1720538298646307,"val_loss":0.34163766585676997,"best_val_accuracy":0.891,"_timestamp":1.7413987771251638e+09,"train_accuracy":0.9346666666666666,"_step":20}