{"best_train_loss":0.2370557746830105,"epoch":20,"_timestamp":1.7413765258600717e+09,"train_accuracy":0.9234814814814815,"_wandb":{"runtime":24},"best_train_accuracy":0.9122222222222223,"best_epoch":14,"best_val_loss":0.3184029045338158,"val_loss":0.32282343914343603,"val_accuracy":0.8873333333333333,"train_loss":0.204979447134947,"_runtime":24.5209798,"_step":20,"best_val_accuracy":0.8893333333333333}