{"confusion_matrix":{"_type":"plotly-file","sha256":"1b9b376d702b160c124206b315c57cc1ae5386b1202cc531677f728019dc3812","size":28805,"path":"media/plotly/confusion_matrix_12_1b9b376d702b160c1242.plotly.json"},"best_train_accuracy":0.8877407407407407,"train_accuracy":0.8883703703703704,"best_val_accuracy":0.8763333333333333,"_timestamp":1.7414577359235675e+09,"val_loss":0.18808287628460346,"test_accuracy":0.8641,"train_loss":0.16738614811092842,"_runtime":21.125581,"test_loss":0.20116907693376246,"val_accuracy":0.8738333333333334,"best_val_loss":0.18548525436843108,"best_train_loss":0.1697714367760777,"best_epoch":8,"_wandb":{"runtime":21},"_step":12,"epoch":10}