{"_step":15,"best_train_accuracy":0.8781481481481481,"train_loss":0.3378386182449724,"_timestamp":1.7412515112506208e+09,"best_train_loss":0.3378386182449724,"epoch":15,"val_accuracy":0.8671666666666666,"_runtime":38.0565748,"val_loss":0.3566119355718515,"best_epoch":14,"_wandb":{"runtime":38},"train_accuracy":0.8781481481481481,"best_val_loss":0.3566119355718515,"best_val_accuracy":0.8671666666666666}