{"_step":15,"epoch":15,"best_epoch":12,"best_val_loss":0.4491474525379196,"best_val_accuracy":0.8411666666666666,"_timestamp":1.741266217388348e+09,"val_loss":0.4448426137002078,"_wandb":{"runtime":23},"train_loss":0.4307196529119326,"_runtime":23.4497327,"best_train_loss":0.44613618829794566,"val_accuracy":0.8403333333333334,"train_accuracy":0.847,"best_train_accuracy":0.8436851851851852}