{"train_loss":0.19823515945876605,"_wandb":{"runtime":22},"best_train_loss":0.24891039025457443,"_timestamp":1.7414029551834915e+09,"best_val_accuracy":0.8913333333333333,"best_train_accuracy":0.9070185185185186,"best_val_loss":0.3001012959952155,"_runtime":22.853257,"val_loss":0.31901162076309225,"epoch":20,"_step":20,"val_accuracy":0.8893333333333333,"train_accuracy":0.9256296296296296,"best_epoch":12}