{"best_epoch":17,"_runtime":23.0231741,"train_accuracy":0.9327777777777778,"_step":20,"_wandb":{"runtime":23},"_timestamp":1.7413818218857386e+09,"val_accuracy":0.8888333333333334,"epoch":20,"best_val_accuracy":0.8948333333333334,"best_train_loss":0.1914924038713834,"best_val_loss":0.3085358577738423,"best_train_accuracy":0.9281296296296296,"train_loss":0.18053769256760113,"val_loss":0.31728067766122503}