{"train_accuracy":0.8950185185185185,"_timestamp":1.741372595616224e+09,"_wandb":{"runtime":47},"_step":20,"best_train_accuracy":0.8925555555555555,"best_epoch":17,"train_loss":0.290540314884185,"epoch":20,"val_accuracy":0.8781666666666667,"_runtime":47.1676551,"best_val_accuracy":0.8801666666666667,"best_val_loss":0.3284416044090166,"best_train_loss":0.29802708028270203,"val_loss":0.3315721752531616}