{"best_train_loss":0.15652152553087748,"_timestamp":1.7414110399677746e+09,"best_val_loss":0.3370284595088109,"_step":20,"_wandb":{"runtime":32},"val_loss":0.3370284595088109,"best_train_accuracy":0.9413333333333334,"train_accuracy":0.9413333333333334,"_runtime":32.5116369,"train_loss":0.15652152553087748,"val_accuracy":0.8968333333333334,"best_val_accuracy":0.8968333333333334,"best_epoch":19,"epoch":20}