{"best_train_loss":0.28578816444518534,"best_val_accuracy":0.8831666666666667,"epoch":10,"_step":10,"train_loss":0.2792436300767079,"best_train_accuracy":0.8972407407407408,"_runtime":16.009709,"_timestamp":1.7413655734175742e+09,"train_accuracy":0.8993518518518518,"best_epoch":8,"_wandb":{"runtime":16},"best_val_loss":0.3282201370490805,"val_loss":0.35032795543567835,"val_accuracy":0.8768333333333334}