{"_timestamp":1.7413797818539753e+09,"best_val_accuracy":0.8906666666666667,"best_train_accuracy":0.9202962962962963,"best_train_loss":0.20897250002866796,"train_accuracy":0.9235740740740741,"best_epoch":18,"val_accuracy":0.8798333333333334,"best_val_loss":0.3141382071073946,"_wandb":{"runtime":28},"epoch":20,"val_loss":0.33655199512806516,"train_loss":0.20098089346316605,"_runtime":28.6247518,"_step":20}