{"val_accuracy":0.8931666666666667,"_runtime":26.681414,"_timestamp":1.7413754356712594e+09,"best_train_loss":0.18449921098286054,"epoch":20,"best_epoch":19,"best_train_accuracy":0.9302592592592592,"_step":20,"best_val_accuracy":0.8931666666666667,"val_loss":0.31709826011507086,"train_loss":0.18449921098286054,"best_val_loss":0.31709826011507086,"_wandb":{"runtime":26},"train_accuracy":0.9302592592592592}