{"best_train_loss":0.16819520847800937,"_runtime":28.1161302,"val_loss":0.35461755201902984,"best_val_loss":0.3243134496655381,"best_epoch":17,"_wandb":{"runtime":28},"epoch":20,"best_val_accuracy":0.8955,"train_loss":0.15602488553083338,"_step":20,"val_accuracy":0.885,"best_train_accuracy":0.9381481481481482,"train_accuracy":0.9410185185185185,"_timestamp":1.7414074830127575e+09}