{"train_loss":0.44271963995820485,"_runtime":24.7590932,"val_accuracy":0.8583333333333333,"best_val_loss":0.4422079696260016,"val_loss":0.4738778739964139,"best_train_accuracy":0.8672222222222222,"_wandb":{"runtime":24},"_step":15,"best_val_accuracy":0.8646666666666667,"_timestamp":1.7412531683397412e+09,"best_epoch":10,"train_accuracy":0.8609814814814815,"epoch":15,"best_train_loss":0.4044390207856622}