{"train_loss":0.34931195330744186,"_runtime":30.6306073,"_timestamp":1.7412768381490042e+09,"best_train_loss":0.35418210704285175,"_wandb":{"runtime":30},"val_loss":0.37769814728886375,"epoch":15,"best_val_loss":0.3792356477381544,"_step":15,"best_epoch":13,"best_val_accuracy":0.8685,"train_accuracy":0.8775555555555555,"best_train_accuracy":0.8763703703703704,"val_accuracy":0.8665}