{"best_val_accuracy":0.848,"train_accuracy":0.8501481481481481,"_wandb":{"runtime":22},"best_train_accuracy":0.8501481481481481,"best_epoch":14,"val_accuracy":0.848,"best_val_loss":0.42836144470692405,"best_train_loss":0.4253946430399376,"_runtime":22.7887248,"train_loss":0.4253946430399376,"epoch":15,"val_loss":0.42836144470692405,"_timestamp":1.7412799056241548e+09,"_step":15}