{"val_accuracy":0.8783333333333333,"_runtime":27.107297,"best_train_accuracy":0.8867407407407407,"_wandb":{"runtime":27},"_step":20,"best_val_loss":0.33881295637469105,"train_accuracy":0.8936666666666667,"best_epoch":15,"train_loss":0.292353204412813,"epoch":20,"val_loss":0.3329303588182641,"best_val_accuracy":0.8788333333333334,"_timestamp":1.7413860440008957e+09,"best_train_loss":0.3115946146246446}