{"test_accuracy":0.8672,"_step":12,"best_val_loss":0.19181527673892662,"_wandb":{"runtime":117},"best_train_accuracy":0.886425925925926,"val_accuracy":0.873,"train_loss":0.1719079474954934,"_runtime":117.3748482,"train_accuracy":0.886425925925926,"test_loss":0.19970613561916575,"_timestamp":1.7414524485973663e+09,"best_train_loss":0.1719079474954934,"val_loss":0.19181527673892662,"confusion_matrix":{"path":"media/plotly/confusion_matrix_12_bd5f31e3b5b2d84a67fa.plotly.json","_type":"plotly-file","sha256":"bd5f31e3b5b2d84a67faffc95cf7532e77f22f1566e8eec1b88e8c1c898ad068","size":28791},"best_val_accuracy":0.873,"epoch":10,"best_epoch":9}