{"best_val_accuracy":0.8628333333333333,"best_train_accuracy":0.8703703703703703,"_runtime":21.2112701,"epoch":15,"best_epoch":13,"best_val_loss":0.37450753859473085,"_wandb":{"runtime":21},"val_loss":0.37211693555368514,"best_train_loss":0.36769376814386284,"_step":15,"train_accuracy":0.8715185185185185,"_timestamp":1.7412603025608733e+09,"val_accuracy":0.8623333333333333,"train_loss":0.36339023450324015}