{"_step":15,"best_val_loss":0.5329547628208041,"val_accuracy":0.8093333333333333,"_runtime":22.0421185,"best_train_loss":0.5303251528073903,"val_loss":0.5329547628208041,"train_accuracy":0.8113148148148148,"_wandb":{"runtime":22},"train_loss":0.5303251528073903,"best_train_accuracy":0.8113148148148148,"epoch":15,"best_val_accuracy":0.8093333333333333,"best_epoch":14,"_timestamp":1.7412571260571206e+09}