{"_timestamp":1.7414481381794665e+09,"_wandb":{"runtime":26},"best_epoch":4,"test_loss":0.2169823250013315,"train_accuracy":0.8828888888888888,"best_val_loss":0.20513902898932201,"best_train_accuracy":0.8828888888888888,"confusion_matrix":{"sha256":"37af640b7d678fbf9dc837737dcacc6104e5ed4085b98245feac09668356f192","size":28793,"path":"media/plotly/confusion_matrix_7_37af640b7d678fbf9dc8.plotly.json","_type":"plotly-file"},"test_accuracy":0.8646,"best_val_accuracy":0.875,"best_train_loss":0.1895547228998388,"_step":7,"_runtime":26.8312814,"epoch":5,"train_loss":0.1895547228998388,"val_loss":0.20513902898932201,"val_accuracy":0.875}