{"best_train_loss":0.1524325014423168,"train_loss":0.14649354170468495,"val_accuracy":0.8963333333333333,"best_val_accuracy":0.8963333333333333,"_wandb":{"runtime":42},"_timestamp":1.7413792723136966e+09,"_runtime":42.5736084,"epoch":20,"_step":20,"val_loss":0.33919612298221774,"best_val_loss":0.34058643440677927,"best_epoch":18,"best_train_accuracy":0.9427592592592593,"train_accuracy":0.9451481481481482}