{"_timestamp":1.7412529099653788e+09,"train_accuracy":0.8971851851851852,"best_val_loss":0.3525095957944549,"best_train_accuracy":0.8971851851851852,"best_val_accuracy":0.8803333333333333,"best_epoch":14,"train_loss":0.2881979596419377,"_runtime":25.0909099,"_step":15,"epoch":15,"val_accuracy":0.8803333333333333,"best_train_loss":0.2881979596419377,"val_loss":0.3525095957944549,"_wandb":{"runtime":25}}