{"best_train_loss":0.10227637795525271,"epoch":30,"val_loss":0.4078710810752076,"_wandb":{"runtime":561},"train_accuracy":0.9613888888888888,"best_train_accuracy":0.9611666666666666,"val_accuracy":0.8923333333333333,"_step":30,"_timestamp":1.7414261372188277e+09,"best_epoch":27,"_runtime":561.4294486,"train_loss":0.09975163583146682,"best_val_loss":0.39093881399386793,"best_val_accuracy":0.8955}