{"_runtime":33.7563269,"best_train_accuracy":0.878462962962963,"val_accuracy":0.8726666666666667,"_timestamp":1.7412718813083708e+09,"best_val_loss":0.36215902514018056,"epoch":15,"train_accuracy":0.8793333333333333,"best_val_accuracy":0.8738333333333334,"_step":15,"best_train_loss":0.34097555420305253,"val_loss":0.3649426119640316,"train_loss":0.33550823803251184,"_wandb":{"runtime":33},"best_epoch":13}