{"epoch":10,"best_epoch":8,"best_val_accuracy":0.8793333333333333,"train_loss":0.30570873706047946,"val_accuracy":0.8756666666666667,"train_accuracy":0.893074074074074,"_step":10,"_timestamp":1.7413641079507732e+09,"val_loss":0.3620634218435309,"best_val_loss":0.36418479326113645,"best_train_loss":0.3127237912697999,"_wandb":{"runtime":45},"_runtime":45.3127332,"best_train_accuracy":0.889}