{"_timestamp":1.7414573357640023e+09,"best_train_loss":0.17841010712712235,"train_loss":0.17175859682246553,"best_train_accuracy":0.884462962962963,"test_accuracy":0.8627,"confusion_matrix":{"_type":"plotly-file","sha256":"5b84a4e82bc125754b75df1220b6e8991de58b9b40d269e5c7e88168fa39d365","size":28800,"path":"media/plotly/confusion_matrix_7_5b84a4e82bc125754b75.plotly.json"},"best_val_accuracy":0.8738333333333334,"test_loss":0.20548213715613242,"best_epoch":3,"epoch":5,"train_accuracy":0.8879444444444444,"_runtime":16.0421527,"_step":7,"val_loss":0.19543169087431872,"best_val_loss":0.18968481698611978,"val_accuracy":0.8723333333333333,"_wandb":{"runtime":16}}