{"best_train_loss":0.1478916502834024,"epoch":20,"val_accuracy":0.8968333333333334,"train_loss":0.1478916502834024,"train_accuracy":0.9457407407407408,"_timestamp":1.7413810440682154e+09,"val_loss":0.3534346757496539,"best_val_accuracy":0.8968333333333334,"best_epoch":19,"best_train_accuracy":0.9457407407407408,"_wandb":{"runtime":41},"best_val_loss":0.3534346757496539,"_step":20,"_runtime":41.0141382}