{"best_epoch":18,"_wandb":{"runtime":23},"best_val_loss":0.3548045829962798,"train_accuracy":0.882425925925926,"_runtime":23.4723231,"_step":20,"epoch":20,"val_accuracy":0.8691666666666666,"val_loss":0.3548430512434865,"best_val_accuracy":0.8696666666666667,"best_train_loss":0.33260921898490753,"_timestamp":1.7414113265506911e+09,"best_train_accuracy":0.8810555555555556,"train_loss":0.3284834818083693}