{"best_epoch":19,"epoch":20,"_wandb":{"runtime":24},"val_accuracy":0.8928333333333334,"val_loss":0.3120787253096018,"train_loss":0.19274954533273192,"_step":20,"best_val_accuracy":0.8928333333333334,"best_val_loss":0.3120787253096018,"best_train_loss":0.19274954533273192,"train_accuracy":0.9278148148148149,"best_train_accuracy":0.9278148148148149,"_timestamp":1.7413956349718962e+09,"_runtime":24.2001007}