{"best_val_loss":0.36233272861150195,"train_loss":0.3369786253286991,"_timestamp":1.7412591510734818e+09,"best_train_loss":0.3369786253286991,"_step":15,"best_epoch":14,"best_train_accuracy":0.8812222222222222,"val_accuracy":0.8723333333333333,"_wandb":{"runtime":26},"_runtime":26.3636578,"val_loss":0.36233272861150195,"best_val_accuracy":0.8723333333333333,"train_accuracy":0.8812222222222222,"epoch":15}