{"best_epoch":6,"train_loss":0.25260614065108744,"val_accuracy":0.8801666666666667,"best_train_accuracy":0.8967592592592593,"best_val_accuracy":0.8865,"best_train_loss":0.28159803304762937,"_wandb":{"runtime":35},"epoch":10,"val_loss":0.34723494984172,"_step":10,"best_val_loss":0.33118177685340744,"train_accuracy":0.9068148148148149,"_runtime":35.6550646,"_timestamp":1.7413657886699865e+09}