{"val_loss":0.3598545241192271,"_timestamp":1.7414236645580466e+09,"_step":30,"train_accuracy":0.9565,"best_epoch":18,"_wandb":{"runtime":76},"best_val_loss":0.3098323983885201,"val_accuracy":0.8926666666666667,"best_train_loss":0.1683950503166592,"epoch":30,"best_train_accuracy":0.9374259259259259,"_runtime":76.1789272,"best_val_accuracy":0.8941666666666667,"train_loss":0.11535543122705158}