{"epoch":10,"best_train_accuracy":0.9086481481481481,"best_train_loss":0.24786259394509721,"_timestamp":1.7413702725445683e+09,"best_val_loss":0.32591079072109597,"_runtime":115.6023335,"val_accuracy":0.8876666666666667,"val_loss":0.32591079072109597,"_step":10,"train_loss":0.24786259394509721,"_wandb":{"runtime":115},"best_epoch":9,"train_accuracy":0.9086481481481481,"best_val_accuracy":0.8876666666666667}