{"val_accuracy":0.8571666666666666,"_runtime":13.2096001,"best_epoch":9,"val_loss":0.40822205127268674,"best_train_loss":0.3902732043463966,"_wandb":{"runtime":13},"train_loss":0.3902732043463966,"best_val_loss":0.40822205127268674,"best_val_accuracy":0.8571666666666666,"best_train_accuracy":0.8643148148148149,"train_accuracy":0.8643148148148149,"_step":10,"epoch":10,"_timestamp":1.7413680115178547e+09}