{"best_val_accuracy":0.7966666666666666,"epoch":15,"_runtime":22.0171206,"best_train_loss":0.5962935272042161,"train_accuracy":0.7954444444444444,"_step":15,"best_train_accuracy":0.7954444444444444,"_timestamp":1.7412670787845995e+09,"best_epoch":14,"val_loss":0.5862786715975828,"best_val_loss":0.5862786715975828,"train_loss":0.5962935272042161,"_wandb":{"runtime":22},"val_accuracy":0.7966666666666666}