{"_step":20,"train_loss":0.17564574099089308,"best_val_loss":0.308621122693582,"best_train_loss":0.19581807760288206,"train_accuracy":0.9353333333333333,"epoch":20,"_timestamp":1.741391096295151e+09,"best_train_accuracy":0.9281666666666667,"best_val_accuracy":0.8941666666666667,"val_loss":0.30741207527600334,"best_epoch":16,"val_accuracy":0.8925,"_runtime":22.9975651,"_wandb":{"runtime":23}}