{"_runtime":22.6897539,"best_val_accuracy":0.8766666666666667,"best_train_loss":0.16704774277628145,"_step":12,"test_loss":0.2007950119404918,"val_loss":0.18887385972209672,"_wandb":{"runtime":22},"test_accuracy":0.8664,"val_accuracy":0.8766666666666667,"_timestamp":1.741460027189702e+09,"best_train_accuracy":0.8902962962962963,"train_loss":0.16704774277628145,"epoch":10,"best_epoch":9,"confusion_matrix":{"_type":"plotly-file","sha256":"d7f230a2cc5653edc1bc2619ea8ff35477602c84af1e66705ca92c1a970523b3","size":28787,"path":"media/plotly/confusion_matrix_12_d7f230a2cc5653edc1bc.plotly.json"},"train_accuracy":0.8902962962962963,"best_val_loss":0.18887385972209672}