{"epoch":15,"_wandb":{"runtime":121},"best_train_loss":0.3432799178032732,"best_val_accuracy":0.8783333333333333,"_timestamp":1.741258879849545e+09,"best_val_loss":0.3629056369015767,"best_train_accuracy":0.8799444444444444,"best_epoch":8,"val_loss":0.36080844207996077,"train_loss":0.3157090087340723,"train_accuracy":0.8897222222222222,"val_accuracy":0.876,"_runtime":121.8711409,"_step":15}