{"epoch":20,"best_val_loss":0.3164471226440438,"_timestamp":1.7413927679435382e+09,"val_loss":0.3339591706346597,"best_epoch":15,"_runtime":28.6850812,"train_loss":0.15549632557155066,"val_accuracy":0.8923333333333333,"train_accuracy":0.9421296296296297,"_wandb":{"runtime":28},"_step":20,"best_train_accuracy":0.9324074074074075,"best_train_loss":0.1803577368873089,"best_val_accuracy":0.8938333333333334}