{"_wandb":{"runtime":24},"best_val_accuracy":0.8395,"best_val_loss":0.44614735985994153,"train_accuracy":0.842925925925926,"_timestamp":1.7412742102473488e+09,"_runtime":24.7644728,"best_train_loss":0.4454167434852719,"best_epoch":14,"val_loss":0.44614735985994153,"train_loss":0.4454167434852719,"epoch":15,"val_accuracy":0.8395,"best_train_accuracy":0.842925925925926,"_step":15}