{"confusion_matrix":{"size":28793,"path":"media/plotly/confusion_matrix_12_23c44f98983dbf391a4e.plotly.json","_type":"plotly-file","sha256":"23c44f98983dbf391a4e0bbfaccce1735fa8320cacec6cae8095d9cf15a4f29b"},"_runtime":115.5404935,"best_train_accuracy":0.8881851851851852,"_wandb":{"runtime":115},"test_loss":0.20450807055591985,"best_val_accuracy":0.8818333333333334,"_step":12,"epoch":10,"best_epoch":6,"val_accuracy":0.8705,"val_loss":0.19584006817930563,"best_train_loss":0.1751561474407835,"train_accuracy":0.8938888888888888,"_timestamp":1.741453600527614e+09,"test_accuracy":0.8674,"best_val_loss":0.18738783645706625,"train_loss":0.16537105334280103}