{"best_val_accuracy":0.8695,"epoch":15,"best_val_loss":0.36541060568751427,"best_train_loss":0.35005479973863574,"train_loss":0.34565900474229627,"val_loss":0.3684805998987456,"_runtime":25.6260549,"val_accuracy":0.8693333333333333,"_timestamp":1.7412780802706032e+09,"best_epoch":13,"_step":15,"best_train_accuracy":0.8776481481481482,"train_accuracy":0.8787037037037037,"_wandb":{"runtime":25}}