{"best_epoch":14,"_runtime":69.8970407,"_timestamp":1.7412592269007945e+09,"train_loss":0.3346091665253966,"val_loss":0.3563151950606442,"_wandb":{"runtime":69},"epoch":15,"best_train_loss":0.3346091665253966,"val_accuracy":0.8711666666666666,"_step":15,"best_val_accuracy":0.8711666666666666,"best_val_loss":0.3563151950606442,"best_train_accuracy":0.8803333333333333,"train_accuracy":0.8803333333333333}