{"best_epoch":14,"val_loss":0.41104464392768425,"best_train_loss":0.4073944813203103,"_runtime":26.339627,"val_accuracy":0.8521666666666666,"best_val_accuracy":0.8521666666666666,"epoch":15,"_timestamp":1.741266289598409e+09,"_step":15,"best_val_loss":0.41104464392768425,"train_loss":0.4073944813203103,"train_accuracy":0.856462962962963,"best_train_accuracy":0.856462962962963,"_wandb":{"runtime":26}}