{"best_train_loss":0.4505539742830398,"_wandb":{"runtime":8},"_runtime":8.9127436,"train_loss":0.4278500681870042,"epoch":5,"val_loss":0.4487816750369048,"best_val_loss":0.44080510036390014,"best_val_accuracy":0.8403333333333334,"_timestamp":1.7413661506752717e+09,"best_train_accuracy":0.8442407407407407,"best_epoch":3,"train_accuracy":0.8501666666666666,"val_accuracy":0.8365,"_step":5}