{"best_train_accuracy":0.9378148148148148,"val_accuracy":0.8895,"best_epoch":17,"best_val_loss":0.3235944343314803,"_wandb":{"runtime":28},"_runtime":28.4727283,"train_loss":0.15546561484177898,"best_train_loss":0.16792037686138728,"_step":20,"epoch":20,"val_loss":0.3351573861017841,"train_accuracy":0.9411666666666667,"best_val_accuracy":0.8931666666666667,"_timestamp":1.7414029233971334e+09}