{"best_val_loss":0.3513657266353196,"best_train_accuracy":0.9106481481481481,"_runtime":16.5428761,"train_accuracy":0.9122222222222223,"best_train_loss":0.24211226064047855,"val_accuracy":0.8815,"best_val_accuracy":0.8841666666666667,"_timestamp":1.7413907964390354e+09,"_wandb":{"runtime":16},"epoch":20,"train_loss":0.23701038716333603,"best_epoch":17,"val_loss":0.38626247076263054,"_step":20}