{"best_train_accuracy":0.9336851851851852,"train_accuracy":0.9375925925925926,"best_epoch":17,"best_val_accuracy":0.8938333333333334,"_step":20,"val_accuracy":0.8906666666666667,"val_loss":0.3272384886980823,"_timestamp":1.7413860694398851e+09,"best_train_loss":0.17777046245993908,"best_val_loss":0.3313694289114691,"train_loss":0.16631115592592105,"epoch":20,"_runtime":19.0580865,"_wandb":{"runtime":19}}