{"val_loss":0.17931800885871158,"_timestamp":1.7414495609551516e+09,"best_epoch":4,"best_val_loss":0.17931800885871158,"best_val_accuracy":0.8803333333333333,"confusion_matrix":{"size":28797,"path":"media/plotly/confusion_matrix_7_c067f77f884b464940b8.plotly.json","_type":"plotly-file","sha256":"c067f77f884b464940b8fa18df3ec5ff6266a4ab91708187d64554f172ca44f3"},"train_loss":0.16560058728658916,"test_accuracy":0.8771,"train_accuracy":0.8913518518518518,"best_train_loss":0.16560058728658916,"_runtime":21.5845098,"_wandb":{"runtime":21},"best_train_accuracy":0.8913518518518518,"test_loss":0.18433473028222674,"epoch":5,"val_accuracy":0.8803333333333333,"_step":7}