{"val_loss":0.34293616082577666,"val_accuracy":0.8901666666666667,"_step":20,"best_val_loss":0.33035472509677677,"best_epoch":17,"epoch":20,"best_train_accuracy":0.9340740740740741,"_wandb":{"runtime":19},"train_loss":0.16320255259934838,"best_train_loss":0.1761342775162046,"train_accuracy":0.939037037037037,"best_val_accuracy":0.8933333333333333,"_runtime":19.2087647,"_timestamp":1.741375875259711e+09}