{"best_val_accuracy":0.8933333333333333,"epoch":20,"best_val_loss":0.3093470755895054,"_step":20,"best_epoch":17,"train_accuracy":0.9277777777777778,"_wandb":{"runtime":23},"_timestamp":1.7414017999060774e+09,"_runtime":23.8363574,"best_train_accuracy":0.9222407407407407,"train_loss":0.19098907305016202,"best_train_loss":0.20475766903604914,"val_accuracy":0.891,"val_loss":0.3287970541302473}