{"val_accuracy":0.8916666666666667,"epoch":20,"_timestamp":1.741407984354059e+09,"val_loss":0.329339731885745,"best_epoch":19,"best_val_loss":0.329339731885745,"best_train_loss":0.1824788923886818,"train_accuracy":0.9322222222222222,"best_val_accuracy":0.8916666666666667,"train_loss":0.1824788923886818,"best_train_accuracy":0.9322222222222222,"_step":20,"_wandb":{"runtime":22},"_runtime":22.6760791}