{"_runtime":25.1084434,"_timestamp":1.7413836348350098e+09,"best_val_accuracy":0.8896666666666667,"val_loss":0.3358081108876113,"best_train_loss":0.19558011041298975,"train_accuracy":0.9276481481481481,"_wandb":{"runtime":25},"epoch":20,"val_accuracy":0.8851666666666667,"best_epoch":17,"_step":20,"train_loss":0.18719326644632195,"best_train_accuracy":0.925537037037037,"best_val_loss":0.32838936908319444}