{"train_loss":0.3344481214199094,"_wandb":{"runtime":26},"best_train_loss":0.34197803325458614,"epoch":15,"_step":15,"best_val_accuracy":0.8705,"best_val_loss":0.35966950954909854,"best_epoch":12,"best_train_accuracy":0.8791111111111111,"val_accuracy":0.8696666666666667,"_runtime":26.1652634,"_timestamp":1.7412605432834885e+09,"train_accuracy":0.8816296296296297,"val_loss":0.35878685716689007}