{"val_loss":0.33813145347468904,"epoch":20,"train_loss":0.16491862820656172,"_runtime":47.1251465,"best_train_loss":0.17074124088813714,"best_epoch":18,"best_val_loss":0.32872603196228944,"_timestamp":1.7413967836725173e+09,"train_accuracy":0.9379444444444445,"best_val_accuracy":0.8936666666666667,"val_accuracy":0.8886666666666667,"best_train_accuracy":0.9353888888888889,"_step":20,"_wandb":{"runtime":47}}